OBJECTID,MATERIAL,DIAMETER,LENGTH,PLACEDINSE,FACILITYID,Major_Road,Major_Intersection,Minor_Intersection,Minor_Road,Buildings,ROW,WaterAreas,WaterLines
1,DIP,8,728.0,2000,1,528.1216431820825,548.7110694582798,916.6960354246762,0.0,59.360008897343874,0.0,989.3979537197347,1179.5316416831877
2,DIP,8,452.0,2000,2,846.3177992956009,828.6141661970124,0.0,0.0,52.01415727721388,0.0,570.2561322548823,678.4469720010491
3,DIP,8,307.0,1998,3,309.06564007772914,295.4981992578039,0.0,0.0,47.79668551125158,0.0,950.5135650023332,585.4428509748275
4,DIP,8,417.0,1998,4,580.3497369195504,593.6491872019046,0.0,0.0,20.86946949051046,0.0,570.8274182460701,679.0432092395616
5,DIP,6,1788.0,1973,5,0.0,744.8670074158266,399.8081421704408,70.27643398950522,131.97267856352968,0.0,828.6405428839134,556.0543501401896
6,DIP,6,206.0,1980,6,474.5497406969936,758.4655347646176,683.3266146321396,624.3540936856718,287.78133521770764,450.5929936529821,1756.2265819885204,835.2489005163537
7,DIP,10,870.0,1978,7,19.06541630340977,1.35795943740694,343.04507287610966,19.066111189345275,50.24950607692805,0.0,1290.3079913255442,197.6086648746404
8, ,4,920.0, ,8,0.0,0.0,306.3025256097798,0.0,83.27449799556516,0.0,1234.9228035498124,229.93281636169587
9,CI,10,535.0,1958,9,25.5745808553402,815.3349585821829,968.2443353251837,833.0792131089198,53.74938881576337,0.0,2113.3430234767893,556.0543501401896
10, ,4,705.0, ,10,0.0,818.0672951791854,959.5828220577052,835.7831462160282,65.95075983520202,0.0,2108.0173296862195,578.2830845976098
11,CI,10,76.0,1950,11,306.10939577659104,1349.3499216078699,1478.5715257091963,1367.119958916425,30.92978181057344,311.7116755331976,2633.200957827967,1016.7291741047068
12,CI,10,45.0,1950,12,306.10939577659104,1350.2950114246091,1478.5715257091963,1368.0245430949167,53.74938881576337,314.1716920541502,2633.200957827967,1043.0635481610805
13,DIP,12,694.0,2005,13,0.0,0.0,1537.1973360787304,771.6728526486929,114.8220033101545,191.58229005971003,3460.3923433657783,382.1756408906654
14, ,6,196.0,0,14,32.662777425477955,578.4316122437544,2146.9389047305704,1258.2008499289186,332.04243540357413,734.583308170132,3931.989126804385,875.1174715089657
15,DIP,8,471.0,2010,15,0.0,546.6667627948533,1176.7851149773296,587.1930060990677,82.82724180049898,0.0,2902.944940812485,152.28918816730686
16,DIP,12,80.0,2000,16,0.0,14.828674034904736,1200.7759386870187,275.6488452601476,115.10302736815278,0.0,1656.351524490192,652.5362006640784
17,CI,6,608.0,1940,17,1219.7393410035152,1264.3842623805683,316.61463325035567,0.0,42.993380961419646,0.0,434.9708179673111,645.9136902425766
18,DIP,8,573.0,2000,18,412.66781146487193,490.5019455679145,0.0,0.0,59.99944153962371,0.0,314.87336747450604,415.5853916132624
19,CI,8,1366.0,1960,19,0.0,0.0,304.83576494418367,0.0,49.52356158092232,0.0,212.19411821013824,267.6192740649555
20,DIP,8,412.0,1998,20,298.3366068516802,280.66172640121846,0.0,0.0,15.632532664033713,0.0,315.3202659682118,415.82838769131064
21,DIP,8,462.0,1998,21,298.3366068516802,280.69049190983253,0.0,0.0,48.81458427234973,0.0,707.3650748287655,584.04993697918
22,DIP,6,19.0,1998,22,620.0949236058743,648.7836940832127,0.0,0.0,69.629226732813,0.0,865.4688738385613,945.7724836265672
23,DIP,8,343.0,1998,23,0.0,0.0,0.0,0.0,37.547242118539366,0.0,1154.4670002992489,246.879393614896
24,DIP,12,773.0,2005,24,0.0,0.0,811.3124803536926,0.147511469879361,68.55008038886774,2.026581080555684,2928.700342095722,316.03336783331565
25,DIP,12,603.0,2005,25,0.0,0.0,1175.509557385259,586.9593131658884,60.12287366982036,0.0,2900.499530543391,0.0
26, , ,289.0, ,26,489.85021769859213,551.9816607537037,338.88457479544303,0.0,57.832350493035015,0.0,2181.1801955690985,195.33085357076155
27,CI,4,614.0,1940,27,1.67962782590621,0.0,528.6349510853921,0.0,47.167298954054495,0.0,2341.084808024588,168.67367832285575
28,DIP,12,316.0,2005,28,0.0,549.195141257169,1053.9265442418573,499.4809538439081,59.54706185080308,0.0,2595.970351192603,153.1148212368878
29,CI,4,144.0,1948,29,0.0,136.2127454156578,1012.8256869018948,260.6569251567688,2.525960150606297,0.0,1537.3753235958775,476.6083293266392
30,CI,6,260.0,1948,30,0.0,41.37104458199121,1042.475867118361,236.58510474912248,89.04073749986748,0.0,1456.3684340750783,516.529866522123
31,CI,6,29.0,1940,31,0.0,41.37104458199121,1163.6147855996808,236.58510474912248,96.11455608304823,0.0,1588.9719877229863,625.4315975239115
32,DIP,6,64.0,2005,32,4.289001411480802,12.691327159954412,1163.6147855996808,264.978070718368,96.11455608304823,0.0,1613.0103258616048,625.4315975239115
33,DIP,12,1079.0,2005,33,0.0,0.0,1000.8288307613776,178.63783159584523,48.96201675301814,0.0,1565.8219473032148,218.36879943136424
34,DIP,4,195.0,2005,34,0.0,783.1078707668189,1255.68432933998,681.6680225656727,6.003183732572605,259.0133828494372,749.8705390277704,689.8598654861038
35,DIP,12,316.0,2005,35,0.0,0.0,1283.4369526014189,0.0,31.79772527004864,7.120352829313147,1182.8233287933188,739.613994076625
36,CI,8,344.0,1960,36,0.0,206.1440931309128,689.6762365412717,223.91587505248253,42.812242467809575,0.0,109.75290630876228,199.5531015946761
37,CI,4,556.0,1940,37,0.0,0.0,537.9761793559511,11.855621592179688,45.33998533857782,0.0,109.75290630876228,199.5531015946761
38,DIP,8,104.0,2000,38,0.0,0.0,433.35386526926175,0.0,60.20257999019415,0.0,293.40449212347727,388.01120969203663
39,DIP,8,456.0,2000,39,68.27127589388212,51.313762649106806,0.0,0.0,23.826601583950808,0.0,265.9538057769855,388.01120969203663
40,CI,4,7.0,1960,40,0.0,0.0,532.5679108974781,6.501338118949644,67.81345411123863,0.0,357.04589077801256,430.0457338434666
41,DIP,12,2054.0,1973,41,0.0,0.0,0.0,0.0,5.147282842363604,0.0,1277.3617233757172,0.0
42,DIP,8,336.0,2005,42,0.0,0.0,1134.7437642530626,0.0,35.79617941812269,0.0,3316.440480443104,819.5450035141806
43,CI,4,134.0,1940,43,21.984762042799424,6.625989239170856,988.038939021297,0.0,44.52859045554264,0.0,3164.8602954564008,971.5279432413033
44,DIP,4,24.0,2005,44,2.698712561064264,0.0,1121.620697974038,0.0,50.082518129639205,0.0,3297.1979860612632,1047.197259007895
45,DIP,8,528.0,2005,45,0.0,0.0,652.0969880070584,2.208994087667489,25.05077313505412,0.0,2817.3389035495716,476.0084616153947
46,DIP,12,188.0,2005,46,0.0,0.0,652.0969880070584,0.0,71.64616613989831,0.0,2817.3389035495716,394.8092301330698
47,CI,4,26.0,1940,47,0.0,0.0,795.1586768136912,0.0,75.13389837018146,0.0,2905.8300827582875,373.4443250618649
48,CI,2,276.0,1930,48,381.6584705193048,619.8669881987773,0.0,0.0,38.52374070220547,0.0,1902.8702953239408,280.84305414990285
49,DIP,4,362.0,2008,49,381.6584705193048,588.0823293987659,0.0,0.0,47.78459454309579,0.0,2171.988673305851,295.15576120021854
50,DIP,8,640.0,2000,50,7.201404343222978,33.486673864389616,930.0077465659565,16.036792953472112,51.24978199220112,0.0,984.4950022306876,301.58010142180734
51,DIP,12,1080.0,1984,51,0.0,295.7214197143901,1134.3333288027889,293.239121373396,25.7671073041564,2.541064898336356,730.420530088946,680.1727610156133
52,CI,6,762.0,1948,52,0.236183110609287,300.1366992104747,915.6236247471072,359.40992297117066,78.78688316398107,0.0,1199.3785520351037,349.9609594506554
53,CI,4,451.0,1940,53,654.8158722394209,637.1712038082218,0.0,0.0,17.859494546823896,0.0,47.143220265293365,782.8799474049542
54,CI,4,563.0,1940,54,323.4774976892768,306.280643910016,0.0,0.0,20.1789428663504,0.0,308.1517785824007,735.5656525879816
55,CI,4,529.0,1940,55,319.0444722397685,305.97205415976066,0.0,0.0,52.51364530304143,0.0,422.32002132935855,643.5400062302347
56,CI,6,292.0,1940,56,29.5498775142762,16.750559742142457,0.0,0.0,33.00562017403273,0.0,306.63533280009943,529.2586306420006
57,CI,4,130.0,1940,57,319.0444722397685,302.25323897191026,0.0,0.0,125.35522958444245,0.0,306.63533280009943,529.2586306420006
58,CI,4,262.0,1945,58,9.724296971545654,0.0,374.0282360954836,0.0,47.42590070614772,0.0,365.5814448119745,523.6518229468059
59,CI,8,259.0,1940,59,8.526007648752989,0.0,333.99001643361805,0.0,34.08257875350181,0.0,330.080982176378,484.1983698699184
60,CI,12,113.0,1940,60,0.0,0.0,271.81068529125207,0.0,24.355914748299835,0.0,464.00508910715575,660.4110716177128
61,CI,8,670.0,1940,61,0.0,13.221836666611026,439.693703956736,22.980897504992313,33.70949658325392,0.0,107.80443701281813,188.71496839903267
62,DIP,6,310.0,1980,62,6.235388910043493,0.0,201.5577729560891,209.01519498996544,42.92656781523647,19.656930338058796,1161.2200866365467,445.6952488156701
63,DIP,6,25.0,1980,63,315.9536601403421,299.6317582772796,416.38085692172734,378.77974859545094,19.64517768459979,329.4677737469204,1141.6815595172277,424.648355445018
64,DIP,12,159.0,2005,64,7.475756598605901,0.0,977.3344176112008,0.0,45.694905373363994,0.0,3123.6321794310447,1355.3067266062963
65,DIP,8,739.0,2005,65,2.683707759803226,0.0,1125.655073434344,0.0,35.641975566809684,0.0,3269.266884534574,1062.0884117838093
66,DIP,12,1033.0,2005,66,85.57737036115745,139.43679940828872,0.0,0.0,7.443742769690603,0.0,2096.2731396804656,386.3539502988946
67,DIP,8,119.0,2005,67,384.4428968883174,399.8084304294118,390.1761883547163,0.0,14.092721510390788,0.0,2530.5484770084768,755.7731307412135
68,DIP,12,241.0,2005,68,0.0,13.70870283108188,0.0,0.0,13.61726948437664,0.0,2089.6743430903325,316.640668360867
69,DIP,12,131.0,2005,69,0.0,47.49744995962572,75.16601144026413,30.155999318088803,37.12906539366881,0.0,1988.4939347961251,284.46345168407913
70,DIP,12,15.0,2005,70,0.0,10.600441982526732,110.37687896539904,0.0,64.87146886003248,0.0,2077.4606410771657,302.5405468412304
71,DIP,12,48.0,1995,71,0.0,0.0,164.793608046063,0.0,64.27620252836356,0.0,2109.445487622485,325.99124403431176
72,DIP,12,93.0,2005,72,0.0,0.0,97.71900319558627,0.0,62.27399591085455,0.0,2056.9555266142524,291.9776815972216
73,DIP,8,65.0,2005,73,0.0,22.667709825182225,207.17774370356943,0.0,59.000053422629165,0.0,2107.4297702084655,317.74334491780434
74,DIP,12,1068.0,1995,74,0.0,0.0,207.17774370356943,13.917522367286416,38.61874622507842,0.0,2135.854096864515,349.72347490111724
75,DIP,8,599.0,2005,75,38.95124035091635,65.87839435779563,0.0,0.0,51.85755969964856,0.0,2107.4297702084655,316.26970801847483
76,DIP,8,570.0,2005,76,32.69898340516482,33.486673864389616,568.8828185327408,2.370557902306969,26.81115038665653,0.0,984.4950022306876,133.0787918903978
77,CI,8,115.0,1948,77,0.0,0.0,912.840897884984,15.177178098271368,101.49060018106276,0.0,869.7426296085614,301.58010142180734
78,DIP,12,222.0,1972,78,0.0,0.0,788.8981651169856,0.0,20.224869930388095,0.0,653.9482814924554,331.7257247007189
79,DIP,12,376.0,1984,79,0.0,0.0,788.8981651169856,0.0,52.32279659335311,0.0,653.9482814924554,391.6188473012895
80,CI,4,365.0,1940,80,0.0,0.0,0.0,0.0,46.58619772509146,0.0,236.62830927590005,856.1946729256687
81,DIP,12,494.0,1990,81,22.040188122083617,4.414578630783048,280.00269080169915,0.0,35.18160280845144,0.0,476.20689291964607,899.3639963722013
82,CI,4,457.0,1940,82,323.4774976892768,306.280643910016,0.0,0.0,24.7773399507984,0.0,236.7746701047364,950.8983176136794
83,CI,4,327.0,1940,83,328.39326365391963,310.69157706215674,0.0,0.0,25.85664222550019,0.0,47.143220265293365,782.8799474049542
84,DIP,8,523.0,1980,84,1.479735876869516,0.0,280.96037352357166,0.0,27.948630056087836,0.0,528.2133247340716,849.616182962661
85,CI,4,436.0,1940,85,294.6248983656836,276.934940767153,0.0,0.0,57.48752417124796,0.0,716.3012827164433,776.8194125648091
86,DIP,8,619.0,1980,86,4.333570485913802,0.0,276.43770199427087,0.0,30.442771778535214,0.0,522.4403662338972,705.0599310937375
87,DIP,12,652.0,1990,87,9.715100339160442,0.0,280.43499824652923,0.0,64.90445043071935,0.0,478.0893762650173,671.6078316631515
88,CI,4,106.0,1940,88,0.0,24.985366000207332,284.9925550013763,42.29852308246768,58.96732638789425,0.0,899.2540113646354,557.3671826486942
89,CI,4,30.0,1940,89,0.0,0.0,284.9804654030347,12.814903734310084,102.00255625259862,0.0,982.5341491555059,532.5739915241263
90,DIP,12,310.0,2000,90,0.0,0.0,0.0,0.0,61.06639187539605,0.0,900.2916197443537,526.9844555243753
91,DIP,12,623.0,2000,91,0.0,0.0,281.7615362652962,0.0,120.87077778941912,0.0,732.5244513652883,265.2606539098779
92,DIP,12,222.0,2000,92,250.272788743072,276.5948475008992,0.0,0.0,29.32442108690869,0.0,733.478395106755,664.4344191597901
93,DIP,12,275.0,2000,93,47.849981619261136,33.63273761461609,151.51958568004738,0.0,24.355914748299835,0.0,542.199180308836,664.4344191597901
94,DIP,12,996.0,2000,94,3.313196251338827,0.0,53.605390739658574,3.321299331002316,42.44227526608165,17.760085336170476,732.5244513652883,0.0
95,DIP,6,321.0,2008,95,0.0,184.5754197692684,402.60898094572184,202.01688712268012,18.709728899770017,353.6463725221747,1683.1931466218612,969.0406358371569
96,DIP,6,310.0,2008,96,273.05561727668095,258.10538969244647,615.0338942704615,275.7552791833764,35.95047623699948,357.93903165588944,1874.094809782748,1169.2740707462144
97,CI,12,821.0,1970,97,4.020008945376889,0.0,158.55339037982176,0.0,44.31519879620682,19.48271603611608,1311.1952965877983,603.9944445249066
98,CI,12,207.0,1970,98,4.669799876823681,219.57590233522407,269.7622805349435,181.79800436325064,2.061165267997238,320.22464394617987,1578.9029235600349,854.8977042026376
99, ,12,35.0, ,99,5.360032114712279,246.11215484376856,461.87017931599866,316.5247642823339,108.38212598646392,238.5865030625606,1566.8532400767451,856.4307788675706
100, ,12,35.0, ,100,5.420889137808138,230.8652908272056,473.9938130064656,331.9072025755773,93.92522182544447,223.33753450542753,1553.7270752953627,844.0785722605816
101,DIP,12,937.0,2002,101,1.808954024230428,0.0,310.98875486125064,0.0,45.01084040884454,712.5368838986573,1987.8496874056864,954.3256856000986
102,DIP,12,755.0,2005,102,0.0,0.0,1123.5328536627692,0.0,29.82222177435002,0.0,3270.0387042404072,1496.7561935246667
103,CI,4,635.0,1940,103,150.11511876651136,252.3136771271137,0.0,0.0,41.26466478407704,0.0,2120.8580132715097,456.53895956376834
104,CI,8,16.0,1940,104,138.9383287926221,252.30226265579049,60.53925327221704,0.0,51.580656658820274,0.0,2105.4171411399047,445.7127599873989
105,DIP,12,84.0,2005,105,0.0,178.13805328272807,88.79380061463429,105.29782615186213,45.71064145988264,0.0,1926.0817710332308,282.9392201298599
106,DIP,12,1269.0,2005,106,0.0,0.0,158.2952205845096,0.0,32.16130903554957,0.0,1100.5332139783727,272.22024219038224
107,DIP,12,432.0,1972,107,0.0,0.0,263.9808493956276,0.0,22.350868054171283,0.0,886.9781032401379,207.09914990422476
108,DIP,12,803.0,1972,108,1.247231032978451,0.0,259.79610124333243,0.0,86.99477385669469,0.0,835.0612369643976,0.0
109,DIP,12,1109.0,1990,109,0.0,0.0,282.9842659954681,0.0,32.741291065258686,0.0,113.86816800029113,299.4628378040596
110,DIP,8,679.0,1980,110,0.0,0.0,452.7544678720661,350.2594550049015,31.478106293715097,0.0,163.70724105399407,330.15518635744405
111,CI,4,499.0,1940,111,0.0,0.0,14.907232898870916,0.0,41.53879553291556,0.0,305.31352941260167,548.9132817361361
112,DIP,8,353.0,1980,112,1.393506672363902,0.0,282.75994246723076,0.0,56.505517730619566,0.0,428.6490607336439,660.28052222837
113,CI,4,298.0,1940,113,0.0,0.0,277.9361346983936,0.0,30.161131455941756,0.0,333.27988128241094,479.5299064468028
114,CI,4,349.0,1940,114,0.0,28.703695296196024,0.0,0.0,25.637651857781265,0.0,292.3816205033607,475.4240850281396
115,CI,4,507.0,1940,115,4.635250260863827,0.0,0.0,0.0,27.229242027341055,0.0,305.31352941260167,548.9132817361361
116,CI,4,298.0,1940,116,0.0,0.0,277.59797267094666,0.0,39.06173442080598,0.0,620.6973140903508,632.0517497256516
117,DIP,12,1140.0,1973,117,0.0,0.0,177.90967333973387,0.0,34.90523543355717,0.0,1090.0589453627922,635.5958527570857
118,DIP,6,463.0,1980,118,2.412767138255106,265.47664697883766,720.2624909468241,241.8375292497384,5.73771063573521,0.0,1113.4713425553819,479.193424844022
119,DIP,8,36.0,2005,119,1.626615084868439,0.0,1095.021762849524,0.0,86.97691427244445,0.0,3370.0586095063,1748.7110902919615
120,CI,4,436.0,1940,120,347.3616359453914,593.4449028465473,589.1496329993624,407.35751324822365,414.609771047188,256.26182600178083,2660.9811380263177,1624.4048734915903
121,CI,4,393.0,1940,121,30.070203375924248,13.245396444837851,701.7675634800855,0.0,68.24721704143785,8.178923068613184,2992.630289674481,1435.4084338128648
122,CI,4,254.0,1940,122,586.2901980466896,568.6636119196368,0.0,0.0,40.93240965402824,0.0,2012.8687965481415,1318.1861078716688
123,CI,4,729.0,1940,123,423.39000634410166,405.7295977268529,0.0,0.0,28.569992896050728,11.512209623611794,2309.7179052613014,970.1125468657184
124,CI,4,569.0,1940,124,321.4885794081002,304.5236598961946,0.0,0.0,42.88690910680149,0.0,1406.3084722349836,766.2093449607198
125,CI,4,564.0,1940,125,434.48094291860946,431.42731728775743,0.0,0.0,23.54042985678192,0.0,1565.667824006536,896.576958805718
126,CI,4,232.0,1940,126,323.13477656976806,305.42725528615546,0.0,0.0,48.44235158284551,0.0,1406.3084722349836,766.2093449607198
127,CI,4,257.0,1940,127,185.51921823531313,174.70819099637822,0.0,0.0,23.79135218956604,0.0,1397.5521859544713,696.3435032710584
128,CI,4,792.0,1940,128,375.63295262532193,419.2378252006541,0.0,0.0,23.561794460157568,0.0,1578.4580502251436,814.8856090142502
129,DIP,12,481.0,2005,129,0.0,0.0,291.620200437274,0.0,48.97136849121044,0.0,846.8159848310634,205.27760681226272
130,DIP,8,38.0,2005,130,0.0,0.0,253.73170026598115,0.0,57.62858735746276,0.0,1199.0831687402472,656.3249446387284
131,CI,4,425.0,1940,131,19.9758863823986,8.639759577313711,0.0,0.0,33.50146184961313,0.0,1150.649074659944,441.1021619085423
132,DIP,12,302.0,2005,132,0.0,0.0,426.5557980993872,0.609146207064298,55.08988947424503,0.0,846.8159848310634,205.27760681226272
133,DIP,8,35.0,2005,133,0.0,0.0,391.8180188971075,0.0,61.73181654780981,0.0,1132.1851611619152,414.9058706072457
134,DIP,8,37.0,2005,134,0.0,0.0,381.6163580502636,0.0,9.080163921205973,0.0,1268.7706776029368,529.184827094045
135,CI,8,30.0,1930,135,0.0,0.0,233.0081175821205,0.0,52.364731183719314,0.0,631.5399428680475,138.63238509742925
136,CI,8,317.0,1930,136,0.0,0.0,263.13413696980894,0.90312931670306,50.89852563447237,0.0,634.8545666997356,136.84193997098748
137,CI,8,1087.0,1930,137,0.154938419456295,169.81127045495447,944.0251337538164,491.971469456378,40.6973164389624,0.0,0.0,0.0
138,CI,4,75.0,1930,138,2.487935339997853,288.1728830258665,1344.4580833122347,792.8398005728812,22.55619108228241,0.0,125.55475266025728,281.296370084488
139,DIP,12,221.0,2006,139,0.0,0.0,995.7748491228333,373.43235726730416,20.616434990890006,0.0,14.728538889535098,130.53534010772424
140,DIP,6,47.0,1990,140,0.0,28.693073334189428,1057.495905926626,420.5553432899681,1.331977207694855,0.0,131.30938504168543,254.41099734787977
141,CI,8,195.0,1930,141,0.0,159.58959564062548,1181.2776149039491,558.6452964430406,51.4915960653282,0.0,0.0,0.0
142,CI,8,254.0,1930,142,0.0,77.33615401282596,1068.1247415210637,684.5251340668984,37.27032137042216,0.0,0.0,49.062665754014375
143,CI,8,199.0,1930,143,0.0,35.5268475204131,1059.520888059653,863.236853240378,33.55586727931719,0.0,169.17064717389707,280.04643386952864
144,CI,8,51.0,1930,144,0.0,26.991268111138496,1053.5548091237529,843.2986897476359,35.396446340190124,0.0,144.63038106397343,254.6198352082405
145,DIP,6,118.0,1970,145,0.0,0.0,581.7794050784033,0.0,65.6709105138744,0.0,5.048792994187557,341.85175280990944
146,DIP,8,182.0,1970,146,104.58045055716035,86.84472739985976,460.67789248037934,0.0,27.947994561852287,0.0,0.0,347.3536447067669
147,DIP,8,30.0,1970,147,273.39484546253465,255.66386055770076,460.67789248037934,0.0,15.480653188404917,0.0,34.06501757709265,320.1413117988321
148,DIP,6,126.0,1970,148,512.7138867007502,494.95745987751366,191.34103686254977,0.0,0.0,0.0,197.09124883930772,333.32875582739484
149,DIP,6,131.0,1970,149,422.106888813014,404.366869359905,246.72499875574104,0.0,0.0,0.0,179.07418541327164,328.06553344801773
150,DIP,6,362.0,1970,150,283.84928172102786,266.12806564374995,287.3409924973964,1.001419534729147,5.501403885393485,0.0,37.96556256382751,316.0614145146954
151,DIP,12,1039.0,1973,151,0.0,0.0,1040.6173022521657,0.0,116.89300954235506,0.0,549.9808830679367,592.8379652221396
152,DIP,6,581.0,1990,152,0.0,123.4895004606478,1119.423269748686,0.0,54.23080926206561,0.0,522.878626295033,563.6883192634773
153,DIP,6,234.0,1970,153,167.11061760955383,533.7286714701604,550.4178438700666,164.87683062736133,276.3607575820299,206.5003982926532,3325.800756857795,3020.994343588015
154,DIP,12,1333.0,2005,154,0.0,0.0,271.5440792869251,0.0,46.91214175773963,0.0,2918.392630071063,1777.103544269277
155,CI,4,1340.0,1940,155,0.0,126.19864818553341,220.6658214470609,0.0,45.37755327232039,0.0,2259.063794205786,1185.8089444737636
156,DIP,2,354.0,1996,156,0.0,0.0,274.18829749708726,0.0,29.826487521128723,0.0,2484.584810326354,2150.351099313041
157,CI,6,424.0,1940,157,29.39869226287184,12.197203195551417,0.0,0.0,39.11072268965175,0.0,1918.7504588817249,1615.4171212457
158,CI,4,533.0,1940,158,453.092534850121,436.09005347728606,0.0,0.0,90.15698769485785,0.0,2188.858600213729,1619.8167725690687
159,CI,4,157.0,1940,159,453.6301309188284,436.0356848765626,0.0,0.0,58.316448140709056,0.0,2146.804299791404,1547.982545608394
160,CI,4,166.0,1940,160,586.2707855751992,568.6125260805887,0.0,0.0,7.714678816322392,0.0,2008.1983956945787,1394.9609696631587
161,DIP,12,253.0,2005,161,0.0,0.0,186.59365980076163,0.0,56.35462941880917,0.0,1584.7209924976753,1233.2398269207526
162,DIP,12,32.0,2005,162,0.0,0.0,186.42257894399697,0.0,56.35462941880917,0.0,1699.6130951500638,1201.5395486146017
163,DIP,12,292.0,2005,163,0.0,0.0,187.68020344651433,0.445976923664211,45.02469385312397,0.0,1433.566064308161,918.5777696804403
164,CI,8,51.0,1940,164,0.0,0.0,138.07024252524533,5.113918685772379,34.19367026058898,0.0,1693.1610926256762,1194.733395701546
165,CI,4,180.0,1940,165,39.01448880368926,25.63260084661565,0.0,3.357770745831675,32.81319656372113,0.0,1715.598307420832,1209.5316516824876
166,CI,4,397.0,1940,166,233.5510311257883,216.67107925000704,0.0,0.0,29.2226218973018,0.0,1805.869992035854,1265.7605886320428
167,CI,4,102.0,1940,167,219.32268535884376,202.46403238258364,0.0,0.0,29.689968297361997,0.0,1799.1336680017005,1262.1036402090597
168,DIP,6,389.0,1980,168,281.43491851014454,285.47949101941083,0.0,0.0,10.886681861236813,0.0,1115.8303183165567,734.3117371781165
169,CI,6,310.0,1940,169,288.2466509172877,284.97221166209766,0.0,0.0,10.886681861236813,0.0,1041.8507466834467,591.4072371034431
170,DIP,12,265.0,2005,170,0.0,0.0,291.9583865350261,3.877459981498216,48.23425611263869,0.0,1208.079409233879,666.6584526183497
171,CI,4,423.0,1940,171,22.041274606356495,5.449658011611291,0.0,0.0,37.236086966394346,0.0,655.1075881906519,168.51345605869668
172,CI,6,398.0,1930,172,0.0,0.0,475.4887378342386,0.0,29.18846262244945,0.0,537.1781371557669,229.21371788045
173,DIP,6,338.0,2005,173,288.016329010516,285.55221355491244,0.0,0.0,25.16171615376641,0.0,850.4274049116045,440.81740136906336
174,CI,8,75.0,1930,174,0.0,0.0,398.57374748876595,2.134711563374696,68.93282317961226,0.0,538.2074574289664,215.3907521256033
175,CI,8,337.0,1930,175,0.0,0.0,452.0501172199411,41.63897755676618,99.36129018819295,0.0,266.5494695297029,0.0
176,CI,8,517.0,1930,176,0.0,0.0,218.71507906901277,0.0,38.20614733819833,0.0,530.8684194999707,138.4281792144423
177,DIP,6,393.0,2005,177,0.0,0.0,7.651758100699162,0.0,27.859936247285855,0.0,560.2115783808965,201.89959127749236
178,DIP,6,93.0,2005,178,203.33185348784573,233.32530727623748,0.0,0.0,54.1883636433089,0.0,765.0090427835155,356.79903363840515
179,CI,8,495.0,1930,179,0.0,0.0,473.76059267639704,65.35266439973756,25.84340874155632,0.0,257.6605199783643,228.78729738936408
180,CI,8,214.0,1930,180,9.263238649447835,0.0,981.0010291609357,574.9480484361916,2.301832969096557,0.0,96.32160895598832,422.4277924916181
181,CI,8,59.0,1930,181,198.2059771994986,206.13310540167447,921.9095663778272,516.0620902780661,28.89300878776288,0.0,96.32160895598832,376.4383800599674
182,CI,8,215.0,1930,182,15.13000120768662,209.51193836352508,921.8781051807888,491.971469456378,43.768750620327125,10.766394914794107,108.6065377965392,247.2744716028512
183,CI,4,136.0,1950,183,2.02980034958856,7.472200718711072,1470.3995321517505,835.9504889480093,17.828524327826702,0.0,251.53084609768692,622.8556373808801
184,DIP,12,472.0,2000,184,0.0,0.0,909.2318692954893,507.9871800544301,12.337171859584693,0.0,138.13247204712843,266.83215868859656
185,HDPE,14,91.0,2013,185,0.056368324038406,179.79754987448135,1061.4322594641856,516.2155784687723,90.80165120338737,0.0,107.8282576329182,184.45910470031572
186,DIP,12,265.0,2000,186,0.0,0.0,724.4609888382593,238.12658924632268,21.09795690627472,0.0,141.24224928578352,275.35489979036925
187,DIP,12,319.0,2006,187,0.0,0.0,724.4609888382593,237.37837896570545,18.27186444143536,0.0,141.51837159565994,276.58110259932243
188,DIP,12,145.0,2000,188,0.0,0.0,647.9530186526312,94.060180551218,9.511246897260596,0.0,124.61006918871848,276.0988398542528
189,DIP,8,40.0,2006,189,0.0,1.941902434174807,736.4277789812346,198.59286310446168,19.05411500310185,0.0,173.86362561871263,318.4259636695431
190,DIP,6,22.0,1990,190,16.750710062715275,15.049015146368292,736.4277789812346,198.59286310446168,10.35651102696527,0.0,173.86362561871263,318.4259636695431
191,DIP,6,170.0,1990,191,11.199889075278207,15.049015146368292,662.932373101516,34.46003328718881,14.891345747587238,0.0,163.4589695623365,318.4259636695431
192,DIP,6,114.0,2000,192,0.0,0.0,610.0485674789081,0.0,7.490936619798688,0.0,101.82054525661506,287.55198581879364
193,DIP,8,472.0,1970,193,111.4703112859978,93.75583783298451,161.83764817390795,55.11369265363884,0.0,79.07962034121398,0.0,288.45789757280767
194,DIP,6,173.0,1970,194,0.0,0.0,494.1071185458591,6.782504573797556,15.889610400783106,0.0,34.85446036408356,288.45789757280767
195, ,4,428.0, ,195,606.6639572834553,588.9163069764065,236.36338939818657,0.0,55.401535202198254,0.0,190.62489404830248,323.3394387718273
196,DIP,12,915.0,2002,196,733.1377389318147,1091.2109205839683,1113.9526139162047,721.8413901638803,840.5262937443118,763.7377993614042,2925.531622523199,2805.4453325449326
197,DIP,8,120.0,2002,197,889.4843150160132,1270.1246248301231,1214.2004581237657,939.8034222321171,948.8918163905374,964.26841323986,3313.888766172264,3222.917926008806
198,DIP,6,1756.0,1960,198,18.88507509742156,74.13685169121909,292.0811485993503,3.312405489283516,57.88315687835031,0.0,2720.4987155082254,2558.6625082398423
199,DIP,12,1098.0,2002,199,8.353050689519664,0.085862868612729,280.84695477746453,0.0,57.68038112090591,0.0,2923.118320642101,2719.8723877766365
200,DIP,8,344.0,1983,200,279.22092212962644,264.05508646726526,0.0,0.0,34.37652202685927,0.0,2612.977640024252,2792.770658434726
201,DIP,8,274.0,1980,201,10.538091530891414,0.0,0.0,0.0,59.47662698345494,0.0,2731.6919266497034,2727.0414824156715
202,DIP,8,309.0,1983,202,316.7658640204678,299.85463264177446,0.0,0.0,18.389005970930047,0.0,2184.073594647935,2410.467450213863
203,DIP,8,279.0,1980,203,38.03590090335963,23.579411963155856,0.0,0.0,13.548374549033896,0.0,2315.613155706884,2488.1881866368967
204,DIP,8,465.0,2019,204,279.22092212962644,264.05508646726526,0.0,0.0,39.76117941900776,0.0,2315.613155706884,2576.508746264015
205,DIP,12,439.0,1995,205,3.413082944926033,0.0,165.41495751340204,0.0,17.196058720302318,0.0,2139.990688241627,2173.7952883684247
206,DIP,12,531.0,1995,206,3.413082944926033,0.0,231.25865102878504,0.0,29.826487521128723,0.0,2484.584810326354,2456.9572025893926
207,DIP,8,422.0,2019,207,201.60947298797865,184.06253667550084,0.0,0.0,47.30377236278311,0.0,1788.1258717164535,2045.3769682946668
208,DIP,8,197.0,2019,208,5.008476340065469,0.0,0.0,0.0,40.57046496850205,0.0,2014.7239389171064,2169.931074182199
209,DIP,8,852.0,2019,209,5.769165645169606,0.0,0.0,0.0,30.397504106235687,0.0,1407.0829462724282,1609.3375497716177
210,DIP,4,57.0,2019,210,86.76051024815888,69.5161037134077,83.20269239007241,0.0,28.55384856245973,0.0,2041.851995341636,2161.638916463276
211,DIP,12,366.0,1995,211,5.001656090101883,0.0,165.40531006441063,0.0,5.880327747529511,0.0,1874.1432357071265,1856.2127266173295
212,CI,8,442.0,1940,212,0.0,0.0,399.0520426947608,0.0,49.26912784367772,0.0,1091.5924795103574,1372.7418698353845
213,DIP,4,340.0,2000,213,0.0,0.0,396.3167796454361,0.0,13.13815940316495,0.0,1157.350742749814,1456.5624195533508
214,DIP,6,160.0,1995,214,0.0,0.0,462.7874210888055,25.121876120153,42.526969685526055,0.0,1422.6732377697745,1445.0274190008577
215,DIP,8,70.0,1995,215,4.856947036016731,179.15680573249853,469.0258924794916,189.01363059581263,2.445038599870571,5.425098058797551,1380.078713711002,1300.8330743852755
216,DIP,8,65.0,1995,216,0.0,0.0,408.70249098714584,184.0650646370312,71.6470267334194,0.0,1538.0229546219211,1384.6695585409695
217,DIP,12,531.0,1995,217,0.0,0.0,380.2282271314481,6.598050343149767,19.315383122182023,0.0,1535.4338783316823,1432.7140461653592
218,DIP,8,629.0,2013,218,0.0,0.0,0.0,0.0,36.52624668080031,0.0,615.9927932072095,953.7403702316784
219,DIP,8,164.0,2000,219,298.18822724207075,280.50611521507955,0.0,0.0,49.171395620380395,0.0,870.1835196679056,1243.5655605062486
220,DIP,8,252.0,2000,220,246.58323010208127,246.09301827887833,144.5503370456219,0.0,15.307801078936006,0.0,977.3192260990752,1325.5828809222455
221,DIP,12,730.0,1995,221,0.0,0.0,272.2590659945745,0.0,5.211712292554343,0.0,1124.8943345531386,1050.356331673894
222,CI,8,292.0,1938,222,0.0,0.0,482.3738154024072,0.0,35.11275505140133,0.0,671.4304264295589,956.5727805853674
223,DIP,8,529.0,2013,223,0.0,0.0,0.0,0.0,29.42214505781522,0.0,649.0924356642216,1005.6093985735185
224,DIP,12,340.0,1995,224,0.0,0.0,470.32673011844366,0.0,24.120641554837192,0.0,883.7766475918838,618.7380621709019
225,DIP,12,519.0,1995,225,0.0,0.0,271.9813295546891,0.0,20.59238046881331,0.0,949.4195990607486,953.0561540704173
226,DIP,6,514.0,1980,226,0.257189516008206,0.0,0.0,0.0,22.584234146108127,0.0,881.8925400315486,613.4215078709946
227,CI,8,718.0,1938,227,0.0,0.0,558.1145188761063,279.86451922013396,10.672088696573262,0.0,931.3846624799551,955.9691375326815
228,CI,4,342.0,1938,228,0.0,0.0,1070.72035714793,297.18172641487376,38.69099840907231,0.0,638.8559878601466,869.5010844070526
229,CI,12,333.0,1938,229,0.0,0.0,1098.2590996491972,302.1740284958521,20.821105332758453,0.0,634.9569095722352,887.7524954195851
230,CI,8,44.0,1930,230,0.0,0.0,1063.4021986655289,554.3804845263827,20.59449270102139,0.0,631.5433022517477,864.3652012048329
231,CI,12,360.0,1930,231,0.0,0.0,1021.032593825618,581.5454073158824,7.745061972129608,0.0,288.6787772777844,609.1230450847347
232,DIP,8,590.0,1980,232,0.0,0.0,473.0737403487946,0.0,21.9488798683264,0.0,639.4265748630993,619.1032968265732
233,CI,8,326.0,1950,233,0.0,0.0,1445.4784436629038,0.0,27.186208490558336,0.0,600.0223878294212,674.1112699143014
234,CI,8,523.0,1950,234,0.0,0.0,1222.1463829069708,292.9337947715469,13.0133106607215,0.0,702.9983417926552,844.6684196293721
235,CI,8,54.0,1950,235,0.0,0.0,1670.9597040771703,291.4222175847059,15.384057520764015,0.0,650.5937477327852,791.4959407778177
236,CI,8,292.0,1950,236,0.0,0.0,1616.0616310806474,292.2042574950561,38.6636862627689,0.0,373.9197559994362,503.17718629321064
237,CI,8,486.0,1930,237,0.0,0.0,1106.5289572637616,597.4460997846152,18.104801719321777,0.0,560.6988296556093,891.6274353700995
238,CI,8,363.0,1930,238,0.0,0.0,1529.6287303299105,622.3506648327152,15.354095150002818,0.0,387.4772280869936,553.1901519189718
239,CI,4,83.0,1950,239,2.02980034958856,91.64506867655088,1509.565301229334,761.0199316375798,1.031608560796896,0.0,386.98666593945416,750.225800276003
240,CI,4,272.0,1950,240,0.0,0.0,1358.057405641944,293.55895515355377,49.30033801674839,0.0,334.5406070885666,450.5236248245134
241,DIP,16,925.0,1970,241,6.649140825486449,115.60751846013018,1015.2652334539284,103.62268667084044,19.766371459529708,0.0,0.0,0.0
242,DIP,16,226.0,1970,242,0.0,0.0,1436.960221331655,365.7533721852592,45.239854582222954,0.0,288.72641191465226,431.5575047199024
243,DIP,8,279.0,2000,243,0.0,0.0,1497.4949133445134,365.12764157225934,8.193315033679381,0.0,280.78914448461813,434.5815362772751
244,DIP,14,72.0,1960,244,0.0,0.0,1608.644548916064,423.593086105514,67.21014643648871,0.0,339.581245657559,463.6728518697588
245,DIP,12,356.0,2000,245,0.0,0.0,1293.077743697112,495.0799918648698,2.992665883371021,0.0,173.14201007253916,330.34470492488435
246,DIP,12,83.0,2003,246,898.6977814366579,906.966670116584,881.3358605937866,0.0,67.55451375112163,0.0,117.15440335244774,223.3576432159045
247,DIP,12,21.0,2003,247,921.3785766362273,913.2180864453912,866.381840523968,0.0,84.1774616327103,36.04093516764341,150.30182691470975,267.29526992672066
248,DIP,8,92.0,1970,248,659.2167098319699,679.1829396390938,851.0065173359677,0.0,13.001178055807497,99.48748449018336,303.2012441704414,367.458275166728
249,DIP,12,288.0,2010,249,628.6743237446448,651.7591487051391,854.8273786420156,0.0,54.96624175217704,60.84591195574637,182.6180330927945,298.63716701509645
250,DIP,8,23.0,1970,250,843.7031398674961,850.6725970336014,853.7512649007192,19.780172789885363,122.75088926974713,115.34422565492372,212.52281035955275,338.32967113785793
251,DIP,8,28.0,1970,251,769.9210515207387,781.1200377793283,847.9481901050725,36.45388639774768,69.14521598019735,102.97203874143332,275.32263917463365,406.4250518960209
252,DIP,8,241.0,2010,252,707.4620502955719,723.1900384369796,853.7512649007192,0.0,47.905496456607096,48.69314254754049,150.13466125231065,267.1910039151455
253,DIP,8,323.0,1970,253,659.2167098319699,679.1829396390938,847.3859514221427,4.312312237566463,40.6772491722752,17.86610598862171,103.15889862898987,213.47459290961336
254,DIP,16,277.0,2010,254,540.8123421572074,537.7239861435844,851.0065173359677,0.0,12.035381945444762,94.94607505411464,153.15446409517483,220.0838517646559
255,DIP,16,89.0,1970,255,421.0524916635224,426.862265105661,1015.6211219130932,186.91831914003023,194.7722205093725,284.3142251756853,51.90098177031541,110.20770403691292
256,DIP,12,39.0,2010,256,533.6428721032008,537.7239861435844,977.7576342819821,85.92510266466782,120.72708620268192,211.73691656443827,153.15446409517483,220.0838517646559
257,DIP,8,27.0,1970,257,732.5540455348913,746.4192175563744,847.4073358817595,35.78424729397698,45.434929642805926,117.45580151197856,308.4599616836383,440.7505779008825
258,DIP,16,105.0,1970,258,421.0524916635224,426.862265105661,910.3965422084541,165.17546954469668,109.67762170233598,324.46357170361927,51.90098177031541,110.20770403691292
259,DIP,8,257.0,1970,259,404.3027872578367,457.05742050967694,851.0065173359677,50.21727720026536,19.125413435062818,177.29335537472653,70.44873386564218,125.20042961698128
260,DIP,16,12.0,1970,260,440.03031704769006,489.48749718983345,900.8654480520154,165.17546954469668,107.11983958038736,326.66843609583964,106.1053360709303,160.8606332020065
261,HDPE,14,315.0,2013,261,90.99123616851543,210.64249903130457,913.648527729617,206.10532965394037,93.38994619011778,69.69412670675314,0.0,0.0
262,DIP,12,1746.0,1973,262,0.0,0.0,1089.9452532402954,0.0,33.84480985714836,0.0,543.8986831448527,569.6083014334654
263,CI,4,239.0,1960,263,1098.0116556932055,1383.9382212486028,1256.8406401162704,1273.7598783730364,1163.0702001944135,1106.7245814141538,2661.1294650574455,2503.475429987452
264,DIP,6,159.0,2002,264,1148.6280510788936,1443.986355800169,1364.1594877434743,1380.1350557660935,1235.0696044062563,1156.163024313956,2734.175364590551,2575.9328064048414
265,DIP,6,226.0,2000,265,1306.5191934841087,1602.1650500564226,1507.9145614796307,1515.6646056655688,1392.6461027097018,1314.3921863106407,2848.7149884678265,2656.4048651803428
266,DIP,8,536.0,1983,266,12.476438017020444,1.949432961759406,0.0,0.0,24.710855424817154,0.0,1880.0615040062,2275.940776151179
267,DIP,8,309.0,1983,267,532.7825922125048,534.8378909860453,0.0,0.0,21.821763233088426,0.0,2407.7338590303407,2660.8553677805835
268,DIP,8,435.0,1983,268,2.644294206458242,14.418093864231937,0.0,0.0,38.761104828625385,0.0,1916.4987957208848,2067.545944452841
269,DIP,8,467.0,1983,269,429.45251325310016,430.4006953883728,0.0,0.0,29.50482889928676,0.0,2070.573462812441,2242.088489714782
270,DIP,8,297.0,1983,270,428.0987235027375,430.77641589052416,0.0,0.0,20.52996646081132,0.0,2070.0086489366345,2241.421177638872
271,DIP,8,436.0,1983,271,298.38841865255085,287.25848655951734,0.0,0.0,26.874731607601024,0.0,1658.5043456022547,1855.409387466296
272,DIP,8,467.0,1983,272,615.0347968233681,607.5057192961617,0.0,0.0,18.5062769427474,0.0,2170.910592114339,2390.8560523217
273,DIP,8,36.0,1983,273,625.4552216832961,608.1572332178483,0.0,0.0,28.832643837309675,0.0,2170.910592114339,2390.8560523217
274,DIP,8,436.0,2019,274,626.5405844768309,616.3707135605082,0.0,0.0,31.176662634735987,0.0,1781.7905138796643,2037.800685232559
275,DIP,8,305.0,2019,275,0.089418332115751,0.0,0.0,0.0,38.05144611729327,0.0,1544.2756928769206,1703.6028661929347
276,DIP,8,529.0,2019,276,0.0,0.0,0.0,0.0,28.169895892473345,0.0,1133.3126243218967,1339.940913227988
277,DIP,8,355.0,2019,277,296.0628668008801,284.8615430174703,0.0,0.0,48.216039914522966,0.0,1657.8461496676327,1854.118003305736
278,DIP,8,456.0,2019,278,401.5797001753567,383.8679674648234,0.0,0.0,46.92732756515045,0.0,1389.8548952806884,1658.8218629963956
279,DIP,6,309.0,1998,279,0.0,0.0,477.511965662864,0.0,40.945208962765406,0.0,875.8653953284365,1131.505187734658
280,DIP,8,356.0,1998,280,0.0,0.0,207.76804594554267,0.0,26.726191034776956,0.0,420.77459154551207,695.8099840429999
281,DIP,8,49.0,1998,281,0.0,0.0,423.0331497338505,0.0,92.13654790711155,0.0,724.6400378739762,987.8532255650184
282,DIP,8,111.0,1998,282,0.0,0.0,466.4965069280755,17.751268868968165,65.87965904155101,0.0,770.6587349522331,1031.9245096064617
283,CI,8,490.0,1940,283,0.0,0.0,397.4627810685624,0.0,41.331033491533056,0.0,797.5513077245508,1057.5203098462011
284,DIP,8,425.0,2019,284,0.0,0.0,0.0,0.0,47.12686023300008,0.0,1075.9299182479272,1356.055182721667
285,DIP,8,467.0,1998,285,0.0,0.0,250.733907175736,0.0,26.437987582867503,0.0,61.472868129650074,446.6419695050837
286,DIP,8,60.0,1998,286,0.0,0.0,224.10379035486227,0.541268608883156,28.474936014790558,0.0,304.2650240717642,596.2970449638609
287,DIP,8,105.0,1998,287,0.0,0.0,207.40020963444405,0.0,42.431452421334015,0.0,343.84465483893985,629.5386515120225
288,DIP,8,390.0,2013,288,0.0,0.0,0.0,0.0,28.474936014790558,0.0,304.2650240717642,596.2970449638609
289,DIP,8,527.0,2013,289,0.0,0.0,0.0,0.0,31.297281243629634,0.0,347.6318478081886,717.0574594986894
290,DIP,8,261.0,1998,290,0.0,0.0,480.28762388618463,0.0,60.012873440013166,0.0,104.1011354185881,483.6784753352912
291,DIP,8,349.0,1998,291,0.0,0.0,474.5421198997961,0.0,34.25278964019534,0.0,347.69624891709685,717.1191885111373
292,DIP,4,35.0,2010,292,0.0,66.32241175433606,1136.573187052174,84.06807760772418,0.981415677047842,0.0,652.347010669777,823.483999943679
293,DIP,8,775.0,2010,293,0.0,0.0,474.7175758340812,0.0,22.513622574736196,0.0,608.7710307806934,847.5027485021187
294,CI,4,327.0,1938,294,0.0,0.0,1198.841556122179,0.0,38.26412101803569,0.0,714.6019384974039,860.6761492719521
295,DIP,6,149.0,1980,295,411.89390795813966,421.1377445704568,1099.0543248838314,44.02025386446033,3.124050785146455,222.67304019805647,210.56470294890053,409.9982247458631
296,DIP,6,283.0,2001,296,306.72586025486305,312.09502775364007,1061.998478247074,41.750546815659845,8.35605890941669,208.69796009590743,259.0542113536652,340.70667843213965
297,DIP,4,38.0,2010,297,1.231424003184403,124.4292582734911,1494.4455193682643,84.40668990783033,81.87633227378188,0.0,604.1295129659504,766.7809667384538
298,DIP,8,639.0,2010,298,0.0,0.0,1249.1427596377112,0.0,12.425523581021078,0.0,571.756075986475,644.9690025982154
299,CI,4,253.0,1950,299,0.0,0.0,1494.0830189231815,40.853467750165535,35.58492334572085,0.0,623.6788575467964,694.8946746741436
300,CI,4,256.0,1950,300,0.0,0.0,1325.5854843509803,7.180071926732344,20.106534673825305,0.0,358.32685519199106,446.2106524886552
301,DIP,8,288.0,1994,301,0.0,0.0,652.219190747226,8.82524175151227,21.29479828440444,0.0,93.60373338610908,147.48962318294147
302,CI,4,53.0,1950,302,0.0,11.333692556381244,1325.5854843509803,263.14593798259307,35.13001581804752,0.0,340.93623886391407,446.2106524886552
303,DIP,8,1020.0,2006,303,0.0,0.0,711.5166974815454,0.0,26.772405888027343,0.0,103.15889862898987,213.47459290961336
304,DIP,12,1004.0,2003,304,0.0,0.0,725.9001962148709,0.0,27.14489573353068,0.0,117.15440335244774,223.3576432159045
305,DIP,8,332.0,2001,305,2.044001683122454,12.854549158232864,548.8952025416414,30.628438808824285,44.41231720049348,0.0,1829.4010513044047,2111.3046065733947
306,DIP,8,65.0,2001,306,0.0,0.0,502.4666316500832,0.0,70.04415589257115,0.0,1829.4010513044047,2216.719586204601
307,DIP,8,41.0,2001,307,2.115162629017119,0.0,479.1727563159524,0.0,60.29228024877982,0.0,1868.7553198717,2260.3410635680607
308,DIP,6,913.0,1960,308,0.0,0.0,302.4374669859949,0.0,24.452374371115067,0.0,1161.8207755971064,1624.2096851636736
309,DIP,8,17.0,1998,309,2.729917942279135,0.0,373.7045067369082,0.0,66.28527255009634,0.0,1935.965331261688,2087.0594220765647
310,DIP,6,483.0,1998,310,2.644294206458242,0.0,386.20121686610713,0.0,34.467028467626506,0.0,1880.0615040062,2067.545944452841
311,DIP,6,276.0,1998,311,2.644294206458242,0.0,361.2512188263855,8.898348788274843,45.95595841551709,0.0,1684.1761968334126,1836.5506560163276
312,DIP,6,168.0,1998,312,0.089418332115751,0.0,282.1642714537634,0.0,55.48059545289345,0.0,1544.2756928769206,1703.6028661929347
313,DIP,8,21.0,1998,313,15.88799446450236,10.287862350880404,372.6749595196546,0.0,78.85987423032978,0.0,1920.813815946404,2071.801124957696
314,DIP,8,365.0,1998,314,518.675207998098,503.0577557960455,321.0535972369419,0.0,47.82395018863793,0.0,826.6963557753465,999.661858082551
315,DIP,6,504.0,1998,315,0.0,0.0,272.0120849512284,0.0,32.68227289082745,0.0,1133.3126243218967,1339.940913227988
316,DIP,6,336.0,1998,316,590.1007980984389,574.0713956800768,0.0,0.0,40.02954407306262,0.0,446.3629417826351,615.1790827889524
317,DIP,8,359.0,1998,317,566.3497731878339,548.696660018892,0.0,0.0,18.603224308467325,0.0,172.37688489426904,361.08565491002406
318,DIP,8,94.0,1998,318,583.6712702489755,574.0492081205912,0.0,0.0,30.522367765104,0.0,511.1498272965168,666.2393399901728
319,DIP,8,281.0,1998,319,518.675207998098,503.0577557960455,41.033834993576136,0.0,19.81852787009427,0.0,599.1132262142057,751.086820796661
320,DIP,6,602.0,1998,320,0.0,0.0,0.0,0.0,34.468685950129775,0.0,514.3776409361172,669.3106741858353
321,DIP,8,351.0,1998,321,234.36255304503476,216.7030710805977,0.0,0.0,44.139135886857765,0.0,166.40055528091625,351.01559708826375
322,DIP,8,219.0,1998,322,224.38595510655168,206.72707059603425,0.0,0.0,32.225853764134946,0.0,79.51818012598224,350.8332416805983
323,DIP,8,240.0,1998,323,0.0,0.0,0.0,0.0,45.348241610598,0.0,290.7489260358523,541.879137613596
324,HDPE,8,378.0,2014,324,272.80069675189446,342.8677817420514,981.4137110432794,81.37742200582683,67.24093964335812,215.5742720142705,0.0,0.0
325,DIP,8,928.0,1985,325,0.0,0.0,1023.0720732214414,0.0,68.56485318198227,0.0,42.01062951552046,133.01827357503896
326,DIP,8,672.0,1994,326,0.0,0.0,329.5381328767764,0.0,32.620873529178105,0.0,85.30926957417307,140.99946645666296
327,DIP,8,346.0,2010,327,0.0,0.0,388.03859318205775,0.0,13.844392092778296,0.0,93.726455833379,147.63311350614424
328,DIP,8,548.0,1998,328,0.0,0.0,275.7253728062119,0.0,38.4508737749286,0.0,630.2645700211339,180.1952903639106
329,DIP,8,413.0,2010,329,289.6565140995883,279.7181333075571,0.0,0.0,23.257736370609276,0.0,438.1674034450059,484.1840296314878
330,DIP,12,3.0,2003,330,0.0,0.0,725.9001962148709,10.685198041999785,25.37619567985451,0.0,535.3610283191772,447.9808629673981
331,CI,8,198.0,1940,331,0.0,0.0,607.7144352168654,0.0,26.806357920474024,0.0,554.8540215481377,447.1588359827816
332,CI,4,535.0,1940,332,0.0,0.0,607.7144352168654,0.0,27.726970687144608,0.0,89.40743786560444,145.07291789317333
333,CI,8,374.0,1940,333,0.0,0.0,574.40886295119,0.0,63.65574577246857,0.0,439.3913717964151,120.5580244635126
334,DIP,12,137.0,2003,334,0.0,0.0,845.3723398974538,4.126916285491238,73.71607221410743,0.0,306.03324924806594,456.5251607693608
335,CI,4,170.0,1940,335,0.0,0.0,962.3934643194774,0.0,12.40264020916218,0.0,191.16632348274732,314.8700962921663
336,DIP,12,160.0,2003,336,0.0,0.0,726.7256902886269,0.0,24.803311575574323,0.0,402.8286645556392,447.9808629673981
337,DIP,12,794.0,2003,337,0.0,0.0,890.4946348109971,0.0,36.276071133682414,0.0,171.06862550216707,254.39505925415887
338,DIP,12,839.0,2003,338,10.554590583197667,0.0,628.6285858153217,0.0,23.02008748039677,0.0,166.93214345928018,292.71936390062234
339,DIP,12,502.0,2003,339,11.81901963943722,0.0,660.4329630303905,0.0,32.586567227866695,0.0,592.0920822772198,446.02220953433505
340,DIP,12,90.0,1970,340,0.0,0.0,710.9974820187076,0.0,70.61801372252779,0.0,973.7939719525107,567.8571977358317
341,DIP,12,299.0,1973,341,0.0,0.0,800.5776653649184,0.0,33.5636002364711,0.0,869.9699978894308,654.2629528285806
342,DIP,12,967.0,1989,342,6.822991856425126,0.0,134.9406252284828,0.0,32.14437879306836,0.0,1026.5704987310853,569.3930519750425
343,CI,4,351.0,1940,343,0.0,0.0,814.017097036684,0.0,32.23073940983749,0.0,876.2773450735934,910.4096618479576
344,DIP,6,386.0,1970,344,0.0,0.0,639.9382212345986,2.588318899158894,24.68634733110506,0.0,2449.3419317654925,1137.9197283384976
345,DIP,4,109.0,1980,345,0.0,33.19285166101851,145.43021169591796,50.90650091960216,28.418031917599247,0.0,1936.3352302999624,1000.366531875223
346,DIP,8,979.0,2001,346,2.147453733987289,336.5295907742038,710.5083252932316,354.29626393598977,20.746714133818625,0.0,953.5870034594088,1203.7739167424936
347,DIP,8,839.0,1998,347,0.0,0.0,0.0,0.0,30.081166954363024,0.0,1112.804093296756,1550.4952112253432
348,DIP,6,329.0,1960,348,774.3573349879641,783.2671054183002,0.0,0.0,52.57766519789556,0.0,1101.253299948958,1539.04781692591
349,DIP,6,512.0,1998,349,926.0430558091848,909.7852295746638,0.0,0.0,29.077560519472723,0.0,443.7907046173105,618.741143858475
350,DIP,8,382.0,1998,350,839.738355726903,835.0369539842544,0.0,0.0,27.86567797138596,0.0,446.3629417826351,618.741143858475
351,DIP,8,815.0,1998,351,584.8444234986168,567.1914476654001,0.0,0.0,33.400697330180805,0.0,71.20428634162327,243.77179419583257
352,CI,4,494.0,1938,352,0.0,208.455936978984,1161.1865976834367,226.17484669790744,41.008478735969184,5.753740437293945,404.29085088093296,576.9436680490646
353,CI,6,263.0,1938,353,0.0,0.0,1251.797974548888,0.0,54.68671302144882,8.883614580108915,398.65884095191853,558.6161693299559
354,DIP,4,352.0,1980,354,0.0,0.0,1219.6853491521813,0.0,12.850518712310192,0.0,60.556512700400745,208.309166618196
355,CI,6,530.0,1938,355,0.0,102.22911931713946,573.6731856172079,204.97984692020736,25.500772184499635,0.0,393.70550443612535,528.9072836700724
356,CI,6,203.0,1938,356,0.0,0.0,1056.4850473919507,4.177222059576389,50.599658137194666,0.0,393.74384957949394,543.367080460064
357,DIP,8,298.0,1985,357,0.0,187.243658076744,984.8908493786151,204.97984692020736,50.599658137194666,0.0,96.17116051576717,245.0991353667619
358,DIP,8,231.0,1995,358,1.514925416930902,0.0,463.7273675686973,0.0,27.845548253680985,0.0,652.0144362798305,709.4017589910071
359,CI,8,638.0,1938,359,0.0,0.0,299.2096315413016,0.0,29.998536109817568,0.0,632.105417656495,407.57819316732207
360,DIP,8,317.0,1994,360,0.0,0.0,329.82355501766955,0.0,36.381640891969695,0.0,382.652663996724,465.4165695379424
361,CI,8,152.0,1938,361,0.0,0.0,453.3797754733719,248.98915259146787,26.680476136094253,0.0,554.2777223567833,604.5905828634343
362,DIP,8,64.0,1994,362,0.0,0.0,306.7310578657275,0.0,28.31150008337511,0.0,359.184274530195,439.8157806714868
363,CI,4,292.0,1940,363,0.0,0.0,398.39007526188107,0.0,13.308689353560606,0.0,1060.2674232580955,411.9463997103924
364,DIP,8,298.0,1998,364,0.0,0.0,325.5283918647927,126.87962243295982,15.011893726386392,0.0,996.9043198489378,185.3080037208168
365,CI,8,206.0,1938,365,0.0,0.0,402.00185634165666,0.0,30.920160387800237,0.0,1064.5451045671375,240.15205776920007
366,DIP,8,193.0,1998,366,0.0,0.0,275.5557874356284,0.0,15.011893726386392,0.0,900.2899846558565,200.12787907329985
367,DIP,8,304.0,2010,367,0.0,0.0,0.0,0.0,35.72456121597417,0.0,636.2990577804312,200.12787907329985
368,DIP,8,789.0,2006,368,16.91911918684968,0.0,584.2335631733795,0.0,36.68898605398952,0.0,172.8357632332998,262.5155495442903
369,DIP,12,747.0,1973,369,17.105640956236677,2.127393041533878,0.0,0.0,47.33233272386948,0.0,1013.9083129930632,0.0
370,DIP,6,838.0,1970,370,359.302942732172,370.97193601875966,0.0,0.0,0.0,0.0,1236.4055259240524,211.81701015627624
371,DIP,8,603.0,1970,371,14.462138072910127,0.0,0.0,0.0,24.48281216449818,28.810794212533736,1889.998579060035,514.8779399423024
372,DIP,12,296.0,1989,372,11.353650053685366,20.889833083746147,137.8702731590388,25.916685334419206,67.27846543309512,0.0,1946.7487631413628,982.8173783568128
373,DIP,12,713.0,1987,373,0.0,0.0,744.2329021800845,17.25350157002415,36.32369074163575,0.0,2668.831255391316,408.45073509272993
374,DIP,12,299.0,1970,374,0.0,0.0,752.912485068546,90.9833340968224,75.98263439058108,0.0,2668.831255391316,1056.939557825464
375,DIP,12,446.0,1989,375,4.773184740948254,0.0,336.5549074837237,13.237891778487311,58.47790761655959,0.0,2233.0429718147534,1120.6666331756824
376,CI,4,837.0,1940,376,1453.6826281946708,1438.3282356689836,0.0,0.0,72.70443552994647,0.0,364.2694579416019,602.4829324277492
377,DIP,8,621.0,2001,377,965.5557256096024,1084.6934444861595,751.2392156684164,0.0,32.84025994573209,0.0,386.38110029834405,609.2479246120467
378,CI,4,662.0,1940,378,1453.6826281946708,1438.3282356689836,0.0,0.0,84.74653304536312,0.0,336.71956612900294,813.0703561110699
379,CI,4,711.0,1940,379,763.1295817687427,772.191096323634,0.0,0.0,48.8091478335958,0.0,403.68609872083135,852.2629089467414
380,DIP,8,91.0,0,380,1236.598963466312,1403.8218737510497,184.0731769370924,0.0,15.27015938443293,0.0,306.856047958976,435.6583671946755
381,DIP,2,52.0,1998,381,1410.0163683915891,1393.575676738896,0.0,0.0,156.26876717859324,0.0,493.6259022510804,626.3192570335177
382,DIP,8,194.0,1998,382,1236.598963466312,1403.8218737510497,5.968774924794452,7.379591702089128,101.10922658793692,0.0,306.856047958976,435.6583671946755
383,DIP,8,170.0,1998,383,1074.8984299080353,1382.1032349904335,186.46171940011777,0.0,99.25912809150972,0.0,147.1821747289322,275.41823588443265
384,DIP,8,995.0,1995,384,2.078131578802207,0.0,647.0726623490035,0.0,30.40829956214565,0.0,275.85623350720647,899.6644734201034
385,DIP,4,632.0,2000,385,2.145691471463488,0.0,589.7662136370325,0.0,3.94077001965494,0.0,864.2763742374157,595.7921220937234
386,DIP,8,1017.0,1998,386,0.0,0.0,364.7497127447169,0.0,32.68945652586695,0.0,1182.2192304975551,178.44645885916614
387,DIP,12,681.0,1985,387,3.084779719552329,6.002356640754996,0.0,0.0,10.599546711354824,0.0,1695.9928723572386,476.37446094251146
388,DIP,8,522.0,2006,388,659.2468222339245,642.0751421779416,0.0,0.0,6.598151815518295,0.0,1384.1540060385964,230.86662897020767
389,DIP,12,415.0,1985,389,641.9194053203511,624.5490899382264,0.0,0.0,29.358755657927247,0.0,1704.6251959529225,529.2751546203283
390,DIP,12,761.0,1985,390,1032.3057909709382,1026.8288264366968,0.0,0.0,31.393674134027304,0.0,1745.7035902803193,621.1884177792334
391,DIP,12,649.0,1973,391,759.1254359835426,744.7252812748654,0.0,0.0,72.46224735245829,0.0,1504.4732487575804,112.09399267155804
392,DIP,12,1095.0,1970,392,571.7002807128384,553.9834315590059,0.0,0.0,51.314062468631136,0.0,2020.7638897401891,223.92220685732053
393,DIP,12,627.0,1970,393,0.0,0.0,568.9732200274959,0.0,40.51208748313938,0.0,2933.536966593289,0.0
394,DIP,6,328.0,1987,394,0.0,0.0,663.8127309647043,0.0,28.372509984714977,0.0,2667.845399338596,340.994202383812
395,DIP,8,401.0,1995,395,0.0,0.0,630.6391907588784,0.0,29.29100634330188,0.0,202.30671465795447,1195.2029419562548
396,CI,4,709.0,1950,396,3.20335002991818,0.0,0.0,0.0,28.1736363638574,0.0,279.2255618237596,1197.3883611015729
397,CI,4,414.0,1950,397,643.8752078531855,627.0338774029841,0.0,0.0,25.782253104425376,0.0,821.3031978296499,1329.8715969926743
398,CI,4,187.0,1950,398,553.0080046245035,535.2967859514818,0.0,0.0,38.40282072268134,0.0,933.0582756636064,1194.2237358902876
399,DIP,12,671.0,1985,399,0.0,0.0,211.43973461810455,0.0,7.806219156536705,0.0,1087.4158488536875,1047.93866528816
400,DIP,12,343.0,1985,400,1.762234773385601,0.0,367.77256039371326,2.890485933401269,21.260100654589344,0.0,1710.7237415183888,759.7667445766435
401,CI,4,593.0,1950,401,0.0,0.0,145.74002328994317,0.0,43.22592051423144,0.0,1115.1265392986288,715.717821012896
402,DIP,12,244.0,1985,402,1.652811661793132,0.0,347.3198967932417,0.0,22.815838570557545,0.0,1695.8872605778658,591.3630620559818
403,DIP,10,430.0,1990,403,2.951040439685448,0.0,158.13313412051826,0.0,25.34510479519109,0.0,1704.0781241814689,654.5693197180403
404,DIP,10,945.0,1980,404,1257.8919151926439,1240.1283545412773,0.0,0.0,45.52137537820137,0.0,2026.688026004192,619.2110990022483
405,DIP,10,896.0,1988,405,593.4638636301618,575.7493695047659,0.0,3.097102218108821,56.106998021851794,0.0,2848.720193832447,678.8393268732234
406,DIP,10,539.0,1970,406,500.9121429248983,483.19826293986023,452.34878591201925,0.0,16.203886253156682,0.0,2821.3631981288036,247.1772657554795
407,DIP,4,83.0,1970,407,268.30388880681613,250.5343010439493,474.7126315211859,56.936986833925786,0.0,35.00947725077231,3058.8273229166048,296.7945944271364
408,DIP,4,86.0,1970,408,258.86925006950287,241.15936891965083,548.6634635656887,0.0,73.56065399668229,0.0,3001.697286228401,211.72915640007304
409,DIP,12,579.0,1970,409,0.0,0.0,587.2480925494085,0.0,58.688963356287886,0.0,2770.1266811311434,195.14022521501823
410,DIP,12,25.0,1970,410,0.0,0.0,544.2730697331209,0.0,90.58084289917183,0.0,3219.447771867988,214.41636820688407
411,DIP,8,490.0,1985,411,2.339247797251479,0.0,481.1013715854668,11.739512733640236,61.12337192455696,29.286927335162687,166.89327495404478,1280.3442983578107
412,DIP,12,455.0,1990,412,0.0,0.0,630.6391907588784,0.504091389726059,51.23039527477746,0.0,161.37694185496787,1243.577363632288
413,DIP,8,126.0,1985,413,0.627155607742285,0.0,630.2855817957313,0.504091389726059,46.87824077416301,0.0,175.6488500973783,1246.8003999391863
414,DIP,12,661.0,1985,414,0.627155607742285,0.0,0.0,0.0,30.888553943749265,0.0,202.30671465795447,1246.8003999391863
415,DIP,12,251.0,1985,415,632.9438768649703,615.2338926543019,0.0,0.0,31.489569630919476,0.0,838.4810324868362,1477.9817249172831
416,DIP,12,1754.0,1998,416,0.0,211.69127867730927,226.4525642603948,148.9933254740522,78.58914079627546,0.0,995.4481394254447,1254.6409993318148
417,DIP,10,1144.0,1990,417,1250.758066039058,1232.9876704190547,0.0,0.0,76.50254222516455,0.0,2855.499627868065,939.4102669101667
418,DIP,4,114.0,1990,418,1492.7984872490636,1475.0763178982957,444.00311412316694,4.331275281138531,0.0,5.940083976950273,3251.4822794384963,1397.4186946789796
419,DIP,10,216.0,1988,419,552.6987344130924,535.0079515734895,11.153742703455684,2.365674921195457,103.72349900388576,0.0,3390.927384630213,537.4501544302682
420,DIP,12,502.0,1990,420,0.0,0.448918789452129,150.17962869047875,18.19604244194577,69.13098196361369,1.045681096806818,254.57820400920147,1385.3330722054093
421,DIP,12,88.0,1998,421,745.6074211278678,732.3163878552801,329.38308102061035,254.65289868012673,29.01135578313544,250.7736024763224,1273.9319199629595,2377.721297458612
422,DIP,8,963.0,2000,422,131.330791163123,113.9075810394518,0.0,0.0,44.22645764191732,0.0,1430.9052284792067,2369.10335924153
423,DIP,12,1788.0,1997,423,0.0,0.0,570.2621139855692,3.390000383648089,32.63131133638291,0.0,1746.2668142986047,1047.93866528816
424,DIP,8,173.0,2000,424,0.0,0.0,840.6160772831873,0.0,51.68448056508731,0.0,2279.1846296369035,2320.3704340008526
425,DIP,10,488.0,1990,425,1023.4499686468814,1059.3021534329407,0.0,0.0,145.32677484579884,0.0,3394.907656588377,2044.4714205635028
426,DIP,10,2047.0,1992,426,552.6987344130924,535.0079515734895,0.0,0.0,45.23496744059777,0.0,3552.561343997003,537.4501544302682
427,DIP,12,684.0,1990,427,0.0,450.40894711257704,469.5838652140976,201.88802378667327,121.67903396418198,0.0,1076.988149961141,2044.7403005489496
428,DIP,12,673.0,1990,428,0.0,0.0,41.408850476197806,1.569455251074284,73.22354815172102,0.0,632.4612488862929,1652.3566689908373
429,DIP,12,99.0,1998,429,29.41390952748525,98.11651944412762,132.52703609137802,115.79649366985656,18.93466701465592,67.16495635113962,845.2372767104641,1855.9563216600145
430,DIP,12,26.0,1998,430,3.332822917689225,92.3484405025708,118.5381567691372,110.00914929389953,53.478045560304665,63.140116293499766,826.4792774955719,1836.2019120243033
431,DIP,12,125.0,1998,431,747.089435131653,733.2790857320822,348.8414050933883,278.64071759121686,0.0,273.57653489935956,1309.6872446526947,2405.773810543733
432,DIP,12,672.0,1998,432,76.69748363037645,196.07470021783897,230.12017998050885,213.76172943586516,22.13139017241797,154.4361223300304,938.3119540967172,1946.9665542217576
433,DIP,12,698.0,1997,433,6.375097464534806,382.22093459189904,1200.608116403196,194.60976226433507,108.33593219345704,17.65052228598312,2694.3925631439865,2719.3583570850383
434,DIP,12,788.0,1997,434,239.87300061927672,1017.5281602748694,565.2804415995673,5.025266532764967,343.4212393995017,0.0,3350.178961641393,2612.5120565727866
435,DIP,12,271.0,1997,435,954.1859413607896,1179.0265891523038,304.6488734416518,6.655280956137457,467.7884495988293,0.0,3592.327071597151,2393.248937493391
436,DIP,12,371.0,1997,436,1170.439259159953,1340.030839731984,5.565342610777179,0.0,213.64945563409452,0.0,3745.0672377254937,2048.9776056974806
437,DIP,12,850.0,1990,437,0.453488302105784,502.84489481652975,948.6028353716217,198.41642864606348,21.42522916302184,0.0,1283.9330535034378,1815.830968950748
438,DIP,10,417.0,2006,438,0.0,0.0,1069.6160087678177,0.0,42.06219302837096,0.0,1489.4493094550487,2364.623276838771
439,DIP,12,1818.0,1990,439,0.0,0.0,473.42093237365833,0.0,43.410393276063765,0.0,1113.6150375692964,2092.682635464402
440,DIP,12,187.0,1997,440,162.75090342440564,1079.428777449912,1321.7410337865592,7.696624235782394,343.4212393995017,0.0,3248.541449380016,3324.9870937019264
441,DIP,8,354.0,1990,441,0.0,0.0,1665.3662728460015,0.0,42.2189303306648,0.0,2100.2063410029664,2842.4577281402844
442,DIP,12,2343.0,1997,442,186.17377325669253,1163.6028573311771,1321.7410337865592,0.887756637955328,33.10851025176053,0.0,3402.649956056867,3324.9870937019264
443,DIP,8,865.0,1990,443,0.0,308.0380916166597,1746.6369978283612,0.0,23.837184442787585,0.0,2138.322073612602,2842.4577281402844
444,DIP,8,1358.0,2005,444,0.0,0.0,782.1736735040976,0.0,33.54151426874952,0.0,340.22309435997767,576.1150246485365
445, ,8,18.0,2005,445,0.0,0.0,1390.2047479245039,0.0,89.1731115815113,0.0,1371.526863780372,865.3223798289687
446,DIP,8,798.0,2005,446,0.0,0.0,1387.83885901457,0.0,102.66981883254257,7.760431097016232,1405.8783249507192,862.2852176395634
447, ,8,17.0,2005,447,0.0,0.0,1387.83885901457,0.0,93.60187670042099,8.133983785518922,1389.0765227159347,862.2852176395634
448,DIP,8,26.0,2005,448,0.0,8.230116556686426,1384.9895683100071,25.941045605051062,141.36285274548203,47.45257068713098,1435.2851146114126,856.572992784356
449,DIP,8,99.0,2005,449,6.802194980113061,22.398855972243418,1321.7810908937715,40.1799334625747,141.36285274548203,62.467394463824455,1454.0553228951392,785.9440352851747
450,DIP,8,64.0,2005,450,0.0,17.167273637559582,1258.2300816453749,135.573153675119,139.54671827444295,41.807289928204405,1544.4829357260603,722.1959179342966
451,DIP,8,114.0,2005,451,1262.5519297613184,1343.1160274890372,668.2253127974049,5.785765714407794,33.63768407584856,0.0,334.26832167732556,507.67973385287434
452,DIP,8,31.0,2005,452,1368.4532281850247,1427.857671034751,645.7348978207724,0.0,92.65772061320772,0.0,334.26832167732556,507.67973385287434
453,DIP,8,826.0,2005,453,1380.271203139854,1430.1271902651706,0.0,0.0,51.39742890182831,0.909360125763318,131.43007028369755,329.2056892257306
454, ,6,86.0,0,454,1949.0599042427689,1934.7530501732235,0.0,0.0,58.34341599592351,0.0,156.07740928792603,331.31454883312006
455, ,6,271.0,0,455,1716.2533645585947,1699.600451098807,47.37506648099047,0.0,55.86851996702366,0.0,240.1135312002557,416.1884797577288
456,DIP,8,29.0,2005,456,0.0,0.0,1889.9690110568856,0.0,146.04065397419674,0.0,2006.8068556650808,1230.7591239172343
457,DIP,8,570.0,2005,457,0.0,0.0,1619.5282730418764,0.0,50.89320461951841,0.0,1585.771987469063,1253.1672580381587
458,DIP,8,240.0,2011,458,205.153315511065,375.95565013112514,586.7283647658251,0.0,19.386339662037155,0.0,86.89806919915868,553.646828579156
459,DIP,8,22.0,2011,459,444.91042419307126,544.1969584328054,799.1734468398307,0.991123740422288,43.95808022954575,0.0,85.97994462763425,532.8851873950377
460,DIP,8,322.0,2011,460,449.8053312252389,432.25377683742704,729.8642515916353,0.0,30.922695429638853,0.0,85.97994462763425,349.46600328967384
461,DIP,8,8.0,2011,461,443.9653459602096,426.31080114287886,723.9926889170622,0.0,55.1624458178638,0.0,105.39734925288236,346.04147245091195
462,DIP,8,201.0,2011,462,243.21496219677013,225.50154537888903,523.265220872626,0.0,41.10334204355046,0.0,105.39734925288236,346.04147245091195
463,DIP,8,520.0,2011,463,18.30924013071627,15.127777014614608,468.5482579669921,0.0,75.07221613462706,0.0,106.64457726433444,235.0950412956823
464,DIP,8,42.0,2011,464,0.0,0.0,518.4720078212748,0.0,99.72494523519427,0.0,162.40436678474444,235.0950412956823
465,DIP,8,290.0,2011,465,0.0,0.0,247.34944706789787,3.431261323840735,69.97391827696639,0.0,202.025534310818,253.76065650649397
466,DIP,8,819.0,2011,466,0.0,0.0,266.3931045717421,0.0,26.50830578014857,0.0,193.14428740901053,263.1174972086888
467,DIP,8,144.0,2011,467,152.22908808665687,209.0287205443388,136.33873197379978,0.0,28.72701253403409,0.0,447.50717364869433,112.30018667914494
468,DIP,8,327.0,2011,468,152.22908808665687,165.24283464432716,0.0,0.0,64.86415484734377,0.0,569.2036874993487,59.60475402635768
469,DIP,8,178.0,2011,469,5.517937215583262,0.0,120.36448100627887,0.0,50.82343305139151,0.0,462.179731412034,109.56558681765448
470,DIP,8,9.0,2011,470,0.0,0.0,320.7064733688266,2.275079027377112,74.07337181876339,0.0,455.2772972328386,185.1250646225764
471,DIP,8,317.0,2011,471,0.0,0.0,324.95840110605286,0.0,37.89142523988375,0.0,285.7271341757785,193.7987955553509
472,DIP,8,22.0,2011,472,0.0,262.6491085770438,425.624130679754,213.84484951756676,38.98611958354554,0.0,285.7271341757785,470.29486226893147
473,DIP,8,556.0,2011,473,0.0,0.0,298.07737639690293,0.0,49.33935914492682,0.0,462.179731412034,169.16604466883896
474,DIP,8,313.0,2011,474,0.0,0.0,513.6805076905989,0.0,57.6981419776431,0.0,169.3298710470786,108.8983561080163
475,DIP,8,11.0,2011,475,29.261848882234133,11.522123407415792,798.7073256164429,0.0,42.9823816546779,0.0,697.1419252984509,381.41038491894886
476,DIP,8,516.0,2001,476,581.156724244012,848.7342506237949,0.0,1.723068517913498,30.75959796784766,171.61370021510714,887.7043253407678,152.11139775913497
477,DIP,8,385.0,2001,477,1032.3057909709382,1026.8288264366968,0.0,0.0,27.868295010718313,131.2111987378319,1377.5324338540051,455.1412173804554
478,DIP,6,10.0,0,478,36.97051174309047,486.8469397591485,965.6176775253311,471.5525632193057,136.46258198467143,0.0,1198.1013452453649,439.7833918695487
479,DIP,8,501.0,2023,479,0.0,0.0,967.4937946121056,557.4900057150693,22.174377584254163,0.0,178.27764067093528,538.302371764655
480,DIP,8,51.0,2023,480,0.0,0.0,990.0346588906986,578.7803857195235,32.666039007379865,0.0,230.0176422959383,548.4221715840768
481,DIP,8,125.0,2023,481,0.0,20.034607081754583,1367.1117587053723,955.6031072884541,10.491400907799598,0.0,103.91122351665764,521.3962081508315
482,DIP,8,433.0,0,482,0.0,0.0,1395.4087563676549,894.3998321642665,22.86156023222765,0.0,188.4315793760749,532.167384193673
483,DIP,8,49.0,0,483,0.0,0.0,1450.3906312103445,971.2139431332752,18.5844436037704,0.0,213.6694505845862,591.8478251143789
484,DIP,8,523.0,2023,484,0.0,0.0,1395.4087563676549,642.4245594597356,31.76321282060813,0.0,210.33186935591064,434.5815362772751
485,DIP,8,559.0,2023,485,0.0,0.0,867.4167500101064,452.2376890206005,22.59491535125865,0.0,154.05320446191388,275.5889643777372
486,DIP,8,544.0,2023,486,0.0,0.0,1032.3944161056352,410.1431210794386,25.431911852077185,0.0,193.51340066301373,322.419875594261
487,DIP,12,178.0,0,487,0.0,0.0,995.7748491228333,373.43235726730416,4.853033232821915,0.0,76.02704706006453,189.4308379218524
488,DIP,8,232.0,2023,488,0.0,0.0,1329.8617769533485,651.9305611982976,11.960416170232088,0.0,174.10121214970354,340.61891933176435
489,DIP,10,1168.0,2018,489,306.10939577659104,1350.2950114246091,1478.5715257091963,1368.0245430949167,28.249884828854576,314.1716920541502,2633.200957827967,1043.0635481610805
490,DIP,8,163.0,2018,490,1111.663755463121,2152.596019005357,2280.969087532913,2170.3733394203023,589.990531070616,1115.1517708447775,3436.933054801779,1775.3888796441304
491,DIP,8,100.0,2018,491,1464.8022058389552,2500.86753683112,2636.391290315613,2518.6105397662272,912.8813050101073,1465.3503054879436,3791.8922613541977,2070.91799118395
492,DIP,8,921.0,2018,492,1149.504994774514,2196.477820508379,2301.8706044507408,2214.191825082313,662.2138623152276,1161.9350519225695,3442.074687300033,1866.7455007974024
493,DIP,8,848.0,2018,493,1880.3096617246,2882.1433167314326,2901.3748194777795,2840.6698897183646,1483.0093218588584,1916.36427159722,3900.9438511271055,2658.114338834402
494,DIP,8,403.0,2018,494,1479.6640210563808,2522.064629493268,2645.4009162564416,2539.833583245413,950.836780419585,1484.4539429154377,3795.6929535068134,2124.2792031428735
495,DIP,8,106.0,1995,495,0.0,0.0,239.59974198592445,0.0,13.548374549033896,0.0,2465.04094325866,2412.4679775834734
496,DIP,12,40.0,1995,496,0.0,0.0,231.3187485747324,11.363698255029144,101.5394045388175,0.0,2899.087469596473,2727.4324798364214
497,DIP,8,82.0,1995,497,0.0,0.0,370.22891342747647,0.0,28.697443393515623,0.0,1874.1432357071265,1808.9340410893096
498, ,8,225.0,0,498,3.519525726082855,16.499124230743057,223.7564800779324,24.32186412650804,127.70694370830859,8.589327019001916,2909.728946604338,2768.7427317812044
499,Lead,1,12.0,0,499,292.3154966097296,275.03468218434745,0.0,0.0,50.7715863306608,0.0,1121.1420245832683,739.0735517537413
500,Lead,1,12.0,0,500,292.3154966097296,275.03468218434745,0.0,0.0,51.707746107448685,0.0,1117.529623716248,735.8298152936655
501,Galvanized,2,327.0,0,501,0.0,0.0,0.0,0.0,38.91521060139157,0.0,1122.589716624695,746.4844086416424
502,DIP,6,54.0,1998,502,298.42513045106267,281.0516292958601,0.0,0.0,56.75082374532889,0.0,706.2303092830143,715.7437495907996
503, ,4,351.0,0,503,349.36498376448594,332.433355158305,0.0,0.0,31.78747407074261,0.0,711.5860818994158,760.7313720738657
504,DIP,8,42.0,0,504,0.0,0.0,1008.6178806408312,598.8185653580659,16.113392978914295,0.0,261.60048627398993,581.6263895145088
505,DIP, 8,53.0,1995,505,0.0,0.0,425.38298649957056,228.99268348307567,22.771505773748885,0.0,652.0144362798305,709.4017589910071
506,DIP,8,899.0,2019,506,0.0,165.26157831952645,0.0,0.0,42.95850681056913,0.0,307.11190936476146,1189.749857898065
507,DIP,8,335.0,2019,507,710.0200661416832,800.7579839456852,0.0,0.0,25.104693890679805,0.0,137.99272465629,1029.4125425563116
508,DIP,8,247.0,2019,508,527.0609847558728,569.6930202708766,126.4342333347484,0.0,44.72762265471414,0.0,471.6708499052818,1330.629911592269
