OBJECTID,MATERIAL,DIAMETER,LENGTH,PLACEDINSE,FACILITYID,Major_Road,Major_Intersection,Minor_Intersection,Minor_Road,Buildings,ROW,WaterAreas,WaterLines,zone,affected_lats,SchoolChildcare,Healthcare,CriticalCustomers,DIAMETER_score,Buildings_score,WaterBodies_score,affected_lats_score,school_childcare_score,medical_score,critical_cust_score,Roadway_score,COF
1,DIP,8,728.0,2000,1,0.001883574168472,0.002034355475693,0.003343277384928,0.0,0.000162892442664,0.0,0.003349885320514,0.003236765157268,Zone- 1,17.0,,,,4,10,9,5,0,0,0,6,6
2,DIP,8,452.0,2000,2,0.002562260761218,0.002601538386445,0.0,0.0,0.000192828152196,0.0,0.001987483557206,0.002321684057003,Zone- 2,3.0,,,,4,10,9,1,0,0,0,7,5
3,DIP,8,307.0,1998,3,0.0009349044091,0.000968688654908,0.0,0.0,0.000136154211699,0.0,0.00328720299442,0.001926719210918,Zone- 3,5.0,,,,4,10,9,1,0,0,0,7,5
4,DIP,8,417.0,1998,4,0.001755521006619,0.001782626253629,0.0,0.0,5.7274175179e-05,0.0,0.001989317627089,0.002323836851999,Zone- 4,3.0,,,,4,10,9,1,0,0,0,7,5
5,DIP,6,1788.0,1973,5,0.0,0.002039271607415,0.001092264080243,0.000193003261549,0.000362202926404,0.0,0.002727619749946,0.001577403485643,Zone- 5,3.0,,,,4,10,9,1,0,0,0,9,6
6,DIP,6,206.0,1980,6,0.001441872972012,0.002107497757251,0.002136013806327,0.001942681259299,0.000804964706938,0.001359055989394,0.006089903574997,0.002368060250251,Zone- 6,,,,,4,10,9,0,0,0,0,0,4
7,DIP,10,870.0,1978,7,5.7805531435e-05,0.0,0.001130552995741,5.7807870514e-05,0.000152368234838,0.0,0.004704883803179,0.000599159897696,Zone- 5,3.0,,,,7,10,9,1,0,0,0,10,6
8, ,4,920.0, ,8,0.0,0.0,0.000971739796522,0.0,0.000252608221227,0.0,0.004497951641477,0.000697464666396,Zone- 8,,,,,4,10,9,0,0,0,0,10,6
9,CI,10,535.0,1958,9,7.7698792592e-05,0.002761206251795,0.003516374250639,0.002826827369937,0.000198071747614,0.0,0.007524028197699,0.001577403485643,Zone- 5,3.0,,,,7,10,9,1,0,0,0,3,5
10, ,4,705.0, ,10,0.0,0.002740988205463,0.003468492317813,0.002806667917073,0.000199982381971,0.0,0.007485478740201,0.00162584938994,Zone- 8,,,,,4,10,9,0,0,0,0,9,6
11,CI,10,76.0,1950,11,0.001063551577849,0.004558741477518,0.005256381577711,0.004624377160982,0.000106675634644,0.001036991438868,0.009291543499156,0.003014338416771,Zone- 5,3.0,,,,7,10,9,1,0,0,0,0,5
12,CI,10,45.0,1950,12,0.001063551577849,0.004558741477518,0.005256381577711,0.004624377160982,0.000198071747614,0.001036991438868,0.009291543499156,0.003092162812029,Zone- 5,3.0,,,,7,10,9,1,0,0,0,0,5
13,DIP,12,694.0,2005,13,0.0,0.0,0.005072774403593,0.002242473791353,0.000357545671779,0.000709542818852,0.012642991711325,0.001415913066547,Zone- 13,7.0,,,,7,10,9,1,0,0,0,10,6
14, ,6,196.0,0,14,9.7735177078e-05,0.00176086938924,0.006940281410283,0.003503825676512,0.000966754535626,0.002412870575274,0.01421721588855,0.00300167352796,Zone- 14,,,,,4,10,9,0,0,0,0,0,4
15,DIP,8,471.0,2010,15,0.0,0.001775658221439,0.003512058151682,0.001612859160304,0.000241182353328,0.0,0.0105542165,0.000430153257466,Zone- 15,,,,,4,10,9,0,0,0,0,9,6
16,DIP,12,80.0,2000,16,0.0,5.4974335545e-05,0.00370503752704,0.001022227096788,0.00036023842922,0.0,0.005920691660892,0.002049587169259,Zone- 16,,,,,7,10,9,0,0,0,0,9,6
17,CI,6,608.0,1940,17,0.004350286794766,0.004297947770181,0.001155266804097,0.0,0.000121904090815,0.0,0.001379607379585,0.002169863506516,Zone- 1,17.0,,,,4,10,9,5,0,0,0,6,6
18,DIP,8,573.0,2000,18,0.001249393014822,0.001341767568915,0.0,0.0,0.000222445606922,0.0,0.00111285274855,0.001528552610755,Zone- 18,5.0,,,,4,10,9,1,0,0,0,7,5
19,CI,8,1366.0,1960,19,0.0,0.0,0.000913677101766,0.0,0.00015107115267,0.0,0.00076353727455,0.000894027186049,Zone- 19,12.0,,,,4,10,9,5,0,0,0,10,7
20,DIP,8,412.0,1998,20,0.000903173486877,0.000869061209285,0.0,0.0,4.7207820946e-05,0.0,0.00111425138005,0.001529092392878,Zone- 20,5.0,,,,4,10,9,1,0,0,0,7,5
21,DIP,8,462.0,1998,21,0.000903173486877,0.00084147652747,0.0,0.0,0.000149461689471,0.0,0.002515066402188,0.001922842339712,Zone- 21,,,,,4,10,9,0,0,0,0,7,5
22,DIP,6,19.0,1998,22,0.001875749032407,0.001833278608579,0.0,0.0,0.000233420586588,0.0,0.003005741229715,0.003148832616578,Zone- 22,1.0,,,,4,10,9,1,0,0,0,7,5
23,DIP,8,343.0,1998,23,0.0,0.0,0.0,0.0,0.000116955615434,0.0,0.004037139894872,0.000812371918126,Zone- 23,2.0,,,,4,10,9,1,0,0,0,10,6
24,DIP,12,773.0,2005,24,0.0,0.0,0.002837454216102,4.84378801e-07,0.000227626747569,6.719718249e-06,0.01083976824679,0.00104945152902,Zone- 24,11.0,,,,7,10,9,5,0,0,0,10,7
25,DIP,12,603.0,2005,25,0.0,0.0,0.003506372323792,0.001612217241776,0.000165023926839,0.0,0.010545077548746,0.0,Zone- 25,1.0,,,,7,10,10,1,0,0,0,10,6
26, , ,289.0, ,26,0.001344461051794,0.001897955151635,0.000925167333419,0.0,0.000159338458444,0.0,0.00806673124706,0.000619892781432,Zone- 26,28.0,,,,0,10,9,5,0,0,0,6,6
27,CI,4,614.0,1940,27,5.56923273e-06,0.0,0.001469422472599,0.0,0.000133143169088,0.0,0.008618597708985,0.000478932797189,Zone- 26,28.0,,,,4,10,9,5,0,0,0,10,7
28,DIP,12,316.0,2005,28,0.0,0.001777964820309,0.002950728681515,0.001373902685068,0.000163416211825,0.0,0.009409975437592,0.000432485529674,Zone- 28,6.0,,,,7,10,9,1,0,0,0,9,6
29,CI,4,144.0,1948,29,0.0,0.000368261803984,0.003168592578707,0.000881084157007,9.368914392e-06,0.0,0.005532711536863,0.001497008106641,Zone- 29,,,,,4,10,9,0,0,0,0,9,6
30,CI,6,260.0,1948,30,0.0,0.000111029474079,0.003467459985031,0.000857454169006,0.000323675612473,0.0,0.005277345934218,0.001627429704065,Zone- 30,14.0,,,,4,10,9,5,0,0,0,9,7
31,CI,6,29.0,1940,31,0.0,0.000111029474079,0.003640400534471,0.000859479896108,0.000348858929126,0.0,0.005692259563558,0.00196445485196,Zone- 30,14.0,,,,4,10,9,5,0,0,0,9,7
32,DIP,6,64.0,2005,32,1.1775081949e-05,4.1438414104e-05,0.003640400534471,0.000964136936823,0.000346545865298,0.0,0.005784120583151,0.00196445485196,Zone- 30,14.0,,,,4,10,9,5,0,0,0,3,6
33,DIP,12,1079.0,2005,33,0.0,0.0,0.002743106065067,0.000660941856062,0.000134365527912,0.0,0.005582014720294,0.000599264049732,Zone- 33,6.0,,,,7,10,9,1,0,0,0,10,6
34,DIP,4,195.0,2005,34,0.0,0.002225965658665,0.00461571654372,0.001870960487538,2.1448482848e-05,0.000939227049256,0.002743166616204,0.002522693527412,Zone- 34,1.0,,Connected,,4,10,9,1,0,10,0,9,6
35,DIP,12,316.0,2005,35,0.0,0.0,0.004425313088326,0.0,0.000113044940244,2.5313492142e-05,0.004259174969108,0.002485398676109,Zone- 35,4.0,,,,7,10,9,1,0,0,0,10,6
36,CI,8,344.0,1960,36,0.0,0.000661854504604,0.001908824993767,0.000719414592011,0.000137113918227,0.0,0.000336437892135,0.000621198409297,Zone- 19,12.0,,,,4,10,9,5,0,0,0,9,7
37,CI,4,556.0,1940,37,0.0,0.0,0.001472518903466,3.2588564971e-05,0.000137787585165,0.0,0.000336437892135,0.000621198409297,Zone- 19,12.0,,,,4,10,9,5,0,0,0,10,7
38,DIP,8,104.0,2000,38,0.0,0.0,0.001184506582784,0.0,0.000194152067261,0.0,0.001044695963933,0.001439294960143,Zone- 38,8.0,,,,4,10,9,1,0,0,0,10,6
39,DIP,8,456.0,2000,39,0.0002074732264,0.000143843697931,0.0,0.0,8.8364099711e-05,0.0,0.000986323546231,0.001439294960143,Zone- 522,8.0,,,,4,10,9,1,0,0,0,7,5
40,CI,4,7.0,1960,40,0.0,0.0,0.001457313162494,1.787150925e-05,0.00019922560412,0.0,0.001306355831918,0.00157570864108,Zone- 40,,,,,4,10,9,0,0,0,0,10,6
41,DIP,12,2054.0,1973,41,0.0,0.0,0.0,0.0,1.9090182391e-05,0.0,0.004644061156453,0.0,Zone- 41,,,,,7,10,10,0,0,0,0,10,6
42,DIP,8,336.0,2005,42,0.0,0.0,0.004208253720412,0.0,0.00013275225615,0.0,0.012205433710683,0.002590214753518,Zone- 42,21.0,,,,4,10,9,5,0,0,0,10,7
43,CI,4,134.0,1940,43,8.1459759855e-05,2.2618648953e-05,0.003657845405993,0.0,0.000122213368724,0.0,0.011640986639431,0.002958070033976,Zone- 42,21.0,,,,4,10,9,5,0,0,0,6,6
44,DIP,4,24.0,2005,44,9.999742247e-06,0.0,0.00415474415828,0.0,0.000149579975473,0.0,0.012133927479833,0.003290783027505,Zone- 42,21.0,,,,4,10,9,5,0,0,0,10,7
45,DIP,8,528.0,2005,45,0.0,0.0,0.002340313028736,6.568788732e-06,6.8743968092e-05,0.0,0.010445872331874,0.001391866987241,Zone- 45,3.0,,,,4,10,9,1,0,0,0,10,6
46,DIP,12,188.0,2005,46,0.0,0.0,0.002340313028736,0.0,0.000239377385805,0.0,0.010445872331874,0.001223680478554,Zone- 24,11.0,,,,7,10,9,5,0,0,0,10,7
47,CI,4,26.0,1940,47,0.0,0.0,0.002765902082014,0.0,0.000214000884732,0.0,0.010753163208149,0.001145071767844,Zone- 26,28.0,,,,4,10,9,5,0,0,0,10,7
48,CI,2,276.0,1930,48,0.00126885947455,0.001820682395484,0.0,0.0,0.000105716889941,0.0,0.006993439402627,0.000957888530994,Zone- 26,28.0,,,,1,10,9,5,0,0,0,7,6
49,DIP,4,362.0,2008,49,0.00126885947455,0.001820682395484,0.0,0.0,0.000177217577722,0.0,0.007987377367156,0.000935264635452,Zone- 26,28.0,,,,4,10,9,5,0,0,0,7,6
50,DIP,8,640.0,2000,50,2.6189718637e-05,0.000112089702842,0.003127431847568,4.4004711728e-05,0.000185907266541,0.0,0.003644047953321,0.00084414440822,Zone- 30,14.0,,,,4,10,9,5,0,0,0,3,6
51,DIP,12,1080.0,1984,51,0.0,0.000831851487268,0.003187527804491,0.000804845047338,9.1676837902e-05,8.081005607e-06,0.002557551032681,0.002103054753363,Zone- 51,4.0,,Connected,,7,10,9,1,0,10,0,9,7
52,CI,6,762.0,1948,52,8.747624e-07,0.000824113075659,0.003330813054874,0.001077836916686,0.000286709320296,0.0,0.004442439631929,0.001273543694963,Zone- 30,14.0,,,,4,10,9,5,0,0,0,3,6
53,CI,4,451.0,1940,53,0.001978720719184,0.001922825351668,0.0,0.0,5.4184426466e-05,0.0,0.000173466412788,0.002455617133832,Zone- 53,1.0,,,,4,10,9,1,0,0,0,7,5
54,CI,4,563.0,1940,54,0.000978573538771,0.000972445382874,0.0,0.0,6.5119422779e-05,0.0,0.001080775524387,0.002029476589265,Zone- 54,24.0,,,,4,10,9,5,0,0,0,7,6
55,CI,4,529.0,1940,55,0.000970681591529,0.000919045570486,0.0,0.0,0.000159384860411,0.0,0.001201768868674,0.001824407139114,Zone- 54,24.0,,,,4,10,9,5,0,0,0,7,6
56,CI,6,292.0,1940,56,8.861023521e-05,3.8815796282e-05,0.0,0.0,0.000104773234098,0.0,0.000871106885475,0.001499489845524,Zone- 54,24.0,,,,4,10,9,5,0,0,0,7,6
57,CI,4,130.0,1940,57,0.000970681591529,0.00093664124419,0.0,0.0,0.000368065154299,0.0,0.000871106885475,0.001499489845524,Zone- 54,24.0,,,,4,10,9,5,0,0,0,7,6
58,CI,4,262.0,1945,58,2.9159889506e-05,0.0,0.001190736421568,0.0,0.000153351189611,0.0,0.001009276909216,0.00148110791793,Zone- 58,,,,,4,10,9,0,0,0,0,10,6
59,CI,8,259.0,1940,59,2.5617266931e-05,0.0,0.000913098457101,0.0,0.000103054148434,0.0,0.000911268940558,0.001361288903525,Zone- 59,18.0,,,,4,10,9,5,0,0,0,10,7
60,CI,12,113.0,1940,60,0.0,0.0,0.000842294446613,0.0,8.9076454516e-05,0.0,0.001280998819968,0.001872093025287,Zone- 60,,,,,7,10,9,0,0,0,0,10,6
61,CI,8,670.0,1940,61,0.0,4.8841469129e-05,0.001456884897501,7.4403762867e-05,0.000101699700272,0.0,0.000325221461611,0.000569309368704,Zone- 19,12.0,,,,4,10,9,5,0,0,0,9,7
62,DIP,6,310.0,1980,62,1.7117004101e-05,0.0,0.000724318743484,0.000774196550773,0.000130386216246,5.3951933079e-05,0.003918011793071,0.001431481723644,Zone- 62,,,,,4,10,9,0,0,0,0,10,6
63,DIP,6,25.0,1980,63,0.000867350571671,0.000817154675686,0.001240148133662,0.001170337419672,5.9670666902e-05,0.000904305991221,0.003860406177261,0.001363883378816,Zone- 62,,,,,4,10,9,0,0,0,0,0,4
64,DIP,12,159.0,2005,64,2.7724831112e-05,0.0,0.003625503661925,0.0,0.000153462460028,0.0,0.011584345521693,0.004809307862327,Zone- 64,6.0,,,,7,10,9,1,0,0,0,10,6
65,DIP,8,739.0,2005,65,9.953417391e-06,0.0,0.004174329000875,0.0,0.00013218580355,0.0,0.012127547119467,0.003350267616713,Zone- 42,21.0,,,,4,10,9,5,0,0,0,10,7
66,DIP,12,1033.0,2005,66,0.000282953361184,0.000446806288472,0.0,0.0,2.0428702716e-05,0.0,0.007769514293012,0.001311412803184,Zone- 64,6.0,,,,7,10,9,1,0,0,0,7,6
67,DIP,8,119.0,2005,67,0.001278156223384,0.001471304424564,0.00144651140209,0.0,3.8686149971e-05,0.0,0.009387492818814,0.002790035648934,Zone- 67,1.0,,Connected,,4,10,9,1,0,10,0,6,6
68,DIP,12,241.0,2005,68,0.0,2.9669668596e-05,0.0,0.0,5.0506535921e-05,0.0,0.007751857336075,0.001158045512175,Zone- 68,12.0,,,,7,10,9,5,0,0,0,9,7
69,DIP,12,131.0,2005,69,0.0,0.000134000519234,0.000243277065289,0.000111818772622,0.00012328734365,0.0,0.007371524299841,0.000946870444408,Zone- 69,58.0,,,,7,10,9,10,0,0,0,9,8
70,DIP,12,15.0,2005,70,0.0,2.159591887e-05,0.000297080298375,0.0,0.000209569849837,0.0,0.007706366079041,0.001108682732307,Zone- 70,,,,,7,10,9,0,0,0,0,9,6
71,DIP,12,48.0,1995,71,0.0,0.0,0.000448360196006,0.0,0.000232630518932,0.0,0.007823047311409,0.001207942326446,Zone- 69,58.0,,,,7,10,9,10,0,0,0,10,8
72,DIP,12,93.0,2005,72,0.0,0.0,0.00027211144406,0.0,0.000206593664489,0.0,0.007630652476653,0.001053564557663,Zone- 69,58.0,,,,7,10,9,10,0,0,0,10,8
73,DIP,8,65.0,2005,73,0.0,5.7149093101e-05,0.000563384955606,0.0,0.000218869726154,0.0,0.007806478037309,0.001178718708928,Zone- 26,28.0,,,,4,10,9,5,0,0,0,9,7
74,DIP,12,1068.0,1995,74,0.0,0.0,0.000563384955606,5.1608264533e-05,0.000128305803554,0.0,0.007917894161279,0.001297356708932,Zone- 69,58.0,,,,7,10,9,10,0,0,0,10,8
75,DIP,8,599.0,2005,75,0.000129495671336,0.00017718442257,0.0,0.0,0.000192281817288,0.0,0.007806478037309,0.001172710711011,Zone- 26,28.0,,,,4,10,9,5,0,0,0,7,6
76,DIP,8,570.0,2005,76,0.000118808130085,0.000112089702842,0.002044870473848,6.50051219e-06,8.238546112e-05,0.0,0.003644047953321,0.000372197557792,Zone- 30,14.0,,,,4,10,9,5,0,0,0,2,5
77,CI,8,115.0,1948,77,0.0,0.0,0.002816828535423,4.1646456879e-05,0.000343744612438,0.0,0.003217543248107,0.00084414440822,Zone- 30,14.0,,,,4,10,9,5,0,0,0,10,7
78,DIP,12,222.0,1972,78,0.0,0.0,0.002292611766442,0.0,5.5503049718e-05,0.0,0.002418513448426,0.001000449674047,Zone- 30,14.0,,,,7,10,9,5,0,0,0,10,7
79,DIP,12,376.0,1984,79,0.0,0.0,0.002292611766442,0.0,0.000193693470831,0.0,0.002418393419672,0.00107463675338,Zone- 30,14.0,,,,7,10,9,5,0,0,0,10,7
80,CI,4,365.0,1940,80,0.0,0.0,0.0,0.0,0.000150773942496,0.0,0.000877699659073,0.002355272721556,Zone- 80,3.0,,,,4,10,9,1,0,0,0,10,6
81,DIP,12,494.0,1990,81,6.6597888029e-05,3.695076191e-06,0.000837309815803,0.0,0.000106459913153,0.0,0.001679661808401,0.002474024824814,Zone- 81,21.0,,,,7,10,9,5,0,0,0,6,6
82,CI,4,457.0,1940,82,0.000978573538771,0.000927456815425,0.0,0.0,7.4744085065e-05,0.0,0.000878237997936,0.003077058201709,Zone- 54,24.0,,,,4,10,9,5,0,0,0,7,6
83,CI,4,327.0,1940,83,0.000992301580261,0.000967787561933,0.0,0.0,8.3935481348e-05,0.0,0.000173466412788,0.002889096912026,Zone- 54,24.0,,,,4,10,9,5,0,0,0,7,6
84,DIP,8,523.0,1980,84,4.471521339e-06,0.0,0.000842393225693,0.0,8.4389879616e-05,0.0,0.001703558884713,0.002337175731351,Zone- 59,18.0,,,,4,10,9,5,0,0,0,10,7
85,CI,4,436.0,1940,85,0.000896596761086,0.00083356964191,0.0,0.0,0.000175011303535,0.0,0.002090829389727,0.002509722907045,Zone- 85,15.0,,,,4,10,9,5,0,0,0,7,6
86,DIP,8,619.0,1980,86,1.3186556099e-05,0.0,0.000826618823546,0.0,9.210155054e-05,0.0,0.001442324603095,0.001997949848566,Zone- 59,18.0,,,,4,10,9,5,0,0,0,10,7
87,DIP,12,652.0,1990,87,2.9359314432e-05,0.0,0.000867248942563,0.0,0.000196472457576,0.0,0.001319882749335,0.001902208192457,Zone- 81,21.0,,,,7,10,9,5,0,0,0,10,7
88,CI,4,106.0,1940,88,0.0,8.1129715254e-05,0.00083532821847,0.000136469064616,0.000174085533054,0.0,0.002502546900748,0.002059184607332,Zone- 88,20.0,,,,4,10,9,5,0,0,0,9,7
89,CI,4,30.0,1940,89,0.0,0.0,0.00083645067303,4.1345586915e-05,0.000280605168516,0.0,0.002764804350098,0.001967412271324,Zone- 88,20.0,,,,4,10,9,5,0,0,0,10,7
90,DIP,12,310.0,2000,90,0.0,0.0,0.0,0.0,0.000188818351199,0.0,0.002485475058794,0.001946274695622,Zone- 90,2.0,,,,7,10,9,1,0,0,0,10,6
91,DIP,12,623.0,2000,91,0.0,0.0,0.000864377418051,0.0,0.000342574349401,0.0,0.002074673653476,0.00092991298329,Zone- 91,,,,,7,10,9,0,0,0,0,10,6
92,DIP,12,222.0,2000,92,0.000824717990233,0.000825623061722,0.0,0.0,8.8560923265e-05,0.0,0.002023304431657,0.0023957194358,Zone- 92,1.0,,,,7,10,9,1,0,0,0,7,6
93,DIP,12,275.0,2000,93,0.000143486608963,0.000108796212877,0.000480274512906,0.0,8.9076454516e-05,0.0,0.001496873040926,0.002039136990929,Zone- 92,1.0,,,,7,10,9,1,0,0,0,6,6
94,DIP,12,996.0,2000,94,9.098717621e-06,0.0,0.000141994174631,9.121183148e-06,0.000116484533435,4.8749324954e-05,0.002084438336584,0.0,Zone- 91,,,,,7,10,10,0,0,0,0,10,6
95,DIP,6,321.0,2008,95,0.0,0.000684642135567,0.001277433672871,0.000749402881369,6.940133873e-05,0.001311784076009,0.005685342146488,0.00311235385072,Zone- 95,,,,,4,10,9,0,0,0,0,9,6
96,DIP,6,310.0,2008,96,0.000749454169386,0.000703741715773,0.001683187081052,0.000756696154583,9.8649946712e-05,0.001327389961423,0.006123480078702,0.003755479454257,Zone- 95,,,,,4,10,9,0,0,0,0,0,4
97,CI,12,821.0,1970,97,1.1039596393e-05,0.0,0.000558795948167,0.0,0.000121625167722,5.347261417e-05,0.004278449537359,0.001939908655416,Zone- 91,,,,,7,10,9,0,0,0,0,10,6
98,CI,12,207.0,1970,98,1.2810798089e-05,0.00081194258115,0.000942612561347,0.000674393310531,6.583643351e-06,0.001187633758398,0.005395701657256,0.002745744440506,Zone- 98,,,,,7,10,9,0,0,0,0,0,4
99, ,12,35.0, ,99,1.4704914509e-05,0.00091224795167,0.001567858005409,0.001174179373501,0.000389674511273,0.000884464490103,0.005268569678835,0.00275067694876,Zone- 99,,,,,7,10,9,0,0,0,0,0,4
100, ,12,35.0, ,100,1.4872055956e-05,0.000855603868782,0.001617225064309,0.001231242219507,0.000334610387366,0.000827811192381,0.005219228345224,0.002711004238224,Zone- 100,,,,,7,10,9,0,0,0,0,0,4
101,DIP,12,937.0,2002,101,4.960667184e-06,0.0,0.000857183264926,0.0,0.000123535217943,0.002643248305685,0.006874649329652,0.002619273014791,Zone- 91,,,,,7,10,9,0,0,0,0,10,6
102,DIP,12,755.0,2005,102,0.0,0.0,0.004166978981314,0.0,0.000110604817121,0.0,0.01195644190366,0.004986293580122,Zone- 102,12.0,,,,7,10,9,5,0,0,0,10,7
103,CI,4,635.0,1940,103,0.000492118506704,0.000687665862256,0.0,0.0,0.000152973485306,0.0,0.007848610081731,0.001494672205646,Zone- 68,12.0,,,,4,10,9,5,0,0,0,7,6
104,CI,8,16.0,1940,104,0.000449920508078,0.000687665862256,0.000161956083589,0.0,0.000184285531773,0.0,0.007791148234984,0.001448692981128,Zone- 68,12.0,,,,4,10,9,5,0,0,0,6,6
105,DIP,12,84.0,2005,105,0.0,0.000533879029925,0.000328318986668,0.000390444275734,0.000129729004132,0.0,0.007133597898055,0.000879396244397,Zone- 69,58.0,,,,7,10,9,10,0,0,0,9,8
106,DIP,12,1269.0,2005,106,0.0,0.0,0.00058093931708,0.0,9.6518600467e-05,0.0,0.003999342153993,0.000816923029025,Zone- 69,58.0,,,,7,10,9,10,0,0,0,10,8
107,DIP,12,432.0,1972,107,0.0,0.0,0.000977180247325,0.0,6.9478833651e-05,0.0,0.002897036002144,0.000726920141719,Zone- 107,3.0,,,,7,10,9,1,0,0,0,10,6
108,DIP,12,803.0,1972,108,4.386811421e-06,0.0,0.0009596796296,0.0,0.000283502743967,0.0,0.002860998059957,0.0,Zone- 107,3.0,,,,7,10,10,1,0,0,0,10,6
109,DIP,12,1109.0,1990,109,0.0,0.0,0.000846728629842,0.0,9.9019976208e-05,0.0,0.000344374379075,0.000908611222655,Zone- 81,21.0,,,,7,10,9,5,0,0,0,10,7
110,DIP,8,679.0,1980,110,0.0,0.0,0.001347885619969,0.001131133940331,9.5256636585e-05,0.0,0.000495376216858,0.000994763033751,Zone- 110,5.0,,,,4,10,9,1,0,0,0,10,6
111,CI,4,499.0,1940,111,0.0,0.0,3.3008701214e-05,0.0,0.000114128951311,0.0,0.000837990892868,0.001509986033366,Zone- 85,15.0,,,,4,10,9,5,0,0,0,10,7
112,DIP,8,353.0,1980,112,4.211249311e-06,0.0,0.000896220457676,0.0,0.000170731056156,0.0,0.001201540764967,0.001816334798715,Zone- 59,18.0,,,,4,10,9,5,0,0,0,10,7
113,CI,4,298.0,1940,113,0.0,0.0,0.000831275149573,0.0,9.135589084e-05,0.0,0.000996537881926,0.001365198611809,Zone- 88,20.0,,,,4,10,9,5,0,0,0,10,7
114,CI,4,349.0,1940,114,0.0,9.1852036398e-05,0.0,0.0,7.1664414e-05,0.0,0.000817298584182,0.001328958621913,Zone- 88,20.0,,,,4,10,9,5,0,0,0,9,7
115,CI,4,507.0,1940,115,1.2903911836e-05,0.0,0.0,0.0,8.297626602e-05,0.0,0.000837990892868,0.001509986033366,Zone- 85,15.0,,,,4,10,9,5,0,0,0,10,7
116,CI,4,298.0,1940,116,0.0,0.0,0.000854946758058,0.0,0.000118376839104,0.0,0.001851338729229,0.002117535256182,Zone- 88,20.0,,,,4,10,9,5,0,0,0,10,7
117,DIP,12,1140.0,1973,117,0.0,0.0,0.000659882844913,0.0,0.000129484822156,0.0,0.003408528347981,0.002041405567071,Zone- 117,,,,,7,10,9,0,0,0,0,10,6
118,DIP,6,463.0,1980,118,8.949456614e-06,0.000723404777172,0.001971711847406,0.000670769913852,1.5914713002e-05,0.0,0.003135812359674,0.001777000818421,Zone- 118,3.0,,,,4,10,9,1,0,0,0,3,5
119,DIP,8,36.0,2005,119,6.032371757e-06,0.0,0.004062193813808,0.0,0.000275802258503,0.0,0.011875718299121,0.00606352713547,Zone- 119,21.0,,,,4,10,9,5,0,0,0,10,7
120,CI,4,436.0,1940,120,0.001288280234684,0.001710787526193,0.001956993886038,0.001118015247816,0.001137917170773,0.00084134749496,0.008831990720799,0.004929563281402,Zone- 120,,,,,4,10,9,0,0,0,0,0,4
121,CI,4,393.0,1940,121,0.00011151991353,4.7673230125e-05,0.002603231793921,0.0,0.000187294791089,2.2443685217e-05,0.010816072663061,0.004789613676693,Zone- 119,21.0,,,,4,10,9,5,0,0,0,6,6
122,CI,4,254.0,1940,122,0.001855522069141,0.001820785986074,0.0,0.0,0.000127755345036,0.0,0.007160052008712,0.003740497015742,Zone- 122,1.0,,,,4,10,9,1,0,0,0,7,5
123,CI,4,729.0,1940,123,0.001570202746084,0.001504517044365,0.0,0.0,7.8417980267e-05,3.15905201e-05,0.008298773985569,0.00291056174768,Zone- 119,21.0,,,,4,10,9,5,0,0,0,7,6
124,CI,4,569.0,1940,124,0.000997895882758,0.000933911262346,0.0,0.0,0.000133256661116,0.0,0.005216430020846,0.002808143300286,Zone- 124,10.0,,,,4,10,9,1,0,0,0,7,5
125,CI,4,564.0,1940,125,0.001302953522219,0.001443409819908,0.0,0.0,7.0945871281e-05,0.0,0.005792135764788,0.002722154089483,Zone- 125,11.0,,,,4,10,9,5,0,0,0,7,6
126,CI,4,232.0,1940,126,0.00100618381989,0.00098251456987,0.0,0.0,0.000152554721022,0.0,0.005216430020846,0.002643159306935,Zone- 119,21.0,,,,4,10,9,5,0,0,0,7,6
127,CI,4,257.0,1940,127,0.000556347983419,0.00058085929029,0.0,0.0,7.6297792846e-05,0.0,0.005116454777932,0.00208466391387,Zone- 125,11.0,,,,4,10,9,5,0,0,0,7,6
128,CI,4,792.0,1940,128,0.001126484116531,0.001428632644954,0.0,0.0,6.4657419576e-05,0.0,0.005833157031231,0.002279116417224,Zone- 119,21.0,,,,4,10,9,5,0,0,0,7,6
129,DIP,12,481.0,2005,129,0.0,0.0,0.000921271205658,0.0,0.000151586603575,0.0,0.003128935170679,0.000719403953227,Zone- 129,12.0,,,,7,10,9,5,0,0,0,10,7
130,DIP,8,38.0,2005,130,0.0,0.0,0.000806643310906,0.0,0.000210707254136,0.0,0.004417496863011,0.002253192599703,Zone- 130,1.0,,,,4,10,9,1,0,0,0,10,6
131,CI,4,425.0,1940,131,6.1474496776e-05,2.9888226961e-05,0.0,0.0,0.000104103107729,0.0,0.004186903016065,0.001636416727806,Zone- 119,21.0,,,,4,10,9,5,0,0,0,7,6
132,DIP,12,302.0,2005,132,0.0,0.0,0.001411566638081,1.877936122e-06,0.000172504694826,0.0,0.003128935170679,0.000719403953227,Zone- 69,58.0,,,,7,10,9,10,0,0,0,10,8
133,DIP,8,35.0,2005,133,0.0,0.0,0.001267319736579,0.0,0.000177389018761,0.0,0.004105772267925,0.001539230727815,Zone- 119,21.0,,,,4,10,9,5,0,0,0,10,7
134,DIP,8,37.0,2005,134,0.0,0.0,0.001195225528494,0.0,2.7837524254e-05,0.0,0.004511323257802,0.001518688940487,Zone- 134,,,,,4,10,9,0,0,0,0,10,6
135,CI,8,30.0,1930,135,0.0,0.0,0.000641302420061,0.0,0.000143696686354,0.0,0.002322668924355,0.000430390563755,Zone- 135,5.0,,,,4,10,9,1,0,0,0,10,6
136,CI,8,317.0,1930,136,0.0,0.0,0.000728798752483,2.797912478e-06,0.000159898538529,0.0,0.002336483054975,0.000429887414383,Zone- 136,2.0,,,,4,10,9,1,0,0,0,10,6
137,CI,8,1087.0,1930,137,4.5323422e-07,0.000547300560351,0.003315208487843,0.001653925193463,0.000146569215661,0.0,0.0,0.0,Zone- 137,,,,,4,10,10,0,0,0,0,3,5
138,CI,4,75.0,1930,138,7.422843345e-06,0.000935984384257,0.004237765279325,0.002851462741553,7.475690833e-05,0.0,0.00034749989427,0.000837198347672,Zone- 138,,,,,4,10,9,0,0,0,0,3,5
139,DIP,12,221.0,2006,139,0.0,0.0,0.003644471700409,0.001385402246168,6.2672895723e-05,0.0,4.1081188307e-05,0.000400024368906,Zone- 139,,,,,7,10,9,0,0,0,0,10,6
140,DIP,6,47.0,1990,140,0.0,8.2953790355e-05,0.003800509431952,0.001543672376074,4.027335017e-06,0.0,0.000407004993872,0.000779637998395,Zone- 140,,,,,4,10,9,0,0,0,0,9,6
141,CI,8,195.0,1930,141,0.0,0.000526836277236,0.003914756336512,0.002042200718282,0.000187098450221,0.0,0.0,0.0,Zone- 139,,,,,4,10,10,0,0,0,0,9,6
142,CI,8,254.0,1930,142,0.0,0.000206546292002,0.003375171377111,0.002408876057497,0.000134795367856,0.0,0.0,0.000150348927336,Zone- 142,1.0,,,,4,10,10,1,0,0,0,9,6
143,CI,8,199.0,1930,143,0.0,9.0391475901e-05,0.003320637771384,0.002868957618743,0.000100415793169,0.0,0.000501931775883,0.000853228621851,Zone- 143,1.0,,,,4,10,9,1,0,0,0,9,6
144,CI,8,51.0,1930,144,0.0,6.6446268997e-05,0.003280575139542,0.002811982447443,0.000130290833668,0.0,0.000435669661919,0.000779079616663,Zone- 142,1.0,,,,4,10,9,1,0,0,0,9,6
145,DIP,6,118.0,1970,145,0.0,0.0,0.002006204127545,0.0,0.000194251816269,0.0,1.8325010098e-05,0.000966349010119,Zone- 145,2.0,,,,4,10,9,1,0,0,0,10,6
146,DIP,8,182.0,1970,146,0.00034253533922,0.00027718070356,0.001480805272134,0.0,8.8796216769e-05,0.0,0.0,0.000955537718087,Zone- 146,1.0,,,,4,10,10,1,0,0,0,6,5
147,DIP,8,30.0,1970,147,0.000978905783449,0.000913110684837,0.001480805272134,0.0,4.2550793077e-05,0.0,0.000122238421929,0.000880679233296,Zone- 146,1.0,,,,4,10,9,1,0,0,0,6,5
148,DIP,6,126.0,1970,148,0.001899943204677,0.001834179831439,0.000539330424397,0.0,0.0,0.0,0.000555873549281,0.000948981935919,Zone- 148,,,,,4,10,9,0,0,0,0,6,5
149,DIP,6,131.0,1970,149,0.001564859273545,0.001499114321571,0.000761067919732,0.0,0.0,0.0,0.000506462854601,0.000972689005545,Zone- 149,,,,,4,10,9,0,0,0,0,6,5
150,DIP,6,362.0,1970,150,0.000996757423486,0.00093099230458,0.000783575945198,2.772941411e-06,1.522100934e-05,0.0,0.000139907067796,0.000869456648694,Zone- 150,1.0,,,,4,10,9,1,0,0,0,2,5
151,DIP,12,1039.0,1973,151,0.0,0.0,0.002885442518828,0.0,0.000356192083461,0.0,0.00203217577594,0.002189230034414,Zone- 151,1.0,,,Connected,7,10,9,1,0,0,10,10,7
152,DIP,6,581.0,1990,152,0.0,0.000333301828362,0.003418914290497,0.0,0.000148821472855,0.0,0.001579166640933,0.001926725607138,Zone- 152,,,,,4,10,9,0,0,0,0,9,6
153,DIP,6,234.0,1970,153,0.000619916804531,0.001979914573682,0.0020040169466,0.000611563941003,0.001002289382181,0.000766034810145,0.009332437215062,0.009721786860343,Zone- 153,,,,,4,10,9,0,0,0,0,0,4
154,DIP,12,1333.0,2005,154,0.0,0.0,0.000740023690622,0.0,0.000171334109234,0.0,0.009276671611394,0.006168936375589,Zone- 102,12.0,,,,7,10,9,5,0,0,0,10,7
155,CI,4,1340.0,1940,155,0.0,0.000468038762262,0.000676110586099,0.0,0.00015198364108,0.0,0.007511633458108,0.003749500659091,Zone- 155,,,,,4,10,9,0,0,0,0,9,6
156,DIP,2,354.0,1996,156,0.0,0.0,0.000747548046206,0.0,8.7298309352e-05,0.0,0.008424159337244,0.006545465226091,Zone- 156,7.0,,,,1,10,9,1,0,0,0,10,6
157,CI,6,424.0,1940,157,8.0685527249e-05,2.8579952649e-05,0.0,0.0,0.000145098931602,0.0,0.006044781143797,0.004824059191788,Zone- 157,1.0,,,,4,10,9,1,0,0,0,7,5
158,CI,4,533.0,1940,158,0.001243521647664,0.001192024095759,0.0,0.0,0.000298343416429,0.0,0.006914646723248,0.00482881243201,Zone- 158,,,,,4,10,9,0,0,0,0,7,5
159,CI,4,157.0,1940,159,0.00124499867815,0.001191985180986,0.0,0.0,0.000216349938498,0.0,0.006885586730053,0.004396486830629,Zone- 125,11.0,,,,4,10,9,5,0,0,0,7,6
160,CI,4,166.0,1940,160,0.001676900935148,0.001623653794274,0.0,0.0,2.3853377159e-05,0.0,0.00715961881947,0.004010189225795,Zone- 125,11.0,,,,4,10,9,5,0,0,0,7,6
161,DIP,12,253.0,2005,161,0.0,0.0,0.000582268988728,0.0,0.000206741081157,0.0,0.004759697529241,0.004217897528205,Zone- 161,5.0,,,,7,10,9,1,0,0,0,10,6
162,DIP,12,32.0,2005,162,0.0,0.0,0.000582268988728,0.0,0.000175226961747,0.0,0.005339437238715,0.004110872561618,Zone- 161,5.0,,,,7,10,9,1,0,0,0,10,6
163,DIP,12,292.0,2005,163,0.0,0.0,0.000614119152515,1.400079708e-06,0.000139128804896,0.0,0.005221320435282,0.003149089618671,Zone- 161,5.0,,,,7,10,9,1,0,0,0,10,6
164,CI,8,51.0,1940,164,0.0,0.0,0.000456794719828,1.6057968917e-05,0.000105949211911,0.0,0.005346401429917,0.004087906593444,Zone- 124,10.0,,,,4,10,9,1,0,0,0,10,6
165,CI,4,180.0,1940,165,0.000120743377652,6.3099892979e-05,0.0,1.0676585187e-05,9.9914977106e-05,0.0,0.005498223784156,0.004152145032936,Zone- 124,10.0,,,,4,10,9,1,0,0,0,7,5
166,CI,4,397.0,1940,166,0.000730021838327,0.000672861285675,0.0,0.0,8.0200513219e-05,0.0,0.006085607190761,0.004423943154813,Zone- 166,5.0,,,,4,10,9,1,0,0,0,7,5
167,CI,4,102.0,1940,167,0.000685379356877,0.000627292902957,0.0,0.0,9.405028825e-05,0.0,0.006042535119004,0.004363249936731,Zone- 124,10.0,,,,4,10,9,1,0,0,0,7,5
168,DIP,6,389.0,1980,168,0.000786857569802,0.00078707341489,0.0,0.0,3.3604369248e-05,0.0,0.003672523459693,0.00227933791023,Zone- 168,3.0,,,,4,10,9,1,0,0,0,7,5
169,CI,6,310.0,1940,169,0.000843591671633,0.000865914740849,0.0,0.0,3.3604369248e-05,0.0,0.003707389837058,0.001896185882958,Zone- 135,5.0,,,,4,10,9,1,0,0,0,7,5
170,DIP,12,265.0,2005,170,0.0,0.0,0.000899945230864,1.2120848e-05,0.000150614140441,0.0,0.004448880922038,0.002288504463016,Zone- 129,12.0,,,,7,10,9,5,0,0,0,10,7
171,CI,4,423.0,1940,171,6.8998348541e-05,1.4054228209e-05,0.0,0.0,0.000115726252726,0.0,0.002402804927052,0.000523320976947,Zone- 135,5.0,,,,4,10,9,1,0,0,0,7,5
172,CI,6,398.0,1930,172,0.0,0.0,0.001711472355045,0.0,0.000105174130147,0.0,0.001602861167791,0.000630016457204,Zone- 172,3.0,,,,4,10,9,1,0,0,0,10,6
173,DIP,6,338.0,2005,173,0.000844563410885,0.000791089541664,0.0,0.0,9.0354224976e-05,0.0,0.002960370730837,0.001368540291671,Zone- 173,10.0,,,,4,10,9,1,0,0,0,7,5
174,CI,8,75.0,1930,174,0.0,0.0,0.00146326294817,6.062314221e-06,0.000227654695797,0.0,0.001605401579501,0.000597841694579,Zone- 174,1.0,,,,4,10,9,1,0,0,0,10,6
175,CI,8,337.0,1930,175,0.0,0.0,0.001671655454246,0.000154355793677,0.00033665725444,0.0,0.000884646603401,0.0,Zone- 175,1.0,,,,4,10,10,1,0,0,0,10,6
176,CI,8,517.0,1930,176,0.0,0.0,0.000677073045085,0.0,0.000119786441777,0.0,0.001692159305167,0.000429915466426,Zone- 136,2.0,,,,4,10,9,1,0,0,0,10,6
177,DIP,6,393.0,2005,177,0.0,0.0,2.2874586408e-05,0.0,7.7714919453e-05,0.0,0.001695426715871,0.000567864466673,Zone- 173,10.0,,,,4,10,9,1,0,0,0,10,6
178,DIP,6,93.0,2005,178,0.000639732012335,0.00064114253904,0.0,0.0,0.000149293694564,0.0,0.002667591517328,0.001107700986808,Zone- 173,10.0,,,,4,10,9,1,0,0,0,7,5
179,CI,8,495.0,1930,179,0.0,0.0,0.001737771804313,0.000226467986947,7.1988515953e-05,0.0,0.000812389872274,0.000628844229276,Zone- 174,1.0,,,,4,10,9,1,0,0,0,10,6
180,CI,8,214.0,1930,180,2.5464640693e-05,0.0,0.003639131853247,0.002129693549275,8.525915085e-06,0.0,0.000348833402719,0.001366219846666,Zone- 180,,,,,4,10,9,0,0,0,0,10,6
181,CI,8,59.0,1930,181,0.000572782403223,0.000561135979551,0.003419882267287,0.001910875585407,8.1769117497e-05,0.0,0.000348833402719,0.001212683571182,Zone- 180,,,,,4,10,9,0,0,0,0,3,5
182,CI,8,215.0,1930,182,4.4237458149e-05,0.000572091174695,0.003315208487843,0.001653925193463,0.000121406289226,3.9936057863e-05,0.000312664718004,0.000815633225165,Zone- 180,,,,,4,10,9,0,0,0,0,0,4
183,CI,4,136.0,1950,183,7.508720983e-06,1.2261909016e-05,0.005418644341506,0.002298389628543,6.5974700015e-05,0.0,0.000690253559156,0.001773886008856,Zone- 183,1.0,,,,4,10,9,1,0,0,0,3,5
184,DIP,12,472.0,2000,184,0.0,0.0,0.003347975364503,0.001590539896404,4.0249859417e-05,0.0,0.000452543689622,0.000870490287485,Zone- 184,7.0,,,,7,10,9,1,0,0,0,10,6
185,HDPE,14,91.0,2013,185,1.88046812e-07,0.000567562874381,0.003795293726732,0.001741594893491,0.000264303108588,0.0,0.00032732264461,0.000651245264953,Zone- 185,,,,,7,10,9,0,0,0,0,3,5
186,DIP,12,265.0,2000,186,0.0,0.0,0.00268593507706,0.000736959088896,6.792755615e-05,0.0,0.00044585895015,0.00088528204875,Zone- 145,2.0,,,,7,10,9,1,0,0,0,10,6
187,DIP,12,319.0,2006,187,0.0,0.0,0.00268593507706,0.000736959088896,5.580730954e-05,0.0,0.000485090308845,0.000889222140199,Zone- 139,,,,,7,10,9,0,0,0,0,10,6
188,DIP,12,145.0,2000,188,0.0,0.0,0.002375767314873,0.000282255326491,3.1366517584e-05,0.0,0.000399703482223,0.00088568663921,Zone- 145,2.0,,,,7,10,9,1,0,0,0,10,6
189,DIP,8,40.0,2006,189,0.0,0.0,0.002721715663694,0.000649079674033,5.3497164421e-05,0.0,0.000595961910894,0.001023756248458,Zone- 189,,,,,4,10,9,0,0,0,0,10,6
190,DIP,6,22.0,1990,190,5.1150290993e-05,3.6351789899e-05,0.002721715663694,0.000649079674033,3.1316906876e-05,0.0,0.000595961910894,0.001023756248458,Zone- 189,,,,,4,10,9,0,0,0,0,3,5
191,DIP,6,170.0,1990,191,3.6465837142e-05,3.6351789899e-05,0.002395422326817,0.000124127551206,4.8004000894e-05,0.0,0.000540196531272,0.001023756248458,Zone- 191,,,,,4,10,9,0,0,0,0,3,5
192,DIP,6,114.0,2000,192,0.0,0.0,0.002186574365692,0.0,2.438915737e-05,0.0,0.000367431442888,0.00088568663921,Zone- 145,2.0,,,,4,10,9,1,0,0,0,10,6
193,DIP,8,472.0,1970,193,0.000402505352821,0.000336777528408,0.000438997663475,0.000152654373614,0.0,0.000241973409889,0.0,0.000793510694739,Zone- 191,,,,,4,10,10,0,0,0,0,0,4
194,DIP,6,173.0,1970,194,0.0,0.0,0.001766242160784,1.8703527665e-05,5.7611603753e-05,0.0,0.000101417453064,0.000793510694739,Zone- 191,,,,,4,10,9,0,0,0,0,10,6
195, ,4,428.0, ,195,0.002244049207117,0.002178203188266,0.000690204356471,0.0,0.000171770686918,0.0,0.000537635914276,0.000920543533044,Zone- 195,,,,,4,10,9,0,0,0,0,6,5
196,DIP,12,915.0,2002,196,0.00270783293829,0.004046182472136,0.004100582212597,0.002677927267513,0.00310054131889,0.002832576110301,0.008306449475572,0.00770548216996,Zone- 196,,,,,7,10,9,0,0,0,0,0,4
197,DIP,8,120.0,2002,197,0.003240715822958,0.004632431194525,0.004502560970445,0.003347283632883,0.003518451991576,0.003462840753148,0.009306078598048,0.008845697514916,Zone- 197,,,,,4,10,9,0,0,0,0,0,4
198,DIP,6,1756.0,1960,198,5.2187523516e-05,0.000272837259669,0.000819162118959,9.090034213e-06,0.000158837970419,0.0,0.007846731750613,0.007038323652117,Zone- 198,,,,,4,10,9,0,0,0,0,2,4
199,DIP,12,1098.0,2002,199,2.3082945077e-05,0.0,0.000765567458672,0.0,0.000158295915233,0.0,0.009301967054047,0.008475209364046,Zone- 199,,,,,7,10,9,0,0,0,0,10,6
200,DIP,8,344.0,1983,200,0.000771613442779,0.000719492556993,0.0,0.0,0.000107787341331,0.0,0.007483719015131,0.008560412115683,Zone- 200,14.0,,,,4,10,9,5,0,0,0,7,6
201,DIP,8,274.0,1980,201,2.9050728396e-05,0.0,0.0,0.0,0.000220599355186,0.0,0.008409688109629,0.008445505958838,Zone- 201,,,,,4,10,9,0,0,0,0,10,6
202,DIP,8,309.0,1983,202,0.000869444642486,0.000817890927866,0.0,0.0,6.8188236768e-05,0.0,0.007471656135029,0.008064640140694,Zone- 202,7.0,,,,4,10,9,1,0,0,0,7,5
203,DIP,8,279.0,1980,203,0.000104399203277,5.6897213152e-05,0.0,0.0,5.0262676927e-05,0.0,0.008036851595351,0.007417722465737,Zone- 202,7.0,,,,4,10,9,1,0,0,0,7,5
204,DIP,8,465.0,2019,204,0.000771613442779,0.000719492556993,0.0,0.0,0.00010913863788,0.0,0.008036851595351,0.008064640140694,Zone- 204,4.0,,,,4,10,9,1,0,0,0,7,5
205,DIP,12,439.0,1995,205,9.36811684e-06,0.0,0.000449468596031,0.0,4.7201267284e-05,0.0,0.007023702081605,0.006556079876103,Zone- 156,7.0,,,,7,10,9,1,0,0,0,10,6
206,DIP,12,531.0,1995,206,9.36811684e-06,0.0,0.000629379794894,0.0,8.7298309352e-05,0.0,0.008424159337244,0.007337459690276,Zone- 206,2.0,,,,7,10,9,1,0,0,0,10,6
207,DIP,8,422.0,2019,207,0.000553341076207,0.000499806760515,0.0,0.0,0.000175428595311,0.0,0.006234983149046,0.006813864810126,Zone- 207,16.0,,,,4,10,9,5,0,0,0,7,6
208,DIP,8,197.0,2019,208,1.3746439324e-05,0.0,0.0,0.0,0.000150207228829,0.0,0.00674877526802,0.006549758470613,Zone- 207,16.0,,,,4,10,9,5,0,0,0,10,7
209,DIP,8,852.0,2019,209,2.1397400624e-05,0.0,0.0,0.0,8.3417398585e-05,0.0,0.004323712811357,0.005181566652842,Zone- 207,16.0,,,,4,10,9,5,0,0,0,10,7
210,DIP,4,57.0,2019,210,0.000238117479021,0.000186037965177,0.000223404863772,0.0,7.8360462828e-05,0.0,0.006720592697411,0.006685300084618,Zone- 210,,,,,4,10,9,0,0,0,0,6,5
211,DIP,12,366.0,1995,211,1.3727722919e-05,0.0,0.000448830082106,0.0,1.614084301e-05,0.0,0.005949284345119,0.006159357549566,Zone- 211,2.0,,,,7,10,9,1,0,0,0,10,6
212,CI,8,442.0,1940,212,0.0,0.0,0.001479109089837,0.0,0.000180005755583,0.0,0.003477050548833,0.004353772505926,Zone- 212,13.0,,,,4,10,9,5,0,0,0,10,7
213,DIP,4,340.0,2000,213,0.0,0.0,0.001432483033398,0.0,4.4386829345e-05,0.0,0.003474510891055,0.004335588074272,Zone- 213,6.0,,,,4,10,9,1,0,0,0,10,6
214,DIP,6,160.0,1995,214,0.0,0.0,0.001284816583996,6.9098429148e-05,0.000157704349656,0.0,0.004348814407704,0.004806864877776,Zone- 212,13.0,,,,4,10,9,5,0,0,0,10,7
215,DIP,8,70.0,1995,215,1.3339974448e-05,0.000660835001678,0.001644801263074,0.000573135653017,9.067558534e-06,1.4890961537e-05,0.004100487317421,0.004202056026631,Zone- 215,,,,,4,10,9,0,0,0,0,0,4
216,DIP,8,65.0,1995,216,0.0,0.0,0.001152309360516,0.000508919723764,0.000252122153873,0.0,0.004642525250884,0.00463018828409,Zone- 161,5.0,,,,4,10,9,1,0,0,0,10,6
217,DIP,12,531.0,1995,217,0.0,0.0,0.001207451561144,1.8108016919e-05,5.3017123383e-05,0.0,0.004632601161326,0.004756438627908,Zone- 217,12.0,,,,7,10,9,5,0,0,0,10,7
218,DIP,8,629.0,2013,218,0.0,0.0,0.0,0.0,0.000131339660438,0.0,0.001832817976473,0.00271701131978,Zone- 218,6.0,,,,4,10,9,1,0,0,0,10,6
219,DIP,8,164.0,2000,219,0.000837236747108,0.000787715019051,0.0,0.0,0.000137674816969,0.0,0.002482709600509,0.003451426149203,Zone- 213,6.0,,,,4,10,9,1,0,0,0,7,5
220,DIP,8,252.0,2000,220,0.000823457884168,0.000882174402325,0.000519700468868,0.0,5.679308677e-05,0.0,0.002834619657783,0.003748729260683,Zone- 213,6.0,,,,4,10,9,1,0,0,0,6,5
221,DIP,12,730.0,1995,221,0.0,0.0,0.000750788105421,0.0,1.4303092436e-05,0.0,0.003133170684875,0.003225740468953,Zone- 221,6.0,,,,7,10,9,1,0,0,0,10,6
222,CI,8,292.0,1938,222,0.0,0.0,0.001768629310465,0.0,0.000125968245623,0.0,0.00184246659595,0.00266070388108,Zone- 222,1.0,,,,4,10,9,1,0,0,0,10,6
223,DIP,8,529.0,2013,223,0.0,0.0,0.0,0.0,8.5368852039e-05,0.0,0.001781558136598,0.002779955579623,Zone- 223,11.0,,,,4,10,9,5,0,0,0,10,7
224,DIP,12,340.0,1995,224,0.0,0.0,0.001687822159886,0.0,8.6663324525e-05,0.0,0.002611581940829,0.001710364881079,Zone- 224,2.0,,,,7,10,9,1,0,0,0,10,6
225,DIP,12,519.0,1995,225,0.0,0.0,0.000752146858726,0.0,5.7438787988e-05,0.0,0.00261038558593,0.002662216866993,Zone- 225,9.0,,,,7,10,9,1,0,0,0,10,6
226,DIP,6,514.0,1980,226,9.19611052e-07,0.0,0.0,0.0,6.2962396216e-05,0.0,0.002733962626801,0.00171008718947,Zone- 226,18.0,zone,,,4,10,9,5,0,0,0,10,7
227,CI,8,718.0,1938,227,0.0,0.0,0.001801085049382,0.000782200418006,2.9735040009e-05,0.0,0.00259475530558,0.002657059054241,Zone- 227,11.0,,,,4,10,9,5,0,0,0,10,7
228,CI,4,342.0,1938,228,0.0,0.0,0.003846431414378,0.00081575994373,0.000143477712812,0.0,0.001814900733612,0.002574161135386,Zone- 228,3.0,,,,4,10,9,1,0,0,0,10,6
229,CI,12,333.0,1938,229,0.0,0.0,0.003943068349932,0.000833592795597,7.7221652408e-05,0.0,0.001796415752282,0.002636425136414,Zone- 229,,,,,7,10,9,0,0,0,0,10,6
230,CI,8,44.0,1930,230,0.0,0.0,0.003820640879382,0.001742750152874,6.3508559338e-05,0.0,0.00178507083017,0.002556805122947,Zone- 226,18.0,zone,,,4,10,9,5,0,0,0,10,7
231,CI,12,360.0,1930,231,0.0,0.0,0.003717841095501,0.001750350299193,2.8692742015e-05,0.0,0.000848518987312,0.001914344703169,Zone- 231,,,,,7,10,9,0,0,0,0,10,6
232,DIP,8,590.0,1980,232,0.0,0.0,0.001721142286248,0.0,6.1226217242e-05,0.0,0.001819282962989,0.00171057353973,Zone- 226,18.0,Connected,,,4,10,9,5,10,0,0,10,7
233,CI,8,326.0,1950,233,0.0,0.0,0.004503312026687,0.0,0.000100540401377,0.0,0.001783462646059,0.002256506822514,Zone- 233,,,,,4,10,9,0,0,0,0,10,6
234,CI,8,523.0,1950,234,0.0,0.0,0.004252133687419,0.000815563548068,3.5791669634e-05,0.0,0.002452014255432,0.002965113554752,Zone- 234,17.0,,,,4,10,9,5,0,0,0,10,7
235,CI,8,54.0,1950,235,0.0,0.0,0.005168815287399,0.000801266031046,4.4242189135e-05,0.0,0.00240115704795,0.002821088154388,Zone- 235,2.0,,,,4,10,9,1,0,0,0,10,6
236,CI,8,292.0,1950,236,0.0,0.0,0.004649942930132,0.000801982189176,0.000106306955231,0.0,0.001351158789745,0.001862939190357,Zone- 235,2.0,,,,4,10,9,1,0,0,0,10,6
237,CI,8,486.0,1930,237,0.0,0.0,0.003971480263036,0.001719605236468,4.9797885688e-05,0.0,0.001542213723987,0.002651192875699,Zone- 237,8.0,,,zone,4,10,9,1,0,0,0,10,6
238,CI,8,363.0,1930,238,0.0,0.0,0.005463727683823,0.001710020389346,4.2192571009e-05,0.0,0.001417312193794,0.001987629089724,Zone- 237,8.0,,,Connected,4,10,9,1,0,0,10,10,6
239,CI,4,83.0,1950,239,7.508720983e-06,0.000245747559782,0.005517032132333,0.002090590492,3.820174954e-06,0.0,0.00106197068424,0.002106884652266,Zone- 239,1.0,,,,4,10,9,1,0,0,0,3,5
240,CI,4,272.0,1950,240,0.0,0.0,0.003963585278244,0.001077774688268,0.000182527399155,0.0,0.001238590195494,0.00150806779936,Zone- 235,2.0,,,,4,10,9,1,0,0,0,10,6
241,DIP,16,925.0,1970,241,2.4605126728e-05,0.000311669534465,0.003257225636114,0.000382532306354,5.4251136268e-05,0.0,0.0,0.0,Zone- 241,,,,,7,10,10,0,0,0,0,3,5
242,DIP,16,226.0,1970,242,0.0,0.0,0.004136348227672,0.001295449610622,0.000167493535885,0.0,0.001070852495651,0.001572948715959,Zone- 242,,,,,7,10,9,0,0,0,0,10,6
243,DIP,8,279.0,2000,243,0.0,0.0,0.004788629076363,0.001103308989425,2.6360413544e-05,0.0,0.001036548856912,0.001597628158198,Zone- 243,20.0,,,,4,10,9,5,0,0,0,10,7
244,DIP,14,72.0,1960,244,0.0,0.0,0.004649942930132,0.001345678809606,0.000221860432483,0.0,0.00122969962205,0.001716674816,Zone- 235,2.0,,,,7,10,9,1,0,0,0,10,6
245,DIP,12,356.0,2000,245,0.0,0.0,0.00460505020304,0.001570146235148,9.859231941e-06,0.0,0.000577087765969,0.001166310548618,Zone- 184,7.0,,,,7,10,9,1,0,0,0,10,6
246,DIP,12,83.0,2003,246,0.002646023382256,0.002600092242134,0.002523892289553,0.0,0.000213548534694,0.0,0.000432316565201,0.000824737758425,Zone- 246,11.0,,,,7,10,9,5,0,0,0,6,6
247,DIP,12,21.0,2003,247,0.002726018491978,0.00267603170963,0.002463383186777,0.0,0.000233041396141,0.000112495085625,0.000554634946215,0.000986974108202,Zone- 247,,,,,7,10,9,0,0,0,0,6,5
248,DIP,8,92.0,1970,248,0.00214006408782,0.002077090819861,0.002630494701843,0.0,3.809381465e-05,0.00028030571576,0.001103923180279,0.001262990814168,Zone- 248,11.0,,,,4,10,9,5,0,0,0,6,6
249,DIP,12,288.0,2010,249,0.002040911790225,0.00198030796405,0.002524872987034,0.0,0.000150834604767,0.000199143613121,0.000673885799032,0.001102702359028,Zone- 249,,,,,7,10,9,0,0,0,0,6,5
250,DIP,8,23.0,1970,250,0.002722190537909,0.002675479089939,0.002479818946144,5.4288922107e-05,0.000344692078196,0.00037616896886,0.000785539954393,0.001249262436336,Zone- 250,,,,,4,10,9,0,0,0,0,0,4
251,DIP,8,28.0,1970,251,0.002488987627928,0.002435318034304,0.00252203659622,0.00010713714139,0.000191701842655,0.000295747492293,0.001021158177286,0.001500699032711,Zone- 251,,,,,4,10,9,0,0,0,0,0,4
252,DIP,8,241.0,2010,252,0.002296690012082,0.002245518136421,0.002462468053954,0.0,0.000175843287526,0.000136575568462,0.000554018191469,0.000986589021142,Zone- 252,,,,,4,10,9,0,0,0,0,6,5
253,DIP,8,323.0,1970,253,0.00214006408782,0.002077090819861,0.00246330749012,1.258727669e-05,0.000118732490389,4.9029414304e-05,0.000380671699268,0.000788244788564,Zone- 248,11.0,,,,4,10,9,5,0,0,0,0,5
254,DIP,16,277.0,2010,254,0.001755683085573,0.001825570931675,0.002630494701843,0.0,3.3036177567e-05,0.000260558997406,0.000557779325098,0.000777031383209,Zone- 241,,,,,7,10,9,0,0,0,0,6,5
255,DIP,16,89.0,1970,255,0.001366896238681,0.001499256429455,0.003371427278902,0.000693482245075,0.0007156727354,0.001012149955811,0.000189019767766,0.000389101011731,Zone- 255,,,,,7,10,9,0,0,0,0,0,4
256,DIP,12,39.0,2010,256,0.001732407090415,0.001764822660689,0.003146358511662,0.000317041928377,0.000412544424011,0.000719358665432,0.000557779325098,0.000777031383209,Zone- 241,,,,,7,10,9,0,0,0,0,0,4
257,DIP,8,27.0,1970,257,0.002371435316875,0.002313336973346,0.002552772827905,0.000106807714189,0.000124925911698,0.000322347782842,0.001143781141421,0.001497740645794,Zone- 257,,,,,4,10,9,0,0,0,0,0,4
258,DIP,16,105.0,1970,258,0.001366896238681,0.001439168447708,0.003018627480348,0.000529656619913,0.000406889081562,0.000999554432457,0.000189019767766,0.000389101011731,Zone- 255,,,,,7,10,9,0,0,0,0,0,4
259,DIP,8,257.0,1970,259,0.001312517741802,0.001319574104035,0.002630494701843,0.000146045482712,5.5620745508e-05,0.000486542477027,0.000248767402822,0.00044203204156,Zone- 248,11.0,,,,4,10,9,5,0,0,0,0,5
260,DIP,16,12.0,1970,260,0.001428502305569,0.001416321719366,0.00299315885046,0.000529656619913,0.000397399548625,0.000999554432457,0.000374676846362,0.000561759121788,Zone- 255,,,,,7,10,9,0,0,0,0,0,4
261,HDPE,14,315.0,2013,261,0.000295394808288,0.00074168167066,0.003066329893124,0.00066270612895,0.000275499726257,0.000226276802429,0.0,0.0,Zone- 248,11.0,,,,7,10,10,5,0,0,0,0,6
262,DIP,12,1746.0,1973,262,0.0,0.0,0.003012569221969,0.0,0.000125573532699,0.0,0.002017843466083,0.002113046149822,Zone- 262,13.0,,,,7,10,9,5,0,0,0,10,7
263,CI,4,239.0,1960,263,0.003773123029427,0.004908835448195,0.004660852105948,0.004267400013579,0.004061499916654,0.003814160462422,0.007670127958319,0.006885710353249,Zone- 263,,,,,4,10,9,0,0,0,0,0,4
264,DIP,6,159.0,2002,264,0.004006538032766,0.005207729590641,0.005060241838453,0.004755079552681,0.004290112104248,0.004059130332293,0.007875094529278,0.007085505574631,Zone- 264,,,,,4,10,9,0,0,0,0,0,4
265,DIP,6,226.0,2000,265,0.004569634045997,0.005771705337217,0.00559435071617,0.005094052183391,0.004852530507551,0.004623132574199,0.008287656484574,0.00730743608147,Zone- 264,,,,,4,10,9,0,0,0,0,0,4
266,DIP,8,536.0,1983,266,3.4616938757e-05,0.0,0.0,0.0,9.1681325188e-05,0.0,0.005224772719607,0.00624961450989,Zone- 266,9.0,,,,4,10,9,1,0,0,0,10,6
267,DIP,8,309.0,1983,267,0.001478282672571,0.001462877075583,0.0,0.0,8.0922046346e-05,0.0,0.006655696377405,0.007716263870353,Zone- 200,14.0,,,,4,10,9,5,0,0,0,7,6
268,DIP,8,435.0,1983,268,7.322914636e-06,4.2764173623e-05,0.0,0.0,0.00014380994703,0.0,0.005367291157452,0.006600151418474,Zone- 268,2.0,,,,4,10,9,1,0,0,0,7,5
269,DIP,8,467.0,1983,269,0.001189506388317,0.001176437988455,0.0,0.0,8.0962644058e-05,0.0,0.006540982596134,0.007696570461367,Zone- 200,14.0,,,,4,10,9,5,0,0,0,7,6
270,DIP,8,297.0,1983,270,0.00118575622796,0.001178761987085,0.0,0.0,7.6128242822e-05,0.0,0.006557082578989,0.007779159049619,Zone- 270,5.0,,,,4,10,9,1,0,0,0,7,5
271,DIP,8,436.0,1983,271,0.000827247222525,0.000783811363283,0.0,0.0,7.3751822028e-05,0.0,0.005821904172269,0.006354869743878,Zone- 271,7.0,,,,4,10,9,1,0,0,0,7,5
272,DIP,8,467.0,1983,272,0.00169961870977,0.001662759234936,0.0,0.0,5.0798994871e-05,0.0,0.007361499566358,0.008166670610497,Zone- 270,5.0,,,,4,10,9,1,0,0,0,7,5
273,DIP,8,36.0,1983,273,0.001716720489083,0.001664581628186,0.0,0.0,9.3276688525e-05,0.0,0.007371596090407,0.008166670610497,Zone- 270,5.0,,,,4,10,9,1,0,0,0,7,5
274,DIP,8,436.0,2019,274,0.001737009970379,0.001687118979653,0.0,0.0,8.5564580858e-05,0.0,0.006216611195393,0.006793463254015,Zone- 274,5.0,,,,4,10,9,1,0,0,0,7,5
275,DIP,8,305.0,2019,275,2.49486356e-07,0.0,0.0,0.0,0.00014113966206,0.0,0.00548875404894,0.00603438910352,Zone- 275,2.0,,,,4,10,9,1,0,0,0,10,6
276,DIP,8,529.0,2019,276,0.0,0.0,0.0,0.0,0.00010292934831,0.0,0.00395820739279,0.004506522708107,Zone- 276,4.0,,,,4,10,9,1,0,0,0,10,6
277,DIP,8,355.0,2019,277,0.000820799438258,0.00077725361927,0.0,0.0,0.000164947021902,0.0,0.005819222446157,0.006352143015018,Zone- 277,5.0,,,,4,10,9,1,0,0,0,7,5
278,DIP,8,456.0,2019,278,0.001430019241145,0.001386236957852,0.0,0.0,0.000128798719407,0.0,0.00471437913812,0.005453757298087,Zone- 278,9.0,,,,4,10,9,1,0,0,0,7,5
279,DIP,6,309.0,1998,279,0.0,0.0,0.001317074680316,0.0,0.000113648733412,0.0,0.003091620270045,0.003729507067384,Zone- 279,33.0,zone,,,4,10,9,8,0,0,0,10,7
280,DIP,8,356.0,1998,280,0.0,0.0,0.000565179781746,0.0,7.3515218436e-05,0.0,0.001350920386679,0.002226624453857,Zone- 280,4.0,,,,4,10,9,1,0,0,0,10,6
281,DIP,8,49.0,1998,281,0.0,0.0,0.001423725707693,0.0,0.000254040741345,0.0,0.002535995010052,0.003256021668759,Zone- 280,4.0,,,,4,10,9,1,0,0,0,10,6
282,DIP,8,111.0,1998,282,0.0,0.0,0.001527077736877,6.5820297959e-05,0.000192280767165,0.0,0.002710437415598,0.003401283372508,Zone- 279,33.0,zone,,,4,10,9,8,0,0,0,10,7
283,CI,8,490.0,1940,283,0.0,0.0,0.001474332743957,0.0,0.000153315925381,0.0,0.002812104222945,0.003485648215783,Zone- 212,13.0,,,,4,10,9,5,0,0,0,10,7
284,DIP,8,425.0,2019,284,0.0,0.0,0.0,0.0,0.000129329131713,0.0,0.003437525002422,0.004313617193615,Zone- 284,7.0,,,,4,10,9,1,0,0,0,10,6
285,DIP,8,467.0,1998,285,0.0,0.0,0.000755715903318,0.0,7.2563204887e-05,0.0,0.000168962322898,0.001234716229554,Zone- 280,4.0,,,,4,10,9,1,0,0,0,10,6
286,DIP,8,60.0,1998,286,0.0,0.0,0.000636029355334,1.839540669e-06,7.8548636094e-05,0.0,0.000938169449343,0.001795433342105,Zone- 280,4.0,,,,4,10,9,1,0,0,0,10,6
287,DIP,8,105.0,1998,287,0.0,0.0,0.000564285936263,0.0,0.0001164352567,0.0,0.001080314154158,0.001943098630719,Zone- 280,4.0,,,,4,10,9,1,0,0,0,10,6
288,DIP,8,390.0,2013,288,0.0,0.0,0.0,0.0,7.8548636094e-05,0.0,0.000938169449343,0.001795433342105,Zone- 218,6.0,,,,4,10,9,1,0,0,0,10,6
289,DIP,8,527.0,2013,289,0.0,0.0,0.0,0.0,8.7315586307e-05,0.0,0.000955491522869,0.00198226577628,Zone- 289,6.0,,,,4,10,9,1,0,0,0,10,6
290,DIP,8,261.0,1998,290,0.0,0.0,0.001724701120422,0.0,0.000171584318879,0.0,0.000286128845475,0.001337100979528,Zone- 290,6.0,,,,4,10,9,1,0,0,0,10,6
291,DIP,8,349.0,1998,291,0.0,0.0,0.001723625086286,0.0,0.000123210784357,0.0,0.000955668699103,0.001982436609029,Zone- 290,6.0,,,,4,10,9,1,0,0,0,10,6
292,DIP,4,35.0,2010,292,0.0,0.000244990610483,0.004129980455171,0.000310759793564,2.720324894e-06,0.0,0.001909037333138,0.002316806160254,Zone- 292,,,,,4,10,9,0,0,0,0,9,6
293,DIP,8,775.0,2010,293,0.0,0.0,0.001723625086286,0.0,6.2687681187e-05,0.0,0.001694933866971,0.002356799986594,Zone- 293,13.0,,,Connected,4,10,9,5,0,0,10,10,7
294,CI,4,327.0,1938,294,0.0,0.0,0.004157369078496,0.0,0.000141840237967,0.0,0.00207639160957,0.002365236527142,Zone- 294,4.0,,,,4,10,9,1,0,0,0,10,6
295,DIP,6,149.0,1980,295,0.00113329143355,0.001152801051576,0.003651217017556,0.000162271811491,1.1511351163e-05,0.000801605143872,0.000579833566101,0.001287687085079,Zone- 295,,,,,4,10,9,0,0,0,0,0,4
296,DIP,6,283.0,2001,296,0.000843930334445,0.000852169750078,0.003369845847586,0.00015247136218,3.0911897125e-05,0.000771596135336,0.000849841118076,0.00114048254107,Zone- 296,,,,,4,10,9,0,0,0,0,0,4
297,DIP,4,38.0,2010,297,3.389868331e-06,0.000456083192636,0.004794864831125,0.000260287386995,0.000227254958582,0.0,0.001678728644881,0.002483512901327,Zone- 297,,,,,4,10,9,0,0,0,0,3,5
298,DIP,8,639.0,2010,298,0.0,0.0,0.004415927902728,0.0,3.4184801618e-05,0.0,0.001762848876054,0.002158955791799,Zone- 298,11.0,,,,4,10,9,5,0,0,0,10,7
299,CI,4,253.0,1950,299,0.0,0.0,0.004596204544668,0.000113709967463,0.000131541634852,0.0,0.001997598230877,0.002326071865342,Zone- 299,2.0,,,,4,10,9,1,0,0,0,10,6
300,CI,4,256.0,1950,300,0.0,0.0,0.003901029589471,2.6568114348e-05,5.5386540087e-05,0.0,0.001255075992902,0.001493631203123,Zone- 298,11.0,,,,4,10,9,5,0,0,0,10,7
301,DIP,8,288.0,1994,301,0.0,0.0,0.00187921997923,2.624830506e-05,6.9028989373e-05,0.0,0.000311886765742,0.000493719272679,Zone- 301,12.0,,,,4,10,9,5,0,0,0,10,7
302,CI,4,53.0,1950,302,0.0,3.4165552464e-05,0.003901029589471,0.000973717606592,0.000110529054666,0.0,0.001245565433045,0.001493631203123,Zone- 235,2.0,,,,4,10,9,1,0,0,0,9,6
303,DIP,8,1020.0,2006,303,0.0,0.0,0.002292808718652,0.0,7.347021884e-05,0.0,0.000380671699268,0.000788244788564,Zone- 248,11.0,,,,4,10,9,5,0,0,0,10,7
304,DIP,12,1004.0,2003,304,0.0,0.0,0.002352529559949,0.0,7.4491932632e-05,0.0,0.000432316565201,0.000824737758425,Zone- 246,11.0,,,,7,10,9,5,0,0,0,10,7
305,DIP,8,332.0,2001,305,5.659239175e-06,3.7529401377e-05,0.00150342430788,0.00010321989457,0.00012297205432,0.0,0.00510629155752,0.005955184769267,Zone- 305,8.0,,,,4,10,9,1,0,0,0,3,5
306,DIP,8,65.0,2001,306,0.0,0.0,0.001374131791444,0.0,0.000208814376498,0.0,0.00510629155752,0.006086992832742,Zone- 305,8.0,,,,4,10,9,1,0,0,0,10,6
307,DIP,8,41.0,2001,307,5.856254099e-06,0.0,0.001310507022956,0.0,0.000180518119491,0.0,0.005205783865242,0.006206776738551,Zone- 305,8.0,,,,4,10,9,1,0,0,0,10,6
308,DIP,6,913.0,1960,308,0.0,0.0,0.000998574073527,0.0,9.0671349021e-05,0.0,0.003306794465278,0.004683631635254,Zone- 308,10.0,,,,4,10,9,1,0,0,0,10,6
309,DIP,8,17.0,1998,309,7.560857912e-06,0.0,0.001021021292922,0.0,0.000193595323553,0.0,0.00534766843585,0.006573972886366,Zone- 309,6.0,,,,4,10,9,1,0,0,0,10,6
310,DIP,6,483.0,1998,310,7.322914636e-06,0.0,0.001054812444837,0.0,9.5432323247e-05,0.0,0.005204288795906,0.00624961450989,Zone- 279,33.0,zone,,,4,10,9,8,0,0,0,10,7
311,DIP,6,276.0,1998,311,7.322914636e-06,0.0,0.001044563542562,2.707639839e-05,0.000127446198317,0.0,0.005367291157452,0.0065757039772,Zone- 279,33.0,zone,,,4,10,9,8,0,0,0,10,7
312,DIP,6,168.0,1998,312,2.49486356e-07,0.0,0.000769244334001,0.0,0.000154058876393,0.0,0.00548875404894,0.00603438910352,Zone- 279,33.0,zone,,,4,10,9,8,0,0,0,10,7
313,DIP,8,21.0,1998,313,4.4006343453e-05,1.9507745447e-05,0.001017679077243,0.0,0.000216687586213,0.0,0.005393523027095,0.006619688194362,Zone- 313,,,,,4,10,9,0,0,0,0,6,5
314,DIP,8,365.0,1998,314,0.001437995357641,0.001380851787648,0.001190957252623,0.0,0.000174489091238,0.0,0.003065559553235,0.003691291278763,Zone- 314,8.0,,,,4,10,9,1,0,0,0,6,5
315,DIP,6,504.0,1998,315,0.0,0.0,0.000745819993792,0.0,9.0587426043e-05,0.0,0.00395820739279,0.004506522708107,Zone- 279,33.0,Connected,,,4,10,9,8,10,0,0,10,8
316,DIP,6,336.0,1998,316,0.001621978505353,0.001570669739312,0.0,0.0,0.0001311360198,0.0,0.001650641853859,0.00227855397092,Zone- 316,31.0,,,,4,10,9,8,0,0,0,7,7
317,DIP,8,359.0,1998,317,0.001555286854831,0.001500949333399,0.0,0.0,5.1053898871e-05,0.0,0.000609446292489,0.001190172033255,Zone- 317,2.0,,,,4,10,9,1,0,0,0,7,5
318,DIP,8,94.0,1998,318,0.001618828730587,0.001570661540445,0.0,0.0,8.5414993385e-05,0.0,0.00181014171479,0.002353217815038,Zone- 314,8.0,,,,4,10,9,1,0,0,0,7,5
319,DIP,8,281.0,1998,319,0.001437995357641,0.001380851787648,0.000150092141178,0.0,5.4387734929e-05,0.0,0.002134004304049,0.002681793265097,Zone- 314,8.0,,,,4,10,9,1,0,0,0,6,5
320,DIP,6,602.0,1998,320,0.0,0.0,0.0,0.0,0.000127826161916,0.0,0.001821868713831,0.002365176780346,Zone- 320,2.0,,,,4,10,9,1,0,0,0,10,6
321,DIP,8,351.0,1998,321,0.000643987890609,0.000589399797534,0.0,0.0,0.000161563151888,0.0,0.00058831667979,0.001157557294258,Zone- 316,31.0,,,,4,10,9,8,0,0,0,7,7
322,DIP,8,219.0,1998,322,0.000616605492545,0.0005619965739,0.0,0.0,8.9273120277e-05,0.0,0.000271293151634,0.001138854620913,Zone- 322,2.0,,,,4,10,9,1,0,0,0,7,5
323,DIP,8,240.0,1998,323,0.0,0.0,0.0,0.0,0.000168242332033,0.0,0.001059457222067,0.001786072300927,Zone- 316,31.0,,,,4,10,9,8,0,0,0,10,7
324,HDPE,8,378.0,2014,324,0.000748629836353,0.001083722929342,0.003635192134934,0.000276734508021,0.000249069884155,0.000705426526473,0.0,0.0,Zone- 324,,,,,4,10,10,0,0,0,0,0,4
325,DIP,8,928.0,1985,325,0.0,0.0,0.003693758833588,0.0,0.000254272178512,0.0,0.000155862592905,0.000365540908202,Zone- 325,,,,Connected,4,10,9,0,0,0,10,10,6
326,DIP,8,672.0,1994,326,0.0,0.0,0.001222586191294,0.0,0.000120656020512,0.0,0.000290194014005,0.00047199339034,Zone- 301,12.0,,,,4,10,9,5,0,0,0,10,7
327,DIP,8,346.0,2010,327,0.0,0.0,0.001059914632757,0.0,4.1803603825e-05,0.0,0.000312295492935,0.00049419943935,Zone- 327,3.0,,,,4,10,9,1,0,0,0,10,6
328,DIP,8,548.0,1998,328,0.0,0.0,0.00102275821643,0.0,0.000142609375274,0.0,0.002093159440324,0.000668554462927,Zone- 328,15.0,,,,4,10,9,5,0,0,0,10,7
329,DIP,8,413.0,2010,329,0.000868323069939,0.001036859140552,0.0,0.0,8.6285899757e-05,0.0,0.001467730315313,0.001645285634826,Zone- 329,8.0,,,,4,10,9,1,0,0,0,7,5
330,DIP,12,3.0,2003,330,0.0,0.0,0.002352529559949,3.6693624408e-05,6.9638903617e-05,0.0,0.001786881802933,0.001234292891797,Zone- 330,9.0,,,,7,10,9,1,0,0,0,10,6
331,CI,8,198.0,1940,331,0.0,0.0,0.001813830160007,0.0,7.3562760327e-05,0.0,0.001856514962698,0.001227165751881,Zone- 331,8.0,,,,4,10,9,1,0,0,0,10,6
332,CI,4,535.0,1940,332,0.0,0.0,0.00179858907415,0.0,8.327978152e-05,0.0,0.000293258718613,0.000485625871956,Zone- 331,8.0,,,,4,10,9,1,0,0,0,10,6
333,CI,8,374.0,1940,333,0.0,0.0,0.002090608403364,0.0,0.000232021143924,0.0,0.001463190097055,0.000403560410913,Zone- 333,3.0,,,,4,10,9,1,0,0,0,10,6
334,DIP,12,137.0,2003,334,0.0,0.0,0.002850718900014,1.2868935176e-05,0.000202300847564,0.0,0.000960675116974,0.001362058854848,Zone- 330,9.0,,,,7,10,9,1,0,0,0,10,6
335,CI,4,170.0,1940,335,0.0,0.0,0.003323109638412,0.0,4.6015180958e-05,0.0,0.00063661324158,0.00093942434599,Zone- 335,3.0,,,,4,10,9,1,0,0,0,10,6
336,DIP,12,160.0,2003,336,0.0,0.0,0.002358292268999,0.0,6.8067135165e-05,0.0,0.001338069179137,0.001234292891797,Zone- 330,9.0,,,,7,10,9,1,0,0,0,10,6
337,DIP,12,794.0,2003,337,0.0,0.0,0.002752926322968,0.0,0.000101114783259,0.0,0.000476937412312,0.000709240517634,Zone- 330,9.0,,,,7,10,9,1,0,0,0,10,6
338,DIP,12,839.0,2003,338,2.9131669853e-05,0.0,0.001724444810732,0.0,6.3501015777e-05,0.0,0.000460481824183,0.000803255500461,Zone- 338,11.0,,,,7,10,9,5,0,0,0,10,7
339,DIP,12,502.0,2003,339,3.2531444777e-05,0.0,0.001925796590252,0.0,9.1451416312e-05,0.0,0.001940298372245,0.00125520675859,Zone- 338,11.0,,,,7,10,9,5,0,0,0,10,7
340,DIP,12,90.0,1970,340,0.0,0.0,0.001946740147999,0.0,0.000226590594826,0.0,0.003437614640329,0.001588030297628,Zone- 340,,,,,7,10,9,0,0,0,0,10,6
341,DIP,12,299.0,1973,341,0.0,0.0,0.002192443534617,0.0,0.000124522947696,0.0,0.003120663680879,0.00182966677657,Zone- 262,13.0,,,,7,10,9,5,0,0,0,10,7
342,DIP,12,967.0,1989,342,1.8782758713e-05,0.0,0.000364680748746,0.0,8.849706435e-05,0.0,0.003587555871938,0.00159232517369,Zone- 342,9.0,,,,7,10,9,1,0,0,0,10,6
343,CI,4,351.0,1940,343,0.0,0.0,0.002597186179008,0.0,8.8445405593e-05,0.0,0.00313359640443,0.002588428293392,Zone- 343,3.0,,,,4,10,9,1,0,0,0,10,6
344,DIP,6,386.0,1970,344,0.0,0.0,0.002364676062175,9.603050528e-06,9.1580401086e-05,0.0,0.00899706771351,0.003125319500156,Zone- 344,,,,,4,10,9,0,0,0,0,10,6
345,DIP,4,109.0,1980,345,0.0,0.000123074604759,0.000415546832416,0.000188798572215,0.000103569861306,0.0,0.006959027406334,0.003026383385039,Zone- 345,,,,,4,10,9,0,0,0,0,9,6
346,DIP,8,979.0,2001,346,5.945780585e-06,0.00122944597365,0.002126976688752,0.001295187989709,7.6964208047e-05,0.0,0.002687638380579,0.003305488198793,Zone- 346,4.0,,,,4,10,9,1,0,0,0,3,5
347,DIP,8,839.0,1998,347,0.0,0.0,0.0,0.0,0.000111449235221,0.0,0.003059018290235,0.00429954452279,Zone- 309,6.0,,,,4,10,9,1,0,0,0,10,6
348,DIP,6,329.0,1960,348,0.002148577120591,0.002144821446052,0.0,0.0,0.000144279222332,0.0,0.00302734415126,0.00426837958155,Zone- 308,10.0,,,,4,10,9,1,0,0,0,7,5
349,DIP,6,512.0,1998,349,0.002545364741763,0.002491993917631,0.0,0.0,0.000107880002318,0.0,0.001646496624793,0.002295737776359,Zone- 316,31.0,,,,4,10,9,8,0,0,0,7,7
350,DIP,8,382.0,1998,350,0.002328085115767,0.00228709743388,0.0,0.0,7.6471007366e-05,0.0,0.001650641853859,0.002295737776359,Zone- 316,31.0,,,,4,10,9,8,0,0,0,7,7
351,DIP,8,815.0,1998,351,0.001606051680599,0.001551722432931,0.0,0.0,0.000123872215158,0.0,0.000264076383559,0.000904075774895,Zone- 316,31.0,,,,4,10,9,8,0,0,0,7,7
352,CI,4,494.0,1938,352,0.0,0.000773231945435,0.004111876003416,0.000838953608292,0.000113796398043,1.5790499887e-05,0.001262715042196,0.00158880392597,Zone- 352,1.0,,,Connected,4,10,9,1,0,0,10,9,6
353,CI,6,263.0,1938,353,0.0,0.0,0.004579729712728,0.0,0.000150105888965,2.4377365548e-05,0.001102309367169,0.001535162527286,Zone- 353,2.0,,,zone,4,10,9,1,0,0,0,10,6
354,DIP,4,352.0,1980,354,0.0,0.0,0.004524985340316,0.0,4.7675394119e-05,0.0,0.000170364880994,0.000572475160114,Zone- 354,5.0,,,,4,10,9,1,0,0,0,10,6
355,CI,6,530.0,1938,355,0.0,0.000379248342982,0.001981255169865,0.000760057640693,6.9982957638e-05,0.0,0.001080411860165,0.001451433031141,Zone- 355,12.0,,,,4,10,9,5,0,0,0,9,7
356,CI,6,203.0,1938,356,0.0,0.0,0.003842799609547,1.4460193377e-05,0.000140942909938,0.0,0.00108052417929,0.001493251235693,Zone- 353,2.0,,,Connected,4,10,9,1,0,0,10,10,6
357,DIP,8,298.0,1985,357,0.0,0.000694313162233,0.003653994214463,0.000760057640693,0.000152085435039,0.0,0.000263915854328,0.000673573002675,Zone- 324,,,,,4,10,9,0,0,0,0,9,6
358,DIP,8,231.0,1995,358,5.620691882e-06,0.0,0.001511625237074,0.0,0.000103303479438,0.0,0.001957349933118,0.002207468868433,Zone- 358,10.0,,,,4,10,9,1,0,0,0,10,6
359,CI,8,638.0,1938,359,0.0,0.0,0.000816152047119,0.0,8.2333588433e-05,0.0,0.001901473862652,0.001342753454748,Zone- 359,17.0,,,,4,10,9,5,0,0,0,10,7
360,DIP,8,317.0,1994,360,0.0,0.0,0.001223582954833,0.0,0.000134989178935,0.0,0.001179730377729,0.00146176078501,Zone- 360,7.0,,,,4,10,9,1,0,0,0,10,6
361,CI,8,152.0,1938,361,0.0,0.0,0.001493961574547,0.000683272483727,7.4345773813e-05,0.0,0.001616277940559,0.001805448844145,Zone- 355,12.0,,,,4,10,9,5,0,0,0,10,7
362,DIP,8,64.0,1994,362,0.0,0.0,0.001137514922483,0.0,0.000102810743484,0.0,0.001107376761363,0.001381355243471,Zone- 362,1.0,,,,4,10,9,1,0,0,0,10,6
363,CI,4,292.0,1940,363,0.0,0.0,0.001242839755957,0.0,3.6520032189e-05,0.0,0.003506831292681,0.001359552985604,Zone- 363,3.0,,,,4,10,9,1,0,0,0,10,6
364,DIP,8,298.0,1998,364,0.0,0.0,0.001129829601177,0.000387447082337,4.6605547434e-05,0.0,0.003377670691465,0.000600068742076,Zone- 364,8.0,,,,4,10,9,1,0,0,0,10,6
365,CI,8,206.0,1938,365,0.0,0.0,0.001258193578749,0.0,8.485796187e-05,0.0,0.003523887863985,0.000777665803961,Zone- 359,17.0,,,,4,10,9,5,0,0,0,10,7
366,DIP,8,193.0,1998,366,0.0,0.0,0.001022410410039,0.0,4.6605547434e-05,0.0,0.003037250732529,0.000711470295079,Zone- 364,8.0,,,,4,10,9,1,0,0,0,10,6
367,DIP,8,304.0,2010,367,0.0,0.0,0.0,0.0,9.8030616405e-05,0.0,0.002153253805896,0.000711470295079,Zone- 329,8.0,,,,4,10,9,1,0,0,0,10,6
368,DIP,8,789.0,2006,368,4.712438587e-05,0.0,0.0018529971435,0.0,0.000135375300443,0.0,0.000478526092704,0.000752104024752,Zone- 368,9.0,,,,4,10,9,1,0,0,0,10,6
369,DIP,12,747.0,1973,369,4.708197383e-05,0.0,0.0,0.0,0.00017560585963,0.0,0.003539844309403,0.0,Zone- 369,,,,,7,10,10,0,0,0,0,10,6
370,DIP,6,838.0,1970,370,0.000988811122546,0.00101306337231,0.0,0.0,0.0,0.0,0.004069867752181,0.000604360835453,Zone- 370,1.0,,,,4,10,9,1,0,0,0,7,5
371,DIP,8,603.0,1970,371,3.9762293141e-05,0.0,0.0,0.0,8.947560867e-05,0.000106884146699,0.006737508331069,0.001438295393342,Zone- 371,,,,,4,10,9,0,0,0,0,10,6
372,DIP,12,296.0,1989,372,3.1246069865e-05,6.0883011853e-05,0.000380354804142,9.6060896116e-05,0.000185019177427,0.0,0.006945383942837,0.003000106619594,Zone- 372,,,,,7,10,9,0,0,0,0,3,5
373,DIP,12,713.0,1987,373,0.0,0.0,0.002756197834346,4.7348770322e-05,0.000134773715939,0.0,0.009630213399424,0.001121816695439,Zone- 373,1.0,,,,7,10,9,1,0,0,0,10,6
374,DIP,12,299.0,1970,374,0.0,0.0,0.002789212450972,0.000318354882906,0.000251769149689,0.0,0.009630213399424,0.002946380050128,Zone- 374,,,,,7,10,9,0,0,0,0,10,6
375,DIP,12,446.0,1989,375,1.7702588396e-05,0.0,0.001207267834175,3.6695438108e-05,0.000161062497204,0.0,0.008008089296453,0.003077933194073,Zone- 372,,,,,7,10,9,0,0,0,0,10,6
376,CI,4,837.0,1940,376,0.004033471826201,0.004017079845607,0.0,0.0,0.000203563862636,0.0,0.001019932152621,0.001654373894341,Zone- 376,14.0,,,,4,10,9,5,0,0,0,7,6
377,DIP,8,621.0,2001,377,0.002650042149647,0.003089342947048,0.002757428220638,0.0,0.000110746947622,0.0,0.001062656108473,0.00167295053963,Zone- 346,4.0,,,,4,10,9,1,0,0,0,6,5
378,CI,4,662.0,1940,378,0.004033471826201,0.004055905611171,0.0,0.0,0.0002808742822,0.0,0.000994728693669,0.002401946622918,Zone- 376,14.0,,,,4,10,9,5,0,0,0,7,6
379,CI,4,711.0,1940,379,0.002117423580687,0.002114403159249,0.0,0.0,0.000181075490307,0.0,0.001114625011102,0.002410628300059,Zone- 376,14.0,,,,4,10,9,5,0,0,0,7,6
380,DIP,8,91.0,0,380,0.003898801648211,0.003878494914697,0.00068294417504,0.0,5.1455009038e-05,0.0,0.001110017498285,0.001602598645675,Zone- 316,31.0,,,,4,10,9,8,0,0,0,6,7
381,DIP,2,52.0,1998,381,0.003910720783962,0.00388711111606,0.0,0.0,0.000433254103859,0.0,0.001785633967272,0.002314795296776,Zone- 316,31.0,,,,1,10,9,8,0,0,0,7,7
382,DIP,8,194.0,1998,382,0.003898801648211,0.003876776683669,9.229623535e-06,2.7364332055e-05,0.000278751702552,0.0,0.001110017498285,0.001602598645675,Zone- 316,31.0,,,,4,10,9,8,0,0,0,2,6
383,DIP,8,170.0,1998,383,0.003843234964494,0.003788954581327,0.000688687717117,0.0,0.000272395805446,0.0,0.000532414999968,0.001003059114093,Zone- 316,31.0,,,,4,10,9,8,0,0,0,6,7
384,DIP,8,995.0,1995,384,7.708980656e-06,0.0,0.001960532526561,0.0,0.000112815847741,0.0,0.00095294682512,0.002699347270816,Zone- 384,1.0,Connected,,,4,10,9,1,10,0,0,10,6
385,DIP,4,632.0,2000,385,7.96008336e-06,0.0,0.001613556312355,0.0,1.0815319471e-05,0.0,0.002527560647399,0.001925531043872,Zone- 385,8.0,,,,4,10,9,1,0,0,0,10,6
386,DIP,8,1017.0,1998,386,0.0,0.0,0.001352787283351,0.0,9.9604605914e-05,0.0,0.003517390983736,0.000543725045606,Zone- 386,15.0,,,,4,10,9,5,0,0,0,10,7
387,DIP,12,681.0,1985,387,1.096640229e-05,1.2425250743e-05,0.0,0.0,2.909052193e-05,0.0,0.004679901894762,0.001307222598944,Zone- 387,21.0,,,,7,10,9,5,0,0,0,7,7
388,DIP,8,522.0,2006,388,0.002342038221618,0.00232275884897,0.0,0.0,2.4472252361e-05,0.0,0.003798329276148,0.00067774855787,Zone- 388,4.0,,,,4,10,9,1,0,0,0,7,5
389,DIP,12,415.0,1985,389,0.002280480995108,0.002267491179353,0.0,0.0,8.0565605254e-05,0.0,0.004677673756845,0.001480240733367,Zone- 387,21.0,,,,7,10,9,5,0,0,0,7,7
390,DIP,12,761.0,1985,390,0.003660655168779,0.00360336120035,0.0,0.0,8.61633962e-05,0.0,0.004843075411195,0.001971844990107,Zone- 387,21.0,,,,7,10,9,5,0,0,0,7,7
391,DIP,12,649.0,1973,391,0.002089122674068,0.002038842487737,0.0,0.0,0.000268639273111,0.0,0.004724227279589,0.000329878593647,Zone- 391,1.0,,,,7,10,9,1,0,0,0,7,6
392,DIP,12,1095.0,1970,392,0.002120946303719,0.002055224614858,0.0,0.0,0.000140821841175,0.0,0.00602038345324,0.000625520646077,Zone- 392,13.0,,,,7,10,9,5,0,0,0,7,7
393,DIP,12,627.0,1970,393,0.0,0.0,0.001557406870768,0.0,0.000146717372747,0.0,0.010258019465174,0.0,Zone- 393,,,,,7,10,10,0,0,0,0,10,6
394,DIP,6,328.0,1987,394,0.0,0.0,0.002334471395237,0.0,8.031968004e-05,0.0,0.00920590121353,0.000940802991969,Zone- 394,1.0,,,,4,10,9,1,0,0,0,10,6
395,DIP,8,401.0,1995,395,0.0,0.0,0.002340024975977,0.0,0.00010812784691,0.0,0.000708584793396,0.004415477520093,Zone- 384,1.0,zone,,,4,10,9,1,0,0,0,10,6
396,CI,4,709.0,1950,396,1.1815538257e-05,0.0,0.0,0.0,7.732259014e-05,0.0,0.000964585881181,0.003944709220922,Zone- 396,20.0,,,,4,10,9,5,0,0,0,10,7
397,CI,4,414.0,1950,397,0.002388767636389,0.002326717178149,0.0,0.0,9.566221148e-05,0.0,0.003037049232311,0.003944709220922,Zone- 396,20.0,,,,4,10,9,5,0,0,0,7,6
398,CI,4,187.0,1950,398,0.001965681123839,0.001916239714078,0.0,0.0,0.000105388096588,0.0,0.003397524574027,0.003757454388901,Zone- 396,20.0,,,,4,10,9,5,0,0,0,7,6
399,DIP,12,671.0,1985,399,0.0,0.0,0.000782666962098,0.0,2.1967495968e-05,0.0,0.004026094662913,0.002897261383622,Zone- 399,44.0,,,,7,10,9,8,0,0,0,10,8
400,DIP,12,343.0,1985,400,6.260103125e-06,0.0,0.001235250825475,1.0261369366e-05,7.5465494688e-05,0.0,0.005653207369434,0.002180815680187,Zone- 399,44.0,,,,7,10,9,8,0,0,0,10,8
401,CI,4,593.0,1950,401,0.0,0.0,0.000540301168825,0.0,0.000121561687069,0.0,0.004038113498694,0.002081066010872,Zone- 396,20.0,,,,4,10,9,5,0,0,0,10,7
402,DIP,12,244.0,1985,402,5.868465627e-06,0.0,0.001230340091573,0.0,8.4535241754e-05,0.0,0.005123163571886,0.001828605821213,Zone- 399,44.0,,,,7,10,9,8,0,0,0,10,8
403,DIP,10,430.0,1990,403,1.0271096033e-05,0.0,0.000429032674819,0.0,6.9552402365e-05,0.0,0.005236649069636,0.001796358149758,Zone- 403,4.0,,,,7,10,9,1,0,0,0,10,6
404,DIP,10,945.0,1980,404,0.003872157344834,0.003821257200476,0.0,0.0,0.000139453919385,0.0,0.006035713141387,0.001965781406192,Zone- 404,2.0,,,,7,10,9,1,0,0,0,7,6
405,DIP,10,896.0,1988,405,0.001759731235324,0.001695951567011,0.0,8.54491278e-06,0.000154786993719,0.0,0.008588648436453,0.002103166585621,Zone- 405,1.0,,,,7,10,9,1,0,0,0,7,6
406,DIP,10,539.0,1970,406,0.001858351564886,0.001792628197583,0.001665465284643,0.0,6.0116118799e-05,0.0,0.009227043237542,0.000681963629364,Zone- 406,,,,,7,10,9,0,0,0,0,6,5
407,DIP,4,83.0,1970,407,0.000980501602365,0.000914763157884,0.001394063728191,0.000156246319919,0.0,9.608186439e-05,0.01009456156992,0.000818848036916,Zone- 407,1.0,,,Connected,4,10,9,1,0,0,10,0,5
408,DIP,4,86.0,1970,408,0.000960554299699,0.000894840383803,0.0015835376856,0.0,0.0002018568645,0.0,0.009961345726775,0.000584161433031,Zone- 407,1.0,,,zone,4,10,9,1,0,0,0,6,5
409,DIP,12,579.0,1970,409,0.0,0.0,0.001606808601634,0.0,0.000161047521099,0.0,0.009017651116977,0.000535958810869,Zone- 392,13.0,,,,7,10,9,5,0,0,0,10,7
410,DIP,12,25.0,1970,410,0.0,0.0,0.00148963541065,0.0,0.000272950078875,0.0,0.010825799872253,0.000588901219783,Zone- 410,1.0,,,,7,10,9,1,0,0,0,10,6
411,DIP,8,490.0,1985,411,8.673103202e-06,0.0,0.001339469808788,4.3554371694e-05,0.000202047530867,0.000108640602239,0.00061876873393,0.004672172811864,Zone- 399,44.0,,,,4,10,9,8,0,0,0,10,7
412,DIP,12,455.0,1990,412,0.0,0.0,0.001771532976362,1.384198351e-06,0.000190016759705,0.0,0.000598258685665,0.00458191174081,Zone- 399,44.0,,,,7,10,9,8,0,0,0,10,8
413,DIP,8,126.0,1985,413,2.326892813e-06,0.0,0.002336847743943,1.384198351e-06,0.000173809937614,0.0,0.000650455748824,0.004594047077971,Zone- 399,44.0,,,,4,10,9,8,0,0,0,10,7
414,DIP,12,661.0,1985,414,2.326892813e-06,0.0,0.0,0.0,8.4774615001e-05,0.0,0.000708584793396,0.004594047077971,Zone- 399,44.0,,,,7,10,9,8,0,0,0,10,8
415,DIP,12,251.0,1985,415,0.002248169019111,0.002215936567608,0.0,0.0,8.6413974771e-05,0.0,0.003101095869169,0.00449467195777,Zone- 399,44.0,,,,7,10,9,8,0,0,0,7,7
416,DIP,12,1754.0,1998,416,0.0,0.000593797797499,0.00083969319403,0.000552502294827,0.000291427622118,0.0,0.003667248217878,0.003448846060619,Zone- 416,,,,,7,10,9,0,0,0,0,9,6
417,DIP,10,1144.0,1990,417,0.004450878647608,0.004385016116656,0.0,0.0,0.000270500930586,0.0,0.008614484976302,0.002676896503054,Zone- 417,,,,,7,10,9,0,0,0,0,7,6
418,DIP,4,114.0,1990,418,0.004929067515024,0.004863533411102,0.001213477779937,1.5927216282e-05,0.0,2.2029239628e-05,0.009578923664667,0.003908641370372,Zone- 418,,,,,4,10,9,0,0,0,0,0,4
419,DIP,10,216.0,1988,419,0.001524653059383,0.001467811525902,2.2017454108e-05,6.545000458e-06,0.000322350640024,0.0,0.010883404397789,0.001701909269262,Zone- 419,1.0,,,,7,10,9,1,0,0,0,2,5
420,DIP,12,502.0,1990,420,0.0,0.0,0.000432487244185,5.567323567e-05,0.000256423840061,3.879557951e-06,0.000812358060513,0.004859834220655,Zone- 399,44.0,,,,7,10,9,8,0,0,0,10,8
421,DIP,12,88.0,1998,421,0.002763821896686,0.002706289403521,0.00121094529228,0.000929218706398,8.100681715e-05,0.000914946398466,0.004115053600134,0.007632231911268,Zone- 416,,,,,7,10,9,0,0,0,0,0,4
422,DIP,8,963.0,2000,422,0.000457897994903,0.000397916688328,0.0,0.0,0.000121375667713,0.0,0.004851116922748,0.006501374379738,Zone- 422,25.0,,,,4,10,9,5,0,0,0,7,6
423,DIP,12,1788.0,1997,423,0.0,0.0,0.001623799728209,1.185248057e-05,0.000113969176504,0.0,0.006430563541315,0.002897261383622,Zone- 399,44.0,,,,7,10,9,8,0,0,0,10,8
424,DIP,8,173.0,2000,424,0.0,0.0,0.003119077960053,0.0,0.00014598429598,0.0,0.0081567959867,0.006413950650866,Zone- 422,25.0,,,,4,10,9,5,0,0,0,10,7
425,DIP,10,488.0,1990,425,0.003620612914426,0.003922098432229,0.0,0.0,0.000398815422091,0.0,0.010117787423712,0.00572525386836,Zone- 425,,,,,7,10,9,0,0,0,0,7,6
426,DIP,10,2047.0,1992,426,0.001524653059383,0.001467811525902,0.0,0.0,0.000140903589777,0.0,0.011032036207268,0.001701909269262,Zone- 752,,,,,7,10,9,0,0,0,0,7,6
427,DIP,12,684.0,1990,427,0.0,0.001259006703331,0.001284000592529,0.000566243107473,0.000372626285137,0.0,0.003202182027444,0.006260195259992,Zone- 427,14.0,,,,7,10,9,5,0,0,0,9,7
428,DIP,12,673.0,1990,428,0.0,0.0,0.000153534984572,5.820650046e-06,0.000271565597244,0.0,0.001850829031065,0.005421094624439,Zone- 399,44.0,,,,7,10,9,8,0,0,0,10,8
429,DIP,12,99.0,1998,429,0.000109031318131,0.00026774087024,0.000399732100018,0.000328724532525,6.5347174381e-05,0.000192443522811,0.002625529685087,0.005989150230083,Zone- 429,,,,,7,10,9,0,0,0,0,0,4
430,DIP,12,26.0,1998,430,1.2354505707e-05,0.000247484073576,0.000340632413893,0.000303317436521,0.000186617152559,0.000173263134552,0.002587096803952,0.005917500706134,Zone- 429,,,,,7,10,9,0,0,0,0,0,4
431,DIP,12,125.0,1998,431,0.002769311018494,0.002706380510496,0.001260775243023,0.000989541127961,0.0,0.000975569900249,0.004193202069572,0.007772051238738,Zone- 431,,,,,7,10,9,0,0,0,0,0,4
432,DIP,12,672.0,1998,432,0.000284304553812,0.000553574391233,0.000688359487284,0.000615868699241,6.0749768004e-05,0.000482061466369,0.002911641312418,0.006271043069741,Zone- 429,,,,,7,10,9,0,0,0,0,0,4
433,DIP,12,698.0,1997,433,2.3022428723e-05,0.001116590582771,0.004383184886239,0.000722180813046,0.000374909466095,4.8435084898e-05,0.009546095052707,0.007549381774519,Zone- 399,44.0,,,,7,10,9,8,0,0,0,0,6
434,DIP,12,788.0,1997,434,0.000778042658028,0.003285189451436,0.001797831507978,1.5078439516e-05,0.001169466697869,0.0,0.011595991238031,0.007434945356418,Zone- 399,44.0,,,,7,10,9,8,0,0,0,2,6
435,DIP,12,271.0,1997,435,0.003194629774316,0.00423634568268,0.000914544090023,1.9960764697e-05,0.001311921810213,0.0,0.011470284073575,0.006748248058058,Zone- 399,44.0,,,,7,10,9,8,0,0,0,2,6
436,DIP,12,371.0,1997,436,0.004101369075491,0.004923724190171,1.2618675925e-05,0.0,0.000708100145675,0.0,0.010879666456597,0.005755633217283,Zone- 399,44.0,,,,7,10,9,8,0,0,0,6,7
437,DIP,12,850.0,1990,437,1.292630611e-06,0.001796893812108,0.002686057568894,0.000566220654082,6.0690866462e-05,0.0,0.003606796815648,0.005795639638276,Zone- 427,14.0,,,,7,10,9,5,0,0,0,3,6
438,DIP,10,417.0,2006,438,0.0,0.0,0.00293047821434,0.0,0.000115421286763,0.0,0.004188176985835,0.00686561062015,Zone- 438,3.0,,,,7,10,9,1,0,0,0,10,6
439,DIP,12,1818.0,1990,439,0.0,0.0,0.001298353757086,0.0,0.000161079272786,0.0,0.003371479115185,0.006620578721953,Zone- 427,14.0,,,,7,10,9,5,0,0,0,10,7
440,DIP,12,187.0,1997,440,0.000446638508877,0.003139771707917,0.004214890150772,2.8532516062e-05,0.00126843716382,0.0,0.011152015994592,0.00948551457584,Zone- 399,44.0,,,,7,10,9,8,0,0,0,2,6
441,DIP,8,354.0,1990,441,0.0,0.0,0.00456528757212,0.0,0.000115854714537,0.0,0.005898373600949,0.008547025589081,Zone- 427,14.0,,,,4,10,9,5,0,0,0,10,7
442,DIP,12,2343.0,1997,442,0.000676551723042,0.00353057267775,0.004214890150772,3.148652338e-06,0.000107500944525,0.0,0.011771300728634,0.009544800598549,Zone- 399,44.0,,,,7,10,9,8,0,0,0,2,6
443,DIP,8,865.0,1990,443,0.0,0.001140027933948,0.004848437874767,0.0,6.541603627e-05,0.0,0.005983638382021,0.008583608958112,Zone- 427,14.0,,,,4,10,9,5,0,0,0,9,7
444,DIP,8,1358.0,2005,444,0.0,0.0,0.002557487094483,0.0,9.2069873443e-05,0.0,0.000981774753705,0.002129600086467,Zone- 444,31.0,,,,4,10,9,8,0,0,0,10,7
445, ,8,18.0,2005,445,0.0,0.0,0.00452214985908,0.0,0.000244795963453,0.0,0.004843968677947,0.002722526068724,Zone- 444,31.0,,,,4,10,9,8,0,0,0,10,7
446,DIP,8,798.0,2005,446,0.0,0.0,0.004495095026988,0.0,0.00028363403109,2.7467993352e-05,0.004969077014644,0.002709861587561,Zone- 446,1.0,,,,4,10,9,1,0,0,0,10,6
447, ,8,17.0,2005,447,0.0,0.0,0.004495095026988,0.0,0.000256869412226,2.8939400184e-05,0.004909993257094,0.002709861587561,Zone- 446,1.0,,,,4,10,9,1,0,0,0,10,6
448,DIP,8,26.0,2005,448,0.0,1.6101592897e-05,0.004438565366872,8.0487339488e-05,0.000391452577193,0.000152859064904,0.005057436268843,0.002690458171303,Zone- 33,6.0,,,,4,10,9,1,0,0,0,9,6
449,DIP,8,99.0,2005,449,1.8665094433e-05,7.5887148829e-05,0.004164899553724,0.000141666956232,0.000391452577193,0.000222525921289,0.005133719259059,0.002468614966671,Zone- 33,6.0,,,,4,10,9,1,0,0,0,0,4
450,DIP,8,64.0,2005,450,0.0,5.7851411629e-05,0.003958832595343,0.000499618210274,0.000432281611991,0.000151906361206,0.005475884673499,0.002268386199285,Zone- 33,6.0,,,,4,10,9,1,0,0,0,9,6
451,DIP,8,114.0,2005,451,0.004481241085029,0.004980358841708,0.00217889967106,1.7722401482e-05,9.6913643947e-05,0.0,0.000981774753705,0.001847229763284,Zone- 444,31.0,,,,4,10,9,8,0,0,0,2,6
452,DIP,8,31.0,2005,452,0.004857113489662,0.005296229894385,0.002124864792543,0.0,0.000267503489431,0.0,0.001061152100613,0.001847229763284,Zone- 444,31.0,,,,4,10,9,8,0,0,0,6,7
453,DIP,8,826.0,2005,453,0.004899055375074,0.005303348702931,0.0,0.0,0.000157687183386,2.796791682e-06,0.00040320971115,0.001009937571735,Zone- 444,31.0,,,,4,10,9,8,0,0,0,7,7
454, ,6,86.0,0,454,0.006917795123897,0.007048438677387,0.0,0.0,0.000160322752901,0.0,0.000461266307387,0.001026404717646,Zone- 1,17.0,,,,4,10,9,5,0,0,0,7,6
455, ,6,271.0,0,455,0.006094635810951,0.006127382228209,0.000164385588032,0.0,0.000154749300709,0.0,0.000709768942957,0.00130469974547,Zone- 1,17.0,,,,4,10,9,5,0,0,0,6,6
456,DIP,8,29.0,2005,456,0.0,0.0,0.005476221596458,0.0,0.000467703245138,0.0,0.006698856391158,0.003728020187473,Zone- 1,17.0,,,,4,10,9,5,0,0,0,10,7
457,DIP,8,570.0,2005,457,0.0,0.0,0.005546512746709,0.0,0.000139676437225,0.0,0.005010589772699,0.003579512078989,Zone- 1,17.0,,,,4,10,9,5,0,0,0,10,7
458,DIP,8,240.0,2011,458,0.00076105474861,0.001149352377967,0.00203349603366,0.0,5.3202443738e-05,0.0,0.000278197288483,0.001876797251154,Zone- 458,8.0,,,,4,10,9,1,0,0,0,6,5
459,DIP,8,22.0,2011,459,0.001650486493952,0.001854219756788,0.002861957210308,3.132162108e-06,0.000140467678079,0.0,0.000275257759682,0.0018069592331,Zone- 458,8.0,,,,4,10,9,1,0,0,0,2,5
460,DIP,8,322.0,2011,460,0.001667915682015,0.001603554590872,0.002707288070393,0.0,0.00011451612251,0.0,0.000275257759682,0.000973516600671,Zone- 458,8.0,,,,4,10,9,1,0,0,0,6,5
461,DIP,8,8.0,2011,461,0.001646260025102,0.001581410471208,0.002685289753024,0.0,0.000193575108134,0.0,0.000305792046201,0.000966979577997,Zone- 458,8.0,,,,4,10,9,1,0,0,0,6,5
462,DIP,8,201.0,2011,462,0.000901858808411,0.000836294721042,0.001940340047134,0.0,0.000112792575951,0.0,0.000305792046201,0.000966979577997,Zone- 458,8.0,,,,4,10,9,1,0,0,0,6,5
463,DIP,8,520.0,2011,463,6.7873729909e-05,4.1900723392e-05,0.001593072741316,0.0,0.000256041428123,0.0,0.000363733853428,0.000798634976928,Zone- 463,,,,,4,10,9,0,0,0,0,6,5
464,DIP,8,42.0,2011,464,0.0,0.0,0.001544807714033,0.0,0.000345092192687,0.0,0.000576257564866,0.000810866279636,Zone- 463,,,,,4,10,9,0,0,0,0,10,6
465,DIP,8,290.0,2011,465,0.0,0.0,0.000684785889514,1.074165612e-05,0.000192015155953,0.0,0.000716869840746,0.000843148422966,Zone- 465,10.0,,,,4,10,9,1,0,0,0,10,6
466,DIP,8,819.0,2011,466,0.0,0.0,0.000987431769181,0.0,9.8264105246e-05,0.0,0.000685331361362,0.000921256280184,Zone- 466,13.0,,,,4,10,9,5,0,0,0,10,7
467,DIP,8,144.0,2011,467,0.000503803914431,0.000761696646067,0.00036932141982,0.0,8.9988141186e-05,0.0,0.001625358929847,0.000376401236939,Zone- 465,10.0,,,,4,10,9,1,0,0,0,6,5
468,DIP,8,327.0,2011,468,0.000502748294538,0.000448153224481,0.0,0.0,0.000216550828682,0.0,0.001865337612832,0.000216527508119,Zone- 465,10.0,,,,4,10,9,1,0,0,0,7,5
469,DIP,8,178.0,2011,469,1.5375503096e-05,0.0,0.000325304966493,0.0,0.000188449756975,0.0,0.001514114524668,0.000387715597999,Zone- 465,10.0,,,,4,10,9,1,0,0,0,10,6
470,DIP,8,9.0,2011,470,0.0,0.0,0.000875052419181,8.213362508e-06,0.000231015367794,0.0,0.001507865926915,0.000630897816962,Zone- 466,13.0,,,,4,10,9,5,0,0,0,10,7
471,DIP,8,317.0,2011,471,0.0,0.0,0.000886794459349,0.0,0.000103992736973,0.0,0.000792656932685,0.000660458074143,Zone- 466,13.0,,,,4,10,9,5,0,0,0,10,7
472,DIP,8,22.0,2011,472,0.0,0.000859533881705,0.001357900482119,0.000793204629514,0.000106981837092,0.0,0.000792656932685,0.001658939783428,Zone- 466,13.0,,,,4,10,9,5,0,0,0,9,7
473,DIP,8,556.0,2011,473,0.0,0.0,0.000813775670745,0.0,0.000155985349333,0.0,0.001514114524668,0.000534839811822,Zone- 473,10.0,,,,4,10,9,1,0,0,0,10,6
474,DIP,8,313.0,2011,474,0.0,0.0,0.001566049193426,0.0,0.000213938383246,0.0,0.000627856881524,0.0003067852952,Zone- 175,1.0,,,,4,10,9,1,0,0,0,10,6
475,DIP,8,11.0,2011,475,0.000108433948102,4.267976432e-05,0.002356382249631,0.0,0.000131300191437,0.0,0.002580956331577,0.001046622753371,Zone- 475,,,,,4,10,9,0,0,0,0,6,5
476,DIP,8,516.0,2001,476,0.001602191101212,0.002662874164588,0.0,6.391907576e-06,0.000111734234103,0.000621937490853,0.002557573201901,0.000419056407841,Zone- 476,18.0,,,,4,10,9,5,0,0,0,7,6
477,DIP,8,385.0,2001,477,0.00301521172509,0.00360336120035,0.0,0.0,0.000101380337445,0.000486748054361,0.003861827090927,0.001514033522482,Zone- 387,21.0,,,,4,10,9,5,0,0,0,7,6
478,DIP,6,10.0,0,478,0.000134345620298,0.001381235902926,0.00354816779465,0.001294009464021,0.000480673380748,0.0,0.004290738521265,0.001550102113434,Zone- 478,,,,,4,10,9,0,0,0,0,3,5
479,DIP,8,501.0,2023,479,0.0,0.0,0.003534443410121,0.002018586537587,6.096709808e-05,0.0,0.000490155287054,0.001696672169955,Zone- 479,14.0,,,,4,10,9,5,0,0,0,10,7
480,DIP,8,51.0,2023,480,0.0,0.0,0.003617409089506,0.002101213587445,9.8057559204e-05,0.0,0.000696155415843,0.001742675777677,Zone- 180,,,,,4,10,9,0,0,0,0,10,6
481,DIP,8,125.0,2023,481,0.0,7.4030641412e-05,0.005063683256334,0.002781308526045,3.8840617114e-05,0.0,0.000285154390524,0.001575281169628,Zone- 481,,,,,4,10,9,0,0,0,0,9,6
482,DIP,8,433.0,0,482,0.0,0.0,0.005160209934915,0.002778636773327,6.2878052177e-05,0.0,0.000518240396731,0.001463614810086,Zone- 479,14.0,,,,4,10,9,5,0,0,0,10,7
483,DIP,8,49.0,0,483,0.0,0.0,0.005354021013697,0.002671807088143,6.8805458161e-05,0.0,0.000586353497337,0.001702351666005,Zone- 183,1.0,,,,4,10,9,1,0,0,0,10,6
484,DIP,8,523.0,2023,484,0.0,0.0,0.005040728052644,0.00197873079514,9.6516585596e-05,0.0,0.00060242706827,0.001465771065556,Zone- 243,20.0,,,,4,10,9,5,0,0,0,10,7
485,DIP,8,559.0,2023,485,0.0,0.0,0.003203329278775,0.001414812982234,7.3966449767e-05,0.0,0.000460293133111,0.00088603299829,Zone- 485,6.0,,,,4,10,9,1,0,0,0,10,6
486,DIP,8,544.0,2023,486,0.0,0.0,0.003780424861322,0.001521574980347,8.0316795261e-05,0.0,0.000610233725228,0.000988050464485,Zone- 486,10.0,,,,4,10,9,1,0,0,0,10,6
487,DIP,12,178.0,0,487,0.0,0.0,0.003644471700409,0.001385402246168,1.3778295403e-05,0.0,0.000212083648254,0.000580509003849,Zone- 139,,,,,7,10,9,0,0,0,0,10,6
488,DIP,8,232.0,2023,488,0.0,0.0,0.004721644318084,0.00204357362747,3.28664418e-05,0.0,0.000611261889281,0.001202779242529,Zone- 488,1.0,,,,4,10,9,1,0,0,0,10,6
489,DIP,10,1168.0,2018,489,0.001063551577849,0.004558741477518,0.005256381577711,0.004624377160982,8.510077549e-05,0.001036991438868,0.009291543499156,0.003092162812029,Zone- 5,3.0,,,,7,10,9,1,0,0,0,0,5
490,DIP,8,163.0,2018,490,0.003854899094943,0.007350530917798,0.008002229765438,0.007388951531933,0.001840588496386,0.003824861130072,0.012048584744451,0.005374796913502,Zone- 490,3.0,,,,4,10,9,1,0,0,0,0,4
491,DIP,8,100.0,2018,491,0.005111453973714,0.008601339313376,0.009288479343145,0.008513227006733,0.003028694167771,0.005075983752002,0.013331637757172,0.006468439711319,Zone- 491,3.0,,,,4,10,9,1,0,0,0,0,4
492,DIP,8,921.0,2018,492,0.003860021689609,0.007361263911668,0.008002229765438,0.007426947535737,0.002027599437441,0.003843486843834,0.012048584744451,0.005576177993447,Zone- 490,3.0,,,,4,10,9,1,0,0,0,0,4
493,DIP,8,848.0,2018,493,0.005650358211772,0.009001101125605,0.009393191819817,0.009066162836976,0.004238840159637,0.005705549682191,0.01334769665653,0.00782756120742,Zone- 493,1.0,,,,4,10,9,1,0,0,0,0,4
494,DIP,8,403.0,2018,494,0.005111453973714,0.008601339313376,0.009288479343145,0.008588382380888,0.003064666779061,0.005075983752002,0.013331637757172,0.006553631486867,Zone- 491,3.0,,,,4,10,9,1,0,0,0,0,4
495,DIP,8,106.0,1995,495,0.0,0.0,0.000652494640652,0.0,5.0262676927e-05,0.0,0.008382966644032,0.007245322923992,Zone- 495,,,,,4,10,9,0,0,0,0,10,6
496,DIP,12,40.0,1995,496,0.0,0.0,0.000629587165793,4.213503148e-05,0.000299437348101,0.0,0.009167573081599,0.008494692027567,Zone- 496,,,,,7,10,9,0,0,0,0,10,6
497,DIP,8,82.0,1995,497,0.0,0.0,0.001011038307496,0.0,7.874878969e-05,0.0,0.005949284345119,0.005957908069235,Zone- 157,1.0,,,,4,10,9,1,0,0,0,10,6
498, ,8,225.0,0,498,9.725892325e-06,5.0633797374e-05,0.000613918488477,9.020100435e-05,0.000354698076165,3.1856797697e-05,0.009147106580641,0.008613478543771,Zone- 498,,,,,4,10,9,0,0,0,0,0,4
499,Lead,1,12.0,0,499,0.00081530615611,0.00076490243889,0.0,0.0,0.000176832878938,0.0,0.003698132191078,0.002294456341118,Zone- 499,4.0,,,,1,10,9,1,0,0,0,7,5
500,Lead,1,12.0,0,500,0.00081530615611,0.00076490243889,0.0,0.0,0.000169119125178,0.0,0.003680729433488,0.00228419441473,Zone- 499,4.0,,,,1,10,9,1,0,0,0,7,5
501,Galvanized,2,327.0,0,501,0.0,0.0,0.0,0.0,0.000139798274568,0.0,0.003124873986985,0.002317161026647,Zone- 499,4.0,,,,1,10,9,1,0,0,0,10,6
502,DIP,6,54.0,1998,502,0.000903358888298,0.000862867455002,0.0,0.0,0.000175850588367,0.0,0.002491484717137,0.002277969390942,Zone- 22,1.0,,,,4,10,9,1,0,0,0,7,5
503, ,4,351.0,0,503,0.001057491548498,0.001016588027305,0.0,0.0,0.000117898650823,0.0,0.002505131404128,0.002430987368328,Zone- 22,1.0,,,,4,10,9,1,0,0,0,7,5
504,DIP,8,42.0,0,504,0.0,0.0,0.003679135851605,0.00216539543269,4.745605354e-05,0.0,0.000783467477666,0.001839186144859,Zone- 231,,,,,4,10,9,0,0,0,0,10,6
505,DIP, 8,53.0,1995,505,0.0,0.0,0.001376555431424,0.000628455934207,7.2080837801e-05,0.0,0.001957349933118,0.002207468868433,Zone- 358,10.0,,,,4,10,9,1,0,0,0,10,6
506,DIP,8,899.0,2019,506,0.0,0.000448988188,0.0,0.0,0.000121270903961,0.0,0.000866965883139,0.003513380286937,Zone- 506,12.0,,,,4,10,9,5,0,0,0,9,7
507,DIP,8,335.0,2019,507,0.002220401330549,0.00297140599973,0.0,0.0,9.315730602e-05,0.0,0.000382777780787,0.003107110949167,Zone- 507,1.0,,,,4,10,9,1,0,0,0,7,5
508,DIP,8,247.0,2019,508,0.001648242991595,0.002087132419711,0.000341387353172,0.0,0.000122787438278,0.0,0.001295857197689,0.003876394394977,Zone- 508,5.0,,,,4,10,9,1,0,0,0,6,5
