FACILITYID,PLACEDINSE,MATERIAL,Age,Material,Service Life,Service Life Score,LOF
1,2000-01-01,DIP,25,DIP,90,3.0,3.0
2,2000-01-01,DIP,25,DIP,90,3.0,3.0
3,1998-01-01,DIP,27,DIP,90,3.0,3.0
4,1998-01-01,DIP,27,DIP,90,3.0,3.0
5,1973-01-01,DIP,52,DIP,90,6.0,6.0
6,1980-01-01,DIP,45,DIP,90,5.0,5.0
7,1978-01-01,DIP,47,DIP,90,6.0,6.0
9,1958-01-01,CI,67,CI,75,9.0,9.0
11,1950-01-01,CI,75,CI,75,10.0,10.0
12,1950-01-01,CI,75,CI,75,10.0,10.0
13,2005-01-01,DIP,20,DIP,90,3.0,3.0
15,2010-01-01,DIP,15,DIP,90,2.0,2.0
16,2000-01-01,DIP,25,DIP,90,3.0,3.0
17,1940-01-01,CI,85,CI,75,10.0,10.0
18,2000-01-01,DIP,25,DIP,90,3.0,3.0
19,1960-01-01,CI,65,CI,75,9.0,9.0
20,1998-01-01,DIP,27,DIP,90,3.0,3.0
21,1998-01-01,DIP,27,DIP,90,3.0,3.0
22,1998-01-01,DIP,27,DIP,90,3.0,3.0
23,1998-01-01,DIP,27,DIP,90,3.0,3.0
24,2005-01-01,DIP,20,DIP,90,3.0,3.0
25,2005-01-01,DIP,20,DIP,90,3.0,3.0
27,1940-01-01,CI,85,CI,75,10.0,10.0
28,2005-01-01,DIP,20,DIP,90,3.0,3.0
29,1948-01-01,CI,77,CI,75,10.0,10.0
30,1948-01-01,CI,77,CI,75,10.0,10.0
31,1940-01-01,CI,85,CI,75,10.0,10.0
32,2005-01-01,DIP,20,DIP,90,3.0,3.0
33,2005-01-01,DIP,20,DIP,90,3.0,3.0
34,2005-01-01,DIP,20,DIP,90,3.0,3.0
35,2005-01-01,DIP,20,DIP,90,3.0,3.0
36,1960-01-01,CI,65,CI,75,9.0,9.0
37,1940-01-01,CI,85,CI,75,10.0,10.0
38,2000-01-01,DIP,25,DIP,90,3.0,3.0
39,2000-01-01,DIP,25,DIP,90,3.0,3.0
40,1960-01-01,CI,65,CI,75,9.0,9.0
41,1973-01-01,DIP,52,DIP,90,6.0,6.0
42,2005-01-01,DIP,20,DIP,90,3.0,3.0
43,1940-01-01,CI,85,CI,75,10.0,10.0
44,2005-01-01,DIP,20,DIP,90,3.0,3.0
45,2005-01-01,DIP,20,DIP,90,3.0,3.0
46,2005-01-01,DIP,20,DIP,90,3.0,3.0
47,1940-01-01,CI,85,CI,75,10.0,10.0
48,1930-01-01,CI,95,CI,75,10.0,10.0
49,2008-01-01,DIP,17,DIP,90,2.0,2.0
50,2000-01-01,DIP,25,DIP,90,3.0,3.0
51,1984-01-01,DIP,41,DIP,90,5.0,5.0
52,1948-01-01,CI,77,CI,75,10.0,10.0
53,1940-01-01,CI,85,CI,75,10.0,10.0
54,1940-01-01,CI,85,CI,75,10.0,10.0
55,1940-01-01,CI,85,CI,75,10.0,10.0
56,1940-01-01,CI,85,CI,75,10.0,10.0
57,1940-01-01,CI,85,CI,75,10.0,10.0
58,1945-01-01,CI,80,CI,75,10.0,10.0
59,1940-01-01,CI,85,CI,75,10.0,10.0
60,1940-01-01,CI,85,CI,75,10.0,10.0
61,1940-01-01,CI,85,CI,75,10.0,10.0
62,1980-01-01,DIP,45,DIP,90,5.0,5.0
63,1980-01-01,DIP,45,DIP,90,5.0,5.0
64,2005-01-01,DIP,20,DIP,90,3.0,3.0
65,2005-01-01,DIP,20,DIP,90,3.0,3.0
66,2005-01-01,DIP,20,DIP,90,3.0,3.0
67,2005-01-01,DIP,20,DIP,90,3.0,3.0
68,2005-01-01,DIP,20,DIP,90,3.0,3.0
69,2005-01-01,DIP,20,DIP,90,3.0,3.0
70,2005-01-01,DIP,20,DIP,90,3.0,3.0
71,1995-01-01,DIP,30,DIP,90,4.0,4.0
72,2005-01-01,DIP,20,DIP,90,3.0,3.0
73,2005-01-01,DIP,20,DIP,90,3.0,3.0
74,1995-01-01,DIP,30,DIP,90,4.0,4.0
75,2005-01-01,DIP,20,DIP,90,3.0,3.0
76,2005-01-01,DIP,20,DIP,90,3.0,3.0
77,1948-01-01,CI,77,CI,75,10.0,10.0
78,1972-01-01,DIP,53,DIP,90,6.0,6.0
79,1984-01-01,DIP,41,DIP,90,5.0,5.0
80,1940-01-01,CI,85,CI,75,10.0,10.0
81,1990-01-01,DIP,35,DIP,90,4.0,4.0
82,1940-01-01,CI,85,CI,75,10.0,10.0
83,1940-01-01,CI,85,CI,75,10.0,10.0
84,1980-01-01,DIP,45,DIP,90,5.0,5.0
85,1940-01-01,CI,85,CI,75,10.0,10.0
86,1980-01-01,DIP,45,DIP,90,5.0,5.0
87,1990-01-01,DIP,35,DIP,90,4.0,4.0
88,1940-01-01,CI,85,CI,75,10.0,10.0
89,1940-01-01,CI,85,CI,75,10.0,10.0
90,2000-01-01,DIP,25,DIP,90,3.0,3.0
91,2000-01-01,DIP,25,DIP,90,3.0,3.0
92,2000-01-01,DIP,25,DIP,90,3.0,3.0
93,2000-01-01,DIP,25,DIP,90,3.0,3.0
94,2000-01-01,DIP,25,DIP,90,3.0,3.0
95,2008-01-01,DIP,17,DIP,90,2.0,2.0
96,2008-01-01,DIP,17,DIP,90,2.0,2.0
97,1970-01-01,CI,55,CI,75,8.0,8.0
98,1970-01-01,CI,55,CI,75,8.0,8.0
101,2002-01-01,DIP,23,DIP,90,3.0,3.0
102,2005-01-01,DIP,20,DIP,90,3.0,3.0
103,1940-01-01,CI,85,CI,75,10.0,10.0
104,1940-01-01,CI,85,CI,75,10.0,10.0
105,2005-01-01,DIP,20,DIP,90,3.0,3.0
106,2005-01-01,DIP,20,DIP,90,3.0,3.0
107,1972-01-01,DIP,53,DIP,90,6.0,6.0
108,1972-01-01,DIP,53,DIP,90,6.0,6.0
109,1990-01-01,DIP,35,DIP,90,4.0,4.0
110,1980-01-01,DIP,45,DIP,90,5.0,5.0
111,1940-01-01,CI,85,CI,75,10.0,10.0
112,1980-01-01,DIP,45,DIP,90,5.0,5.0
113,1940-01-01,CI,85,CI,75,10.0,10.0
114,1940-01-01,CI,85,CI,75,10.0,10.0
115,1940-01-01,CI,85,CI,75,10.0,10.0
116,1940-01-01,CI,85,CI,75,10.0,10.0
117,1973-01-01,DIP,52,DIP,90,6.0,6.0
118,1980-01-01,DIP,45,DIP,90,5.0,5.0
119,2005-01-01,DIP,20,DIP,90,3.0,3.0
120,1940-01-01,CI,85,CI,75,10.0,10.0
121,1940-01-01,CI,85,CI,75,10.0,10.0
122,1940-01-01,CI,85,CI,75,10.0,10.0
123,1940-01-01,CI,85,CI,75,10.0,10.0
124,1940-01-01,CI,85,CI,75,10.0,10.0
125,1940-01-01,CI,85,CI,75,10.0,10.0
126,1940-01-01,CI,85,CI,75,10.0,10.0
127,1940-01-01,CI,85,CI,75,10.0,10.0
128,1940-01-01,CI,85,CI,75,10.0,10.0
129,2005-01-01,DIP,20,DIP,90,3.0,3.0
130,2005-01-01,DIP,20,DIP,90,3.0,3.0
131,1940-01-01,CI,85,CI,75,10.0,10.0
132,2005-01-01,DIP,20,DIP,90,3.0,3.0
133,2005-01-01,DIP,20,DIP,90,3.0,3.0
134,2005-01-01,DIP,20,DIP,90,3.0,3.0
135,1930-01-01,CI,95,CI,75,10.0,10.0
136,1930-01-01,CI,95,CI,75,10.0,10.0
137,1930-01-01,CI,95,CI,75,10.0,10.0
138,1930-01-01,CI,95,CI,75,10.0,10.0
139,2006-01-01,DIP,19,DIP,90,3.0,3.0
140,1990-01-01,DIP,35,DIP,90,4.0,4.0
141,1930-01-01,CI,95,CI,75,10.0,10.0
142,1930-01-01,CI,95,CI,75,10.0,10.0
143,1930-01-01,CI,95,CI,75,10.0,10.0
144,1930-01-01,CI,95,CI,75,10.0,10.0
145,1970-01-01,DIP,55,DIP,90,7.0,7.0
146,1970-01-01,DIP,55,DIP,90,7.0,7.0
147,1970-01-01,DIP,55,DIP,90,7.0,7.0
148,1970-01-01,DIP,55,DIP,90,7.0,7.0
149,1970-01-01,DIP,55,DIP,90,7.0,7.0
150,1970-01-01,DIP,55,DIP,90,7.0,7.0
151,1973-01-01,DIP,52,DIP,90,6.0,6.0
152,1990-01-01,DIP,35,DIP,90,4.0,4.0
153,2002-01-01,DIP,23,DIP,90,3.0,3.0
154,2005-01-01,DIP,20,DIP,90,3.0,3.0
155,1940-01-01,CI,85,CI,75,10.0,10.0
156,1996-01-01,DIP,29,DIP,90,4.0,4.0
157,1940-01-01,CI,85,CI,75,10.0,10.0
158,1940-01-01,CI,85,CI,75,10.0,10.0
159,1940-01-01,CI,85,CI,75,10.0,10.0
160,1940-01-01,CI,85,CI,75,10.0,10.0
161,2005-01-01,DIP,20,DIP,90,3.0,3.0
162,2005-01-01,DIP,20,DIP,90,3.0,3.0
163,2005-01-01,DIP,20,DIP,90,3.0,3.0
164,1940-01-01,CI,85,CI,75,10.0,10.0
165,1940-01-01,CI,85,CI,75,10.0,10.0
166,1940-01-01,CI,85,CI,75,10.0,10.0
167,1940-01-01,CI,85,CI,75,10.0,10.0
168,1980-01-01,DIP,45,DIP,90,5.0,5.0
169,1940-01-01,CI,85,CI,75,10.0,10.0
170,2005-01-01,DIP,20,DIP,90,3.0,3.0
171,1940-01-01,CI,85,CI,75,10.0,10.0
172,1930-01-01,CI,95,CI,75,10.0,10.0
173,2005-01-01,DIP,20,DIP,90,3.0,3.0
174,1930-01-01,CI,95,CI,75,10.0,10.0
175,1930-01-01,CI,95,CI,75,10.0,10.0
176,1930-01-01,CI,95,CI,75,10.0,10.0
177,2005-01-01,DIP,20,DIP,90,3.0,3.0
178,2005-01-01,DIP,20,DIP,90,3.0,3.0
179,1930-01-01,CI,95,CI,75,10.0,10.0
180,1930-01-01,CI,95,CI,75,10.0,10.0
181,1930-01-01,CI,95,CI,75,10.0,10.0
182,1930-01-01,CI,95,CI,75,10.0,10.0
183,1950-01-01,CI,75,CI,75,10.0,10.0
184,2000-01-01,DIP,25,DIP,90,3.0,3.0
185,2013-01-01,HDPE,12,HDPE,100,2.0,2.0
186,2000-01-01,DIP,25,DIP,90,3.0,3.0
187,2006-01-01,DIP,19,DIP,90,3.0,3.0
188,2000-01-01,DIP,25,DIP,90,3.0,3.0
189,2006-01-01,DIP,19,DIP,90,3.0,3.0
190,1990-01-01,DIP,35,DIP,90,4.0,4.0
191,1990-01-01,DIP,35,DIP,90,4.0,4.0
192,2000-01-01,DIP,25,DIP,90,3.0,3.0
193,1970-01-01,DIP,55,DIP,90,7.0,7.0
194,1970-01-01,DIP,55,DIP,90,7.0,7.0
196,2002-01-01,DIP,23,DIP,90,3.0,3.0
197,2002-01-01,DIP,23,DIP,90,3.0,3.0
198,1960-01-01,DIP,65,DIP,90,8.0,8.0
199,2002-01-01,DIP,23,DIP,90,3.0,3.0
200,1983-01-01,DIP,42,DIP,90,5.0,5.0
201,1980-01-01,DIP,45,DIP,90,5.0,5.0
202,1983-01-01,DIP,42,DIP,90,5.0,5.0
203,1980-01-01,DIP,45,DIP,90,5.0,5.0
204,2019-01-01,DIP,6,DIP,90,1.0,1.0
205,1995-01-01,DIP,30,DIP,90,4.0,4.0
206,1995-01-01,DIP,30,DIP,90,4.0,4.0
207,2019-01-01,DIP,6,DIP,90,1.0,1.0
208,2019-01-01,DIP,6,DIP,90,1.0,1.0
209,2019-01-01,DIP,6,DIP,90,1.0,1.0
210,2019-01-01,DIP,6,DIP,90,1.0,1.0
211,1995-01-01,DIP,30,DIP,90,4.0,4.0
212,1940-01-01,CI,85,CI,75,10.0,10.0
213,2000-01-01,DIP,25,DIP,90,3.0,3.0
214,1995-01-01,DIP,30,DIP,90,4.0,4.0
215,1995-01-01,DIP,30,DIP,90,4.0,4.0
216,1995-01-01,DIP,30,DIP,90,4.0,4.0
217,1995-01-01,DIP,30,DIP,90,4.0,4.0
218,2013-01-01,DIP,12,DIP,90,2.0,2.0
219,2000-01-01,DIP,25,DIP,90,3.0,3.0
220,2000-01-01,DIP,25,DIP,90,3.0,3.0
221,1995-01-01,DIP,30,DIP,90,4.0,4.0
222,1938-01-01,CI,87,CI,75,10.0,10.0
223,2013-01-01,DIP,12,DIP,90,2.0,2.0
224,1995-01-01,DIP,30,DIP,90,4.0,4.0
225,1995-01-01,DIP,30,DIP,90,4.0,4.0
226,1980-01-01,DIP,45,DIP,90,5.0,5.0
227,1938-01-01,CI,87,CI,75,10.0,10.0
228,1938-01-01,CI,87,CI,75,10.0,10.0
229,1938-01-01,CI,87,CI,75,10.0,10.0
230,1930-01-01,CI,95,CI,75,10.0,10.0
231,1930-01-01,CI,95,CI,75,10.0,10.0
232,1980-01-01,DIP,45,DIP,90,5.0,5.0
233,1950-01-01,CI,75,CI,75,10.0,10.0
234,1950-01-01,CI,75,CI,75,10.0,10.0
235,1950-01-01,CI,75,CI,75,10.0,10.0
236,1950-01-01,CI,75,CI,75,10.0,10.0
237,1930-01-01,CI,95,CI,75,10.0,10.0
238,1930-01-01,CI,95,CI,75,10.0,10.0
239,1950-01-01,CI,75,CI,75,10.0,10.0
240,1950-01-01,CI,75,CI,75,10.0,10.0
241,1970-01-01,DIP,55,DIP,90,7.0,7.0
242,1970-01-01,DIP,55,DIP,90,7.0,7.0
243,2000-01-01,DIP,25,DIP,90,3.0,3.0
244,1960-01-01,DIP,65,DIP,90,8.0,8.0
245,2000-01-01,DIP,25,DIP,90,3.0,3.0
246,2003-01-01,DIP,22,DIP,90,3.0,3.0
247,2003-01-01,DIP,22,DIP,90,3.0,3.0
248,1970-01-01,DIP,55,DIP,90,7.0,7.0
249,2010-01-01,DIP,15,DIP,90,2.0,2.0
250,1970-01-01,DIP,55,DIP,90,7.0,7.0
251,1970-01-01,DIP,55,DIP,90,7.0,7.0
252,2010-01-01,DIP,15,DIP,90,2.0,2.0
253,1970-01-01,DIP,55,DIP,90,7.0,7.0
254,2010-01-01,DIP,15,DIP,90,2.0,2.0
255,1970-01-01,DIP,55,DIP,90,7.0,7.0
256,2010-01-01,DIP,15,DIP,90,2.0,2.0
257,1970-01-01,DIP,55,DIP,90,7.0,7.0
258,1970-01-01,DIP,55,DIP,90,7.0,7.0
259,1970-01-01,DIP,55,DIP,90,7.0,7.0
260,1970-01-01,DIP,55,DIP,90,7.0,7.0
261,2013-01-01,HDPE,12,HDPE,100,2.0,2.0
262,1973-01-01,DIP,52,DIP,90,6.0,6.0
263,1960-01-01,CI,65,CI,75,9.0,9.0
264,2002-01-01,DIP,23,DIP,90,3.0,3.0
265,2000-01-01,DIP,25,DIP,90,3.0,3.0
266,1983-01-01,DIP,42,DIP,90,5.0,5.0
267,1983-01-01,DIP,42,DIP,90,5.0,5.0
268,1983-01-01,DIP,42,DIP,90,5.0,5.0
269,1983-01-01,DIP,42,DIP,90,5.0,5.0
270,1983-01-01,DIP,42,DIP,90,5.0,5.0
271,1983-01-01,DIP,42,DIP,90,5.0,5.0
272,1983-01-01,DIP,42,DIP,90,5.0,5.0
273,1983-01-01,DIP,42,DIP,90,5.0,5.0
274,2019-01-01,DIP,6,DIP,90,1.0,1.0
275,2019-01-01,DIP,6,DIP,90,1.0,1.0
276,2019-01-01,DIP,6,DIP,90,1.0,1.0
277,2019-01-01,DIP,6,DIP,90,1.0,1.0
278,2019-01-01,DIP,6,DIP,90,1.0,1.0
279,1998-01-01,DIP,27,DIP,90,3.0,3.0
280,1998-01-01,DIP,27,DIP,90,3.0,3.0
281,1998-01-01,DIP,27,DIP,90,3.0,3.0
282,1998-01-01,DIP,27,DIP,90,3.0,3.0
283,1940-01-01,CI,85,CI,75,10.0,10.0
284,2019-01-01,DIP,6,DIP,90,1.0,1.0
285,1998-01-01,DIP,27,DIP,90,3.0,3.0
286,1998-01-01,DIP,27,DIP,90,3.0,3.0
287,1998-01-01,DIP,27,DIP,90,3.0,3.0
288,2013-01-01,DIP,12,DIP,90,2.0,2.0
289,2013-01-01,DIP,12,DIP,90,2.0,2.0
290,1998-01-01,DIP,27,DIP,90,3.0,3.0
291,1998-01-01,DIP,27,DIP,90,3.0,3.0
292,2010-01-01,DIP,15,DIP,90,2.0,2.0
293,2010-01-01,DIP,15,DIP,90,2.0,2.0
294,1938-01-01,CI,87,CI,75,10.0,10.0
295,1980-01-01,DIP,45,DIP,90,5.0,5.0
296,2001-01-01,DIP,24,DIP,90,3.0,3.0
297,2010-01-01,DIP,15,DIP,90,2.0,2.0
298,2010-01-01,DIP,15,DIP,90,2.0,2.0
299,1950-01-01,CI,75,CI,75,10.0,10.0
300,1950-01-01,CI,75,CI,75,10.0,10.0
301,1994-01-01,DIP,31,DIP,90,4.0,4.0
302,1950-01-01,CI,75,CI,75,10.0,10.0
303,2006-01-01,DIP,19,DIP,90,3.0,3.0
304,2003-01-01,DIP,22,DIP,90,3.0,3.0
305,2001-01-01,DIP,24,DIP,90,3.0,3.0
306,2001-01-01,DIP,24,DIP,90,3.0,3.0
307,2001-01-01,DIP,24,DIP,90,3.0,3.0
308,1960-01-01,DIP,65,DIP,90,8.0,8.0
309,1998-01-01,DIP,27,DIP,90,3.0,3.0
310,1998-01-01,DIP,27,DIP,90,3.0,3.0
311,1998-01-01,DIP,27,DIP,90,3.0,3.0
312,1998-01-01,DIP,27,DIP,90,3.0,3.0
313,1998-01-01,DIP,27,DIP,90,3.0,3.0
314,1998-01-01,DIP,27,DIP,90,3.0,3.0
315,1998-01-01,DIP,27,DIP,90,3.0,3.0
316,1998-01-01,DIP,27,DIP,90,3.0,3.0
317,1998-01-01,DIP,27,DIP,90,3.0,3.0
318,1998-01-01,DIP,27,DIP,90,3.0,3.0
319,1998-01-01,DIP,27,DIP,90,3.0,3.0
320,1998-01-01,DIP,27,DIP,90,3.0,3.0
321,1998-01-01,DIP,27,DIP,90,3.0,3.0
322,1998-01-01,DIP,27,DIP,90,3.0,3.0
323,1998-01-01,DIP,27,DIP,90,3.0,3.0
324,2014-01-01,HDPE,11,HDPE,100,2.0,2.0
325,1985-01-01,DIP,40,DIP,90,5.0,5.0
326,1994-01-01,DIP,31,DIP,90,4.0,4.0
327,2010-01-01,DIP,15,DIP,90,2.0,2.0
328,1998-01-01,DIP,27,DIP,90,3.0,3.0
329,2010-01-01,DIP,15,DIP,90,2.0,2.0
330,2003-01-01,DIP,22,DIP,90,3.0,3.0
331,2003-01-01,CI,22,CI,75,3.0,3.0
332,1940-01-01,CI,85,CI,75,10.0,10.0
333,1940-01-01,CI,85,CI,75,10.0,10.0
334,2003-01-01,DIP,22,DIP,90,3.0,3.0
335,1940-01-01,CI,85,CI,75,10.0,10.0
336,2003-01-01,DIP,22,DIP,90,3.0,3.0
337,2003-01-01,DIP,22,DIP,90,3.0,3.0
338,2003-01-01,DIP,22,DIP,90,3.0,3.0
339,2003-01-01,DIP,22,DIP,90,3.0,3.0
340,1970-01-01,DIP,55,DIP,90,7.0,7.0
341,1973-01-01,DIP,52,DIP,90,6.0,6.0
342,1989-01-01,DIP,36,DIP,90,4.0,4.0
343,1940-01-01,CI,85,CI,75,10.0,10.0
344,1970-01-01,DIP,55,DIP,90,7.0,7.0
345,1980-01-01,DIP,45,DIP,90,5.0,5.0
346,2001-01-01,DIP,24,DIP,90,3.0,3.0
347,1998-01-01,DIP,27,DIP,90,3.0,3.0
348,1960-01-01,DIP,65,DIP,90,8.0,8.0
349,1998-01-01,DIP,27,DIP,90,3.0,3.0
350,1998-01-01,DIP,27,DIP,90,3.0,3.0
351,1998-01-01,DIP,27,DIP,90,3.0,3.0
352,1938-01-01,CI,87,CI,75,10.0,10.0
353,1938-01-01,CI,87,CI,75,10.0,10.0
354,1980-01-01,DIP,45,DIP,90,5.0,5.0
355,1938-01-01,CI,87,CI,75,10.0,10.0
356,1938-01-01,CI,87,CI,75,10.0,10.0
357,1985-01-01,DIP,40,DIP,90,5.0,5.0
358,1995-01-01,DIP,30,DIP,90,4.0,4.0
359,1938-01-01,CI,87,CI,75,10.0,10.0
360,1994-01-01,DIP,31,DIP,90,4.0,4.0
361,1938-01-01,CI,87,CI,75,10.0,10.0
362,1994-01-01,DIP,31,DIP,90,4.0,4.0
363,1940-01-01,CI,85,CI,75,10.0,10.0
364,1998-01-01,DIP,27,DIP,90,3.0,3.0
365,1938-01-01,CI,87,CI,75,10.0,10.0
366,1998-01-01,DIP,27,DIP,90,3.0,3.0
367,2010-01-01,DIP,15,DIP,90,2.0,2.0
368,2006-01-01,DIP,19,DIP,90,3.0,3.0
369,1973-01-01,DIP,52,DIP,90,6.0,6.0
370,1970-01-01,DIP,55,DIP,90,7.0,7.0
371,1970-01-01,DIP,55,DIP,90,7.0,7.0
372,1989-01-01,DIP,36,DIP,90,4.0,4.0
373,1987-01-01,DIP,38,DIP,90,5.0,5.0
374,1987-01-01,DIP,38,DIP,90,5.0,5.0
375,1989-01-01,DIP,36,DIP,90,4.0,4.0
376,1940-01-01,CI,85,CI,75,10.0,10.0
377,2001-01-01,DIP,24,DIP,90,3.0,3.0
378,1940-01-01,CI,85,CI,75,10.0,10.0
379,1940-01-01,CI,85,CI,75,10.0,10.0
381,1998-01-01,DIP,27,DIP,90,3.0,3.0
382,1998-01-01,DIP,27,DIP,90,3.0,3.0
383,1998-01-01,DIP,27,DIP,90,3.0,3.0
384,1995-01-01,DIP,30,DIP,90,4.0,4.0
385,2000-01-01,DIP,25,DIP,90,3.0,3.0
386,1998-01-01,DIP,27,DIP,90,3.0,3.0
387,1985-01-01,DIP,40,DIP,90,5.0,5.0
388,2006-01-01,DIP,19,DIP,90,3.0,3.0
389,1985-01-01,DIP,40,DIP,90,5.0,5.0
390,1985-01-01,DIP,40,DIP,90,5.0,5.0
391,1973-01-01,DIP,52,DIP,90,6.0,6.0
392,1970-01-01,DIP,55,DIP,90,7.0,7.0
393,1970-01-01,DIP,55,DIP,90,7.0,7.0
394,1987-01-01,DIP,38,DIP,90,5.0,5.0
395,1995-01-01,DIP,30,DIP,90,4.0,4.0
396,1950-01-01,CI,75,CI,75,10.0,10.0
397,1950-01-01,CI,75,CI,75,10.0,10.0
398,1950-01-01,CI,75,CI,75,10.0,10.0
399,1985-01-01,DIP,40,DIP,90,5.0,5.0
400,1985-01-01,DIP,40,DIP,90,5.0,5.0
401,1950-01-01,CI,75,CI,75,10.0,10.0
402,1985-01-01,DIP,40,DIP,90,5.0,5.0
403,1990-01-01,DIP,35,DIP,90,4.0,4.0
404,1980-01-01,DIP,45,DIP,90,5.0,5.0
405,1988-01-01,DIP,37,DIP,90,5.0,5.0
406,1970-01-01,DIP,55,DIP,90,7.0,7.0
407,1970-01-01,DIP,55,DIP,90,7.0,7.0
408,1970-01-01,DIP,55,DIP,90,7.0,7.0
409,1970-01-01,DIP,55,DIP,90,7.0,7.0
410,1970-01-01,DIP,55,DIP,90,7.0,7.0
411,1985-01-01,DIP,40,DIP,90,5.0,5.0
412,1990-01-01,DIP,35,DIP,90,4.0,4.0
413,1985-01-01,DIP,40,DIP,90,5.0,5.0
414,1985-01-01,DIP,40,DIP,90,5.0,5.0
415,1985-01-01,DIP,40,DIP,90,5.0,5.0
416,1998-01-01,DIP,27,DIP,90,3.0,3.0
417,1990-01-01,DIP,35,DIP,90,4.0,4.0
418,1990-01-01,DIP,35,DIP,90,4.0,4.0
419,1988-01-01,DIP,37,DIP,90,5.0,5.0
420,1990-01-01,DIP,35,DIP,90,4.0,4.0
421,1998-01-01,DIP,27,DIP,90,3.0,3.0
422,2000-01-01,DIP,25,DIP,90,3.0,3.0
423,1997-01-01,DIP,28,DIP,90,4.0,4.0
424,2000-01-01,DIP,25,DIP,90,3.0,3.0
425,1990-01-01,DIP,35,DIP,90,4.0,4.0
426,1992-01-01,DIP,33,DIP,90,4.0,4.0
427,1990-01-01,DIP,35,DIP,90,4.0,4.0
428,1990-01-01,DIP,35,DIP,90,4.0,4.0
429,1998-01-01,DIP,27,DIP,90,3.0,3.0
430,1998-01-01,DIP,27,DIP,90,3.0,3.0
431,1998-01-01,DIP,27,DIP,90,3.0,3.0
432,1998-01-01,DIP,27,DIP,90,3.0,3.0
433,1997-01-01,DIP,28,DIP,90,4.0,4.0
434,1997-01-01,DIP,28,DIP,90,4.0,4.0
435,1997-01-01,DIP,28,DIP,90,4.0,4.0
436,1997-01-01,DIP,28,DIP,90,4.0,4.0
437,1990-01-01,DIP,35,DIP,90,4.0,4.0
438,2006-01-01,DIP,19,DIP,90,3.0,3.0
439,1990-01-01,DIP,35,DIP,90,4.0,4.0
440,1997-01-01,DIP,28,DIP,90,4.0,4.0
441,1990-01-01,DIP,35,DIP,90,4.0,4.0
442,1997-01-01,DIP,28,DIP,90,4.0,4.0
443,1990-01-01,DIP,35,DIP,90,4.0,4.0
444,2005-01-01,DIP,20,DIP,90,3.0,3.0
446,2005-01-01,DIP,20,DIP,90,3.0,3.0
448,2005-01-01,DIP,20,DIP,90,3.0,3.0
449,2005-01-01,DIP,20,DIP,90,3.0,3.0
450,2005-01-01,DIP,20,DIP,90,3.0,3.0
451,2005-01-01,DIP,20,DIP,90,3.0,3.0
452,2005-01-01,DIP,20,DIP,90,3.0,3.0
453,2005-01-01,DIP,20,DIP,90,3.0,3.0
456,2005-01-01,DIP,20,DIP,90,3.0,3.0
457,2005-01-01,DIP,20,DIP,90,3.0,3.0
458,2011-01-01,DIP,14,DIP,90,2.0,2.0
459,2011-01-01,DIP,14,DIP,90,2.0,2.0
460,2011-01-01,DIP,14,DIP,90,2.0,2.0
461,2011-01-01,DIP,14,DIP,90,2.0,2.0
462,2011-01-01,DIP,14,DIP,90,2.0,2.0
463,2011-01-01,DIP,14,DIP,90,2.0,2.0
464,2011-01-01,DIP,14,DIP,90,2.0,2.0
465,2011-01-01,DIP,14,DIP,90,2.0,2.0
466,2011-01-01,DIP,14,DIP,90,2.0,2.0
467,2011-01-01,DIP,14,DIP,90,2.0,2.0
468,2011-01-01,DIP,14,DIP,90,2.0,2.0
469,2011-01-01,DIP,14,DIP,90,2.0,2.0
470,2011-01-01,DIP,14,DIP,90,2.0,2.0
471,2011-01-01,DIP,14,DIP,90,2.0,2.0
472,2011-01-01,DIP,14,DIP,90,2.0,2.0
473,2011-01-01,DIP,14,DIP,90,2.0,2.0
474,2011-01-01,DIP,14,DIP,90,2.0,2.0
475,2011-01-01,DIP,14,DIP,90,2.0,2.0
476,2001-01-01,DIP,24,DIP,90,3.0,3.0
477,2001-01-01,DIP,24,DIP,90,3.0,3.0
478,2000-01-01,DIP,25,DIP,90,3.0,3.0
479,2023-01-01,DIP,2,DIP,90,1.0,1.0
480,2023-01-01,DIP,2,DIP,90,1.0,1.0
481,2023-01-01,DIP,2,DIP,90,1.0,1.0
482,2023-01-01,DIP,2,DIP,90,1.0,1.0
483,2023-01-01,DIP,2,DIP,90,1.0,1.0
484,2023-01-01,DIP,2,DIP,90,1.0,1.0
485,2023-01-01,DIP,2,DIP,90,1.0,1.0
486,2023-01-01,DIP,2,DIP,90,1.0,1.0
487,2023-01-01,DIP,2,DIP,90,1.0,1.0
488,2023-01-01,DIP,2,DIP,90,1.0,1.0
489,2018-01-01,DIP,7,DIP,90,1.0,1.0
490,2018-01-01,DIP,7,DIP,90,1.0,1.0
491,2018-01-01,DIP,7,DIP,90,1.0,1.0
492,2018-01-01,DIP,7,DIP,90,1.0,1.0
493,2018-01-01,DIP,7,DIP,90,1.0,1.0
494,2018-01-01,DIP,7,DIP,90,1.0,1.0
495,1995-01-01,DIP,30,DIP,90,4.0,4.0
496,1995-01-01,DIP,30,DIP,90,4.0,4.0
497,1995-01-01,DIP,30,DIP,90,4.0,4.0
502,1998-01-01,DIP,27,DIP,90,3.0,3.0
504,2023-01-01,DIP,2,DIP,90,1.0,1.0
505,1995-01-01,DIP,30,DIP,90,4.0,4.0
506,2019-01-01,DIP,6,DIP,90,1.0,1.0
507,2019-01-01,DIP,6,DIP,90,1.0,1.0
508,2019-01-01,DIP,6,DIP,90,1.0,1.0
