OBJECTID,material,diameter,placedinse,facilityid,LENGTH,Minor_Road,Major_Intersection,Major_Road,Minor_Intersection,Buildings,ROW,WaterAreas,WaterLines,zone,affected_lats,SchoolChildcare,Healthcare,CriticalCustomers,DIAMETER_score,Buildings_score,WaterBodies_score,affected_lats_score,school_childcare_score,medical_score,critical_cust_score,Roadway_score,COF
1,DIP,8,2000,1,728.0,0.0,548.7483307725031,528.1217239100691,916.8001314020945,59.359680348763376,0.0,989.3979537213409,1179.5312314500375,Zone- 1,17.0,,,,7,0,0,5,0,0,0,6,3
2,DIP,8,2000,2,452.0,0.0,828.7742584146667,846.3177980595469,0.0,52.01415485421367,0.0,570.2562523900403,678.4469719876438,Zone- 2,3.0,,,,7,0,0,1,0,0,0,7,3
3,DIP,8,1998,3,307.0,0.0,295.5716888070514,309.06545151384967,0.0,47.796685517463686,0.0,950.5135649884851,585.4428509791857,Zone- 3,5.0,,,,7,0,0,1,0,0,0,7,3
4,DIP,8,1998,4,417.0,0.0,593.6689202993283,580.3496060232793,0.0,20.869225787435553,0.0,570.8274018221648,679.043065393555,Zone- 4,3.0,,,,7,0,0,1,0,0,0,7,3
5,DIP,6,1973,5,1788.0,70.276106031637,744.8792279860387,0.0,399.82057897850535,131.9723757055732,0.0,828.640341545787,556.0543501442348,Zone- 5,3.0,,,,4,0,0,1,0,0,0,9,3
6,DIP,6,1980,6,206.0,624.3540936856718,758.4897600479701,474.54952696534434,683.4564436754221,287.78133521770764,450.59301985867216,1756.2266437797653,835.2489005163537,Zone- 6,,,,,4,0,0,0,0,0,0,0,1
7,DIP,10,1978,7,870.0,19.06611118956755,1.551108700592751,19.06541630247409,343.14683342583726,50.249294284103605,0.0,1290.3076772911,197.6086648828244,Zone- 5,3.0,,,,7,0,0,1,0,0,0,3,2
8, ,4,,8,920.0,0.0,0.0,0.0,306.39388693496204,83.27427386544348,0.0,1234.922079423632,229.9327858648524,Zone- 8,,,,,4,0,0,0,0,0,0,10,3
9,CI,10,1958,9,535.0,833.0794135813784,815.4033068204478,25.574684490507558,968.3993068641056,53.74943867156817,0.0,2113.34272530554,556.0543501442348,Zone- 5,3.0,,,,7,0,0,1,0,0,0,3,2
10, ,4,,10,705.0,835.7833569675198,818.2399582768688,0.0,959.6509359332115,65.95095517779544,0.0,2108.017033706913,578.2830846010119,Zone- 8,,,,,4,0,0,0,0,0,0,9,2
11,CI,10,1950,11,76.0,1367.1198904388307,1349.3845366301296,306.10939577659104,1478.6118390746688,30.929694655544143,311.7116755331976,2633.2003771116174,1016.7289942577728,Zone- 5,3.0,,,,7,0,0,1,0,0,0,0,1
12,CI,10,1950,12,45.0,1368.0244913502108,1350.3962346555948,306.10939577659104,1478.6118390746688,53.74943867156817,314.1716920541502,2633.2003771116174,1043.0633718154684,Zone- 5,3.0,,,,7,0,0,1,0,0,0,0,1
13,DIP,12,2005,13,694.0,771.6726662764296,0.0,0.0,1537.2613286147687,114.82176932306238,191.58196363315707,3460.3917034442056,382.17534401320154,Zone- 13,7.0,,,,10,0,0,1,0,0,0,10,3
14, ,6,,14,196.0,1258.2008499289186,578.4646864244231,32.662777413005635,2146.9773431654803,332.04232549650953,734.5828445758733,3931.9880897583785,875.1168361420798,Zone- 14,,,,,4,0,0,0,0,0,0,0,1
15,DIP,8,2010,15,471.0,587.19270633218,546.6692283055845,0.0,1176.9524442396823,82.82737520129022,0.0,2902.9449144474406,152.28901036969535,Zone- 15,,,,,7,0,0,0,0,0,0,9,3
16,DIP,12,2000,16,80.0,275.6488592439688,14.839653317632347,0.0,1200.817211202972,115.10276218599508,0.0,1656.3510996625716,652.5357370586139,Zone- 16,,,,,10,0,0,0,0,0,0,9,3
17,CI,6,1940,17,608.0,0.0,1264.433554349776,1219.7390846495236,316.69770243793727,42.99307459782438,0.0,434.9708179673111,645.9136902425766,Zone- 1,17.0,,,,4,0,0,5,0,0,0,6,3
18,DIP,8,2000,18,573.0,0.0,490.59080176201246,412.66781145566097,0.0,59.999765724636475,0.0,314.8730655062871,415.5850020218438,Zone- 18,5.0,,,,7,0,0,1,0,0,0,7,3
19,CI,8,1960,19,1366.0,0.0,0.0,0.0,305.01598524091725,49.52379301469725,0.0,212.19377828040064,267.619274082915,Zone- 19,12.0,,,,7,0,0,5,0,0,0,10,4
20,DIP,8,1998,20,412.0,0.0,280.80793599369525,298.33660425620315,0.0,15.632740663909846,0.0,315.31983516575224,415.827927774604,Zone- 20,5.0,,,,7,5,0,1,0,0,0,7,3
21,DIP,8,1998,21,462.0,0.0,280.81154801493534,298.33660425620315,0.0,48.81441050794229,0.0,707.3647727757959,584.0496646544659,Zone- 21,,,,,7,0,0,0,0,0,0,7,2
22,DIP,6,1998,22,19.0,0.0,648.9532945855238,620.0948236176711,0.0,69.62943098261779,0.0,865.4688738385613,945.7724836265996,Zone- 22,1.0,,,,4,0,0,1,0,0,0,7,2
23,DIP,8,1998,23,343.0,0.0,0.0,0.0,0.0,37.54724212903123,0.0,1154.4667151609115,246.8792106653856,Zone- 23,2.0,,,,7,0,0,1,0,0,0,10,3
24,DIP,12,2005,24,773.0,0.14709005043479,0.0,0.0,811.4440535539532,68.54980904607635,2.026309738058755,2928.699661319225,316.03309649059247,Zone- 24,11.0,,,,10,0,0,5,0,0,0,10,4
25,DIP,12,2005,25,603.0,586.9589862148856,0.0,0.0,1175.6824350773163,60.122873684836165,0.0,2900.499186385542,0.0,Zone- 25,1.0,,,,10,0,10,1,0,0,0,10,6
26, , ,,26,289.0,0.0,552.001676092799,489.8502200022053,338.89667565638007,57.83237716300438,0.0,2181.1801635109364,195.33090357807907,Zone- 26,28.0,,,,0,0,0,5,0,0,0,6,3
27,CI,4,1940,27,614.0,0.0,0.0,1.679626614748452,528.6736601107847,47.16729895313843,0.0,2341.084753886634,168.67367832048222,Zone- 26,28.0,,,,4,0,0,5,0,0,0,10,4
28,DIP,12,2005,28,316.0,499.48098454355534,549.1979644263133,0.0,1053.994994959409,59.547061554704,0.0,2595.9701538430886,153.11474719350343,Zone- 28,6.0,,,,10,0,0,1,0,0,0,9,3
29,CI,4,1948,29,144.0,260.6569251567688,136.3378470724436,0.0,1012.9457649175334,2.526288243662685,0.0,1537.3750100525392,476.6083301070887,Zone- 29,,,,,4,10,0,0,0,0,0,9,4
30,CI,6,1948,30,260.0,236.58510474912248,41.37153373297948,0.0,1042.6083908884739,89.04042303767109,0.0,1456.3683103143496,516.5296351739453,Zone- 30,14.0,,,,4,0,0,5,0,0,0,9,4
31,CI,6,1940,31,29.0,236.58510474912248,41.37153373297948,0.0,1163.7307788942635,96.11486652854721,0.0,1588.9713714954232,625.431598175846,Zone- 30,14.0,,,,4,0,0,5,0,0,0,9,4
32,DIP,6,2005,32,64.0,264.9780613014444,12.825298159885373,4.289001524380553,1163.7307788942635,96.11486652854721,0.0,1613.009707490152,625.431598175846,Zone- 30,14.0,,,,4,0,0,5,0,0,0,3,3
33,DIP,12,2005,33,1079.0,178.63819444800265,0.0,0.0,1000.9060506696763,48.96201698116672,0.0,1565.8215183399047,218.36879958820413,Zone- 33,6.0,,,,10,0,0,1,0,0,0,10,3
34,DIP,4,2005,34,195.0,681.6678131703869,783.2155410845892,0.0,1255.6867685006182,6.003175640984133,259.0133828378727,749.8705615363309,689.8599436565746,Zone- 34,1.0,,Connected,,4,5,0,1,0,10,0,9,4
35,DIP,12,2005,35,316.0,0.0,0.0,0.0,1283.4589077684786,31.79756233014557,7.120245917421665,1182.8230991948947,739.6139940859683,Zone- 35,4.0,,,,10,0,0,1,0,0,0,10,3
36,CI,8,1960,36,344.0,223.91610254855632,206.17096325796993,0.0,689.6978943240294,42.81224247765921,0.0,109.75289128076923,199.5533500390083,Zone- 19,12.0,,,,7,0,0,5,0,0,0,9,4
37,CI,4,1940,37,556.0,11.8555926312898,0.0,0.0,538.078642084322,45.34023409531791,0.0,109.75289128076923,199.5533500390083,Zone- 19,12.0,,,,4,0,0,5,0,0,0,10,4
38,DIP,8,2000,38,104.0,0.0,0.0,0.0,433.36068784266087,60.202540826159456,0.0,293.4047147981956,388.01120312960853,Zone- 38,8.0,,,,7,0,0,1,0,0,0,10,3
39,DIP,8,2000,39,456.0,0.0,51.39619032757559,68.27081374689321,0.0,23.82627240502552,0.0,265.95380646065246,388.01120312960853,Zone- 522,8.0,,,,7,0,0,1,0,0,0,7,3
40,CI,4,1960,40,7.0,6.50162447900499,0.0,0.0,532.6521729324182,67.8135976062014,0.0,357.0460869642324,430.04573228929127,Zone- 40,,,,,4,0,0,0,0,0,0,10,3
41,DIP,12,1973,41,2054.0,0.0,0.0,0.0,0.0,5.147282857264938,0.0,1277.361411598671,0.0,Zone- 41,,,,,10,5,10,0,0,0,0,10,6
42,DIP,8,2005,42,336.0,0.0,0.0,0.0,1134.7552644495925,35.796506044469766,0.0,3316.4401562621006,819.5447455126252,Zone- 42,21.0,,,,7,0,0,5,0,0,0,10,4
43,CI,4,1940,43,134.0,0.0,6.798469008857935,21.98476205584831,988.1972187203238,44.52859045542623,0.0,3164.859918515141,971.5281296336858,Zone- 42,21.0,,,,4,0,0,5,0,0,0,6,3
44,DIP,4,2005,44,24.0,0.0,0.0,2.698700984948887,1121.734065188554,50.082518129639205,0.0,3297.197661921892,1047.1970623714403,Zone- 42,21.0,,,,4,0,0,5,0,0,0,10,4
45,DIP,8,2005,45,528.0,2.208944131126445,0.0,0.0,652.1098741409608,25.050609842047876,0.0,2817.3385661464263,476.0087630109782,Zone- 45,3.0,,,,7,0,0,1,0,0,0,10,3
46,DIP,12,2005,46,188.0,0.0,0.0,0.0,652.1098741409608,71.64621669680064,0.0,2817.3385661464263,394.8088659971585,Zone- 24,11.0,,,,10,0,0,5,0,0,0,10,4
47,CI,4,1940,47,26.0,0.0,0.0,0.0,795.2324558200629,75.13358425730105,0.0,2905.829755869464,373.44395332455474,Zone- 26,28.0,,,,4,0,0,5,0,0,0,10,4
48,CI,2,1930,48,276.0,0.0,619.9342640550295,381.65859768540145,0.0,38.52384586277223,0.0,1902.8703208133263,280.84323148522253,Zone- 26,28.0,,,,1,0,0,5,0,0,0,7,3
49,DIP,4,2008,49,362.0,0.0,588.0921292287971,381.65859768540145,0.0,47.78463278670685,0.0,2171.988491071764,295.15599414195657,Zone- 26,28.0,,,,4,0,0,5,0,0,0,7,3
50,DIP,8,2000,50,640.0,16.03679293985186,33.638164731644274,7.201454083623725,930.1441788564032,51.249432018500784,0.0,984.4950022306876,301.5801014220655,Zone- 30,14.0,,,,7,0,0,5,0,0,0,3,3
51,DIP,12,1984,51,1080.0,293.23882516914773,295.851442699562,0.0,1134.4409221870071,25.76719067840991,2.540810222917236,730.4203741379088,680.1728356202951,Zone- 51,4.0,,Connected,,10,0,0,1,0,10,0,9,4
52,CI,6,1948,52,762.0,359.40992297823425,300.16489699246847,0.236198243674709,915.6350912606734,78.78688315096505,0.0,1199.3785555095883,349.9609594485364,Zone- 30,14.0,,,,4,0,0,5,0,0,0,3,3
53,CI,4,1940,53,451.0,0.0,637.3038965803112,654.8161204831376,0.0,17.859565918471002,0.0,47.143291908899634,782.8803261452169,Zone- 53,1.0,,,,4,5,7,1,0,0,0,7,4
54,CI,4,1940,54,563.0,0.0,306.36681696469725,323.47750588197147,0.0,20.178988868766368,0.0,308.1520628250131,735.5652940555021,Zone- 54,24.0,,,,4,0,0,5,0,0,0,7,3
55,CI,4,1940,55,529.0,0.0,306.1662965244794,319.04422438858603,0.0,52.51357849840921,0.0,422.320241246533,643.5400062302347,Zone- 54,24.0,,,,4,0,0,5,0,0,0,7,3
56,CI,6,1940,56,292.0,0.0,16.77663522775614,29.550112557991305,0.0,33.00539785744001,0.0,306.63515370205204,529.2586306420006,Zone- 54,24.0,,,,4,0,0,5,0,0,0,7,3
57,CI,4,1940,57,130.0,0.0,302.39395502384787,319.04422438858603,0.0,125.3552032665715,0.0,306.63515370205204,529.2586306420006,Zone- 54,24.0,,,,4,0,0,5,0,0,0,7,3
58,CI,4,1945,58,262.0,0.0,0.0,9.724296980305825,374.0569181011506,47.42611765495271,0.0,365.5813569090494,523.651822942311,Zone- 58,,,,,4,0,0,0,0,0,0,10,3
59,CI,8,1940,59,259.0,0.0,0.0,8.5262653180811,334.15045688248534,34.08231868766429,0.0,330.081246093081,484.19868750817915,Zone- 59,18.0,,,,7,0,0,5,0,0,0,10,4
60,CI,12,1940,60,113.0,0.0,0.0,0.0,271.8718793731388,24.3559147339338,0.0,464.00483266503215,660.4110716229353,Zone- 60,,,,,10,0,0,0,0,0,0,10,3
61,CI,8,1940,61,670.0,22.98089750640448,13.385852336152666,0.0,439.8303517927136,33.709293899861365,0.0,107.80448941372713,188.71498701567123,Zone- 19,12.0,,,,7,0,0,5,0,0,0,9,4
62,DIP,6,1980,62,310.0,209.01519499117651,0.0,6.235414381927916,201.59483729545457,42.92631863809656,19.65696236309586,1161.2198173335955,445.6951493108716,Zone- 62,,,,,4,0,0,0,0,0,0,10,3
63,DIP,6,1980,63,25.0,378.77974859545094,299.67926550333516,315.9536932507641,416.508285541938,19.644928519132712,329.4678058049637,1141.681264327333,424.648252894791,Zone- 62,,,,,4,5,0,0,0,0,0,0,1
64,DIP,12,2005,64,159.0,0.0,0.0,7.476079166761404,977.3367325753976,45.69490536164096,0.0,3123.6318518221915,1355.306669709513,Zone- 64,6.0,,,,10,0,0,1,0,0,0,10,3
65,DIP,8,2005,65,739.0,0.0,0.0,2.683861367830079,1125.6833275115323,35.641649137995685,0.0,3269.266556521484,1062.087951741966,Zone- 42,21.0,,,,7,0,0,5,0,0,0,10,4
66,DIP,12,2005,66,1033.0,0.0,139.4949318399827,85.57755863867672,0.0,7.443566325471861,0.0,2096.2728391938085,386.3539503106597,Zone- 64,6.0,,,,10,5,0,1,0,0,0,7,4
67,DIP,8,2005,67,119.0,0.0,399.81402606396574,384.44284234403216,390.20208688774767,14.09272151073994,0.0,2530.54814902529,755.7730769706429,Zone- 67,1.0,,Connected,,7,5,0,1,0,10,0,6,4
68,DIP,12,2005,68,241.0,0.0,13.883524612698915,0.0,0.0,13.617023864485176,0.0,2089.6743430903325,316.6408973446594,Zone- 68,12.0,,,,10,5,0,5,0,0,0,9,5
69,DIP,12,2005,69,131.0,30.156322248638286,47.53103997152251,0.0,75.18566844532604,37.129065405265166,0.0,1988.493607600696,284.463267181915,Zone- 69,53.0,,,,10,0,0,10,0,0,0,9,5
70,DIP,12,2005,70,15.0,0.0,10.637230096036136,0.0,110.48752315455246,64.87123271524752,0.0,2077.4606399303134,302.54070177163044,Zone- 70,,,,,10,0,0,0,0,0,0,9,3
71,DIP,12,1995,71,48.0,0.0,0.0,0.0,164.7943373871442,64.27589434827661,0.0,2109.445159614223,325.9912149864914,Zone- 69,53.0,,,,10,0,0,10,0,0,0,10,5
72,DIP,12,2005,72,93.0,0.0,0.0,0.0,97.75136602546365,62.273725183302446,0.0,2056.955198590801,291.97756299275613,Zone- 69,53.0,,,,10,0,0,10,0,0,0,10,5
73,DIP,8,2005,73,65.0,0.0,22.78990264358079,0.0,207.35820987711264,58.999819799035365,0.0,2107.429463297501,317.74333327709,Zone- 26,28.0,,,,7,0,0,5,0,0,0,9,4
74,DIP,12,1995,74,1068.0,13.917822631201448,0.0,0.0,207.35820987711264,38.61903371093512,0.0,2135.8540846420688,349.72380294310545,Zone- 69,53.0,,,,10,0,0,10,0,0,0,10,5
75,DIP,8,2005,75,599.0,0.0,65.88925278601349,38.95144225072838,0.0,51.85788145239382,0.0,2107.429463297501,316.2697178219919,Zone- 26,28.0,,,,7,0,0,5,0,0,0,7,4
76,DIP,8,2005,76,570.0,2.370557890096832,33.638164731644274,32.698981289245296,568.9028145074296,26.811150398914343,0.0,984.4950022306876,133.0787354551969,Zone- 30,14.0,,,,7,0,0,5,0,0,0,2,3
77,CI,8,1948,77,115.0,15.177178095186946,0.0,0.0,912.8853940938736,101.49044523568146,0.0,869.7426296233982,301.5801014220655,Zone- 30,14.0,,,,7,0,0,5,0,0,0,10,4
78,DIP,12,1972,78,222.0,0.0,0.0,0.0,788.9383511069173,20.22454184129839,0.0,653.9482815072839,331.72572469347807,Zone- 30,14.0,,,,10,0,0,5,0,0,0,10,4
79,DIP,12,1984,79,376.0,0.0,0.0,0.0,788.9383511069173,52.32279893888118,0.0,653.9482815072839,391.61884730154753,Zone- 30,14.0,,,,10,0,0,5,0,0,0,10,4
80,CI,4,1940,80,365.0,0.0,0.0,0.0,0.0,46.58603982190101,0.0,236.6279814747512,856.1943174072006,Zone- 80,3.0,,,,4,0,0,1,0,0,0,10,3
81,DIP,12,1990,81,494.0,0.0,4.583333138327714,22.040143511383448,280.1677437391112,35.18204070449842,0.0,476.2070111657108,899.3633568918477,Zone- 81,21.0,,,,10,0,0,5,0,0,0,6,4
82,CI,4,1940,82,457.0,0.0,306.36681696469725,323.47750588197147,0.0,24.777205440661227,0.0,236.77467010535625,950.8983176158168,Zone- 54,24.0,,,,4,0,0,5,0,0,0,7,3
83,CI,4,1940,83,327.0,0.0,310.8544635667787,328.3932627787794,0.0,25.856670518392736,0.0,47.143291908899634,782.8803261452169,Zone- 54,24.0,,,,4,0,7,5,0,0,0,7,5
84,DIP,8,1980,84,523.0,0.0,0.0,1.479527275005726,281.1197920221123,27.948611537961124,0.0,528.2133247476551,849.6158678234804,Zone- 59,18.0,,,,7,0,0,5,0,0,0,10,4
85,CI,4,1940,85,436.0,0.0,277.09268884334347,294.6246595913732,0.0,57.48777154870013,0.0,716.3012827299565,776.8194125552867,Zone- 85,15.0,,,,4,0,0,5,0,0,0,7,3
86,DIP,8,1980,86,619.0,0.0,0.0,4.333785450625217,276.60395721157465,30.44268976525496,0.0,522.4401579721713,705.0597328154987,Zone- 59,18.0,,,,7,0,0,5,0,0,0,10,4
87,DIP,12,1990,87,652.0,0.0,0.0,9.715069478539071,280.5278688251332,64.90473326193131,0.0,478.0891309965239,671.6078316680447,Zone- 81,21.0,,,,10,0,0,5,0,0,0,10,4
88,CI,4,1940,88,106.0,42.2985230861543,25.041696224524344,0.0,285.18970965609094,58.96732637461963,0.0,899.2536879657343,557.3671695914393,Zone- 88,20.0,,,,4,0,0,5,0,0,0,9,4
89,CI,4,1940,89,30.0,12.815156529981412,0.0,0.0,285.17141473919173,102.00255626657273,0.0,982.5338303598672,532.5743180963166,Zone- 88,20.0,,,,4,0,0,5,0,0,0,10,4
90,DIP,12,2000,90,310.0,0.0,0.0,0.0,0.0,61.06663993434142,0.0,900.2918151256885,526.9841293604478,Zone- 90,2.0,,,,10,0,0,1,0,0,0,10,3
91,DIP,12,2000,91,623.0,0.0,0.0,0.0,281.8191189202,120.87069012090944,0.0,732.5241423499958,265.2606285981865,Zone- 91,,,,,10,0,0,0,0,0,0,10,3
92,DIP,12,2000,92,222.0,0.0,276.7419796979838,250.27261951695408,0.0,29.324192087436543,0.0,733.4783604183034,664.4344191740604,Zone- 92,1.0,,,,10,0,0,1,0,0,0,7,3
93,DIP,12,2000,93,275.0,0.0,33.665166983713625,47.8499816211775,151.62474230834917,24.3559147339338,0.0,542.1989930744764,664.4344191740604,Zone- 92,1.0,,,,10,0,0,1,0,0,0,6,3
94,DIP,12,2000,94,996.0,3.321708260342151,0.0,3.313276859339247,53.62384645731961,42.442191850660656,17.760354441137405,732.5241423499958,0.0,Zone- 91,,,,,10,0,10,0,0,0,0,10,5
95,DIP,6,2008,95,321.0,202.01655410492873,184.57906899317635,0.0,402.7171710316181,18.709728594124613,353.6463734484233,1683.192766166003,969.040329429116,Zone- 95,,,,,4,5,0,0,0,0,0,9,3
96,DIP,6,2008,96,310.0,275.75527919827556,258.1055673561205,273.055616322714,615.0338410484034,35.95047623676668,357.9390350201414,1874.094597240264,1169.2740239846169,Zone- 95,,,,,4,0,0,0,0,0,0,0,1
97,CI,12,1970,97,821.0,0.0,0.0,4.019954211173263,158.62757633386747,44.315220786417086,19.48244297032548,1311.1952965768298,603.9946088101697,Zone- 91,,,,,10,0,0,0,0,0,0,10,3
98,CI,12,1970,98,207.0,181.7976769345053,219.721006099069,4.669799876823681,269.93800462949133,2.061313974670109,320.2246439312972,1578.9025526395271,854.8975815402565,Zone- 98,,,,,10,10,0,0,0,0,0,0,3
99, ,12,,99,35.0,316.5241114678096,246.177155292122,5.360032114712279,461.913160644207,108.38243333939003,238.5865030476984,1566.853514724863,856.431146948743,Zone- 99,,,,,10,0,0,0,0,0,0,0,2
100, ,12,,100,35.0,331.90687331580784,230.94271989160447,5.420889137808138,474.01754672540073,93.92509112022775,223.33753449057176,1553.7268944446823,844.0784814571934,Zone- 100,,,,,10,0,0,0,0,0,0,0,2
101,DIP,12,2002,101,937.0,0.0,0.0,1.808955291305239,311.01020952382373,45.01073151718187,712.5365558497222,1987.8489565266163,954.3253006190515,Zone- 91,,,,,10,0,0,0,0,0,0,10,3
102,DIP,12,2005,102,755.0,0.0,0.0,0.0,1123.5439140633937,29.822219289510706,0.0,3270.038376445045,1496.7561488831504,Zone- 102,12.0,,,,10,0,0,5,0,0,0,10,4
103,CI,4,1940,103,635.0,0.0,252.32697357362335,150.11511876651136,0.0,41.26466630527777,0.0,2120.8576876109714,456.5387261666244,Zone- 68,12.0,,,,4,0,0,5,0,0,0,7,3
104,CI,8,1940,104,16.0,0.0,252.30724637721076,138.938558161777,60.540336292971126,51.580656658820274,0.0,2105.417141154695,445.7127457343437,Zone- 68,12.0,,,,7,0,0,5,0,0,0,6,3
105,DIP,12,2005,105,84.0,105.29814908054828,178.17147476079072,0.0,88.96081598611029,45.71096947284614,0.0,1926.081804580566,282.93957898846014,Zone- 69,53.0,,,,10,0,0,10,0,0,0,9,5
106,DIP,12,2005,106,1269.0,0.0,0.0,0.0,158.29849985150176,32.16087797591101,0.0,1100.5328066727952,272.22064826217076,Zone- 69,53.0,,,,10,0,0,10,0,0,0,10,5
107,DIP,12,1972,107,432.0,0.0,0.0,0.0,264.14845151082625,22.351041998077086,0.0,886.9778747773457,207.09903099110193,Zone- 107,3.0,,,,10,0,0,1,0,0,0,10,3
108,DIP,12,1972,108,803.0,0.0,0.0,1.247231043276612,259.88303212971726,86.99455368733369,0.0,835.0612369792952,0.0,Zone- 107,3.0,,,,10,0,10,1,0,0,0,10,6
109,DIP,12,1990,109,1109.0,0.0,0.0,0.0,283.037003874394,32.741118939794795,0.0,113.86798756740632,299.4628378040596,Zone- 81,21.0,,,,10,0,0,5,0,0,0,10,4
110,DIP,8,1980,110,679.0,350.2596437576027,0.0,0.0,452.7803508863733,31.478358418553324,0.0,163.70677897818675,330.1553720735263,Zone- 110,5.0,,,,7,0,0,1,0,0,0,10,3
111,CI,4,1940,111,499.0,0.0,0.0,0.0,15.08372528069348,41.53860127473112,0.0,305.3135294119974,548.9132857162529,Zone- 85,15.0,,,,4,0,0,5,0,0,0,10,4
112,DIP,8,1980,112,353.0,0.0,0.0,1.393506672363902,282.8525825842072,56.50547400833756,0.0,428.64895641604176,660.2801793741861,Zone- 59,18.0,,,,7,0,0,5,0,0,0,10,4
113,CI,4,1940,113,298.0,0.0,0.0,0.0,278.0121800502759,30.16122168252419,0.0,333.27979956242325,479.52972749675007,Zone- 88,20.0,,,,4,0,0,5,0,0,0,10,4
114,CI,4,1940,114,349.0,0.0,28.74176495838927,0.0,0.0,25.637967372307195,0.0,292.3814465181572,475.4237716628579,Zone- 88,20.0,,,,4,0,0,5,0,0,0,9,4
115,CI,4,1940,115,507.0,0.0,0.0,4.635569298622327,0.0,27.229142964395063,0.0,305.3135294119974,548.9132857162529,Zone- 85,15.0,,,,4,0,0,5,0,0,0,10,4
116,CI,4,1940,116,298.0,0.0,0.0,0.0,277.7844269449503,39.06193579979792,0.0,620.6975192138309,632.0516358633564,Zone- 88,20.0,,,,4,0,0,5,0,0,0,10,4
117,DIP,12,1973,117,1140.0,0.0,0.0,0.0,177.91537099514983,34.905036195508224,0.0,1090.0582938296843,635.5958076184959,Zone- 117,,,,,10,0,0,0,0,0,0,10,3
118,DIP,6,1980,118,463.0,241.83752924926523,265.52299898680445,2.412766456506776,720.2729890937687,5.737710638338842,0.0,1113.4710237905597,479.1934248348831,Zone- 118,3.0,,,,4,5,0,1,0,0,0,3,2
119,DIP,8,2005,119,36.0,0.0,0.0,1.626610972998495,1095.0242476843316,86.97665755539475,0.0,3370.058206979312,1748.7107338194746,Zone- 119,21.0,,,,7,0,0,5,0,0,0,10,4
120,CI,4,1940,120,436.0,407.3575152506842,593.4756437991987,347.361736750608,589.1767094007954,414.6097739130233,256.26159320913126,2660.9804830803228,1624.4045915490235,Zone- 120,,,,,4,0,0,0,0,0,0,0,1
121,CI,4,1940,121,393.0,0.0,13.281533603697692,30.07019958594716,701.7730425206289,68.24693378178547,8.178706457747774,2992.629662773621,1435.4079706975378,Zone- 119,21.0,,,,4,0,0,5,0,0,0,6,3
122,CI,4,1940,122,254.0,0.0,568.7271148521899,586.290198036202,0.0,40.93245801239015,0.0,2012.8684702903868,1318.1861972154022,Zone- 122,1.0,,,,4,0,0,1,0,0,0,7,2
123,CI,4,1940,123,729.0,0.0,405.7655573626768,423.39033474352976,0.0,28.569990135286965,11.51220764913548,2309.7179052613014,970.1127013680104,Zone- 119,21.0,,,,4,0,0,5,0,0,0,7,3
124,CI,4,1940,124,569.0,0.0,304.71903795465806,321.4883497893435,0.0,42.887141248761,0.0,1406.308141329432,766.2093449425925,Zone- 124,10.0,,,,4,0,0,1,0,0,0,7,2
125,CI,4,1940,125,564.0,0.0,431.5933454217824,434.4809637205548,0.0,23.54047247878206,0.0,1565.6674666480897,896.5769588047998,Zone- 125,11.0,,,,4,0,0,5,0,0,0,7,3
126,CI,4,1940,126,232.0,0.0,305.45786965882496,323.1345456123652,0.0,48.441887653317885,0.0,1406.308141329432,766.2093449425925,Zone- 119,21.0,,,,4,0,0,5,0,0,0,7,3
127,CI,4,1940,127,257.0,0.0,174.86960441178883,185.51876977956488,0.0,23.79135996216725,0.0,1397.5515463266297,696.3431694253575,Zone- 125,11.0,,,,4,0,0,5,0,0,0,7,3
128,CI,4,1940,128,792.0,0.0,419.2638453778808,375.6325662026513,0.0,23.561528262097234,0.0,1578.457687097146,814.8858337606482,Zone- 119,21.0,,,,4,0,0,5,0,0,0,7,3
129,DIP,12,2005,129,481.0,0.0,0.0,0.0,291.65969063196854,48.971368483889925,0.0,846.8156209859565,205.2776120117236,Zone- 129,12.0,,,,10,0,0,5,0,0,0,10,4
130,DIP,8,2005,130,38.0,0.0,0.0,0.0,253.79729839152589,57.62858737582128,0.0,1199.0828467845963,656.3248820544369,Zone- 130,1.0,,,,7,0,0,1,0,0,0,10,3
131,CI,4,1940,131,425.0,0.0,8.814318955503046,19.976133006518,0.0,33.501692921497884,0.0,1150.648669553539,441.1021618936393,Zone- 119,21.0,,,,4,0,0,5,0,0,0,7,3
132,DIP,12,2005,132,302.0,0.609148652873516,0.0,0.0,426.7101108991525,55.08965624060028,0.0,846.8156209859565,205.2776120117236,Zone- 69,53.0,,,,10,0,0,10,0,0,0,10,5
133,DIP,8,2005,133,35.0,0.0,0.0,0.0,391.8449116545082,61.731934060252335,0.0,1132.1844372091034,414.9055425664552,Zone- 119,21.0,,,,7,0,0,5,0,0,0,10,4
134,DIP,8,2005,134,37.0,0.0,0.0,0.0,381.6523206727984,9.080342765146703,0.0,1268.77055423677,529.184517174427,Zone- 134,,,,,7,5,0,0,0,0,0,10,3
135,CI,8,1930,135,30.0,0.0,0.0,0.0,233.0420257145545,52.364731183868685,0.0,631.5400125559703,138.63281845075628,Zone- 135,5.0,,,,7,0,0,1,0,0,0,10,3
136,CI,8,1930,136,317.0,0.90313184651475,0.0,0.0,263.2141344123699,50.898495674201065,0.0,634.85424555931,136.8419706493677,Zone- 136,2.0,,,,7,0,0,1,0,0,0,10,3
137,CI,8,1930,137,1087.0,491.971660349119,169.84406970139045,0.15493841844341,944.0274023380408,40.6973164389624,0.0,0.0,0.0,Zone- 137,,,,,7,0,10,0,0,0,0,3,4
138,CI,4,1930,138,75.0,792.839492855488,288.29408906885607,2.48819856809933,1344.6294746549013,22.555921031703388,0.0,125.55444753667096,281.2960550759015,Zone- 138,,,,,4,0,0,0,0,0,0,3,1
139,DIP,12,2006,139,221.0,373.4323508596376,0.0,0.0,995.816344961288,20.61693713180296,0.0,14.728538889535098,130.53522162649287,Zone- 139,,,,,10,0,7,0,0,0,0,10,5
140,DIP,6,1990,140,47.0,420.5550217499428,28.784939189486924,0.0,1057.6045316185744,1.331764243912347,0.0,131.30946846131988,254.4109147293283,Zone- 140,,,,,4,10,0,0,0,0,0,9,4
141,CI,8,1930,141,195.0,558.644977650467,159.7818686799226,0.0,1181.3611999534808,51.491596060610426,0.0,0.0,0.0,Zone- 139,,,,,7,0,10,0,0,0,0,9,5
142,CI,8,1930,142,254.0,684.5251340736313,77.37711724406803,0.0,1068.1986493691422,37.2701582338895,0.0,0.0,49.062742119034745,Zone- 142,1.0,,,,7,0,10,1,0,0,0,9,5
143,CI,8,1930,143,199.0,863.236853240378,35.67830663714939,0.0,1059.55139813319,33.55612805058576,0.0,169.17064717269884,280.0464338575128,Zone- 143,1.0,,,,7,0,0,1,0,0,0,9,3
144,CI,8,1930,144,51.0,843.2986897476359,27.187289923701485,0.0,1053.56785154644,35.396395319857604,0.0,144.6303810527297,254.61983519670167,Zone- 142,1.0,,,,7,0,0,1,0,0,0,9,3
145,DIP,6,1970,145,118.0,0.0,0.0,0.0,581.8056900878385,65.67107130249745,0.0,5.048714982914983,341.85175280990944,Zone- 145,2.0,,,,4,0,9,1,0,0,0,10,5
146,DIP,8,1970,146,182.0,0.0,86.9006385040107,104.5804505467109,460.71880986876573,27.94820939656061,0.0,0.0,347.3536344692443,Zone- 146,1.0,,,,7,0,10,1,0,0,0,6,5
147,DIP,8,1970,147,30.0,0.0,255.6729871954707,273.3948454488975,460.71880986876573,15.480653189461032,0.0,34.0647805401181,320.14130212712627,Zone- 146,1.0,,,,7,5,7,1,0,0,0,6,5
148,DIP,6,1970,148,126.0,0.0,495.04714617066674,512.7138867007502,191.38800426088497,0.0,0.0,197.09104710056337,333.32875582810203,Zone- 148,,,,,4,10,0,0,0,0,0,6,3
149,DIP,6,1970,149,131.0,0.0,404.42287129518246,422.1068887975469,246.83191925663996,0.0,0.0,179.07418959592505,328.0655334547811,Zone- 149,,,,,4,10,0,0,0,0,0,6,3
150,DIP,6,1970,150,362.0,1.001362777081988,266.3109573234213,283.84944179443033,287.3642651983731,5.501403898442972,0.0,37.965336819297946,316.0614042948365,Zone- 150,1.0,,,,4,5,7,1,0,0,0,2,4
151,DIP,12,1973,151,1039.0,0.0,0.0,0.0,1040.6386194141553,116.89346346323676,0.0,549.980597079018,592.8377511486358,Zone- 151,1.0,,,Connected,10,0,0,1,0,0,10,10,4
152,DIP,6,1990,152,581.0,0.0,123.64729394118108,0.0,1119.4672492924735,54.23113649583104,0.0,522.8786263080219,563.6882653317252,Zone- 152,,,,,4,0,0,0,0,0,0,9,2
153,DIP,6,2002,153,234.0,164.87683062736042,533.7333829905042,167.11028953050447,550.5619644668934,276.3607575864429,206.5003982926532,3325.800034783212,3020.993649970375,Zone- 153,,,,,4,0,0,0,0,0,0,0,1
154,DIP,12,2005,154,1333.0,0.0,0.0,0.0,271.630088520592,46.91206171031151,0.0,2918.3923464878385,1777.103367377037,Zone- 102,12.0,,,,10,0,0,5,0,0,0,10,4
155,CI,4,1940,155,1340.0,0.0,126.21198417991448,0.0,220.7406711946906,45.377339153449256,0.0,2259.063119991008,1185.8089158338523,Zone- 155,,,,,4,0,0,0,0,0,0,9,2
156,DIP,2,1996,156,354.0,0.0,0.0,0.0,274.33925380799406,29.82648750763297,0.0,2484.584351932807,2150.350819714198,Zone- 156,7.0,,,,1,0,0,1,0,0,0,10,2
157,CI,6,1940,157,424.0,0.0,12.375906966929504,29.39902034413345,0.0,39.1107197389884,0.0,1918.7502454067617,1615.4166864359754,Zone- 157,1.0,,,,4,0,0,1,0,0,0,7,2
158,CI,4,1940,158,533.0,0.0,436.095738857328,453.0922067987608,0.0,90.15687221633252,0.0,2188.857959370476,1619.8163379527657,Zone- 158,,,,,4,0,0,0,0,0,0,7,2
159,CI,4,1940,159,157.0,0.0,436.03859637690306,453.6298028675845,0.0,58.316453979158354,0.0,2146.803698385644,1547.9822361678075,Zone- 125,11.0,,,,4,0,0,5,0,0,0,7,3
160,CI,4,1940,160,166.0,0.0,568.6564172704342,586.2705559451822,0.0,7.714871024980733,0.0,2008.1977430373972,1394.9605597293569,Zone- 125,11.0,,,,4,5,0,5,0,0,0,7,4
161,DIP,12,2005,161,253.0,0.0,0.0,0.0,186.77565583105596,56.35437518878205,0.0,1584.7207149179285,1233.24000017138,Zone- 161,5.0,,,,10,0,0,1,0,0,0,10,3
162,DIP,12,2005,162,32.0,0.0,0.0,0.0,186.48845894435897,56.35437518878205,0.0,1699.612790654758,1201.5395486146017,Zone- 161,5.0,,,,10,0,0,1,0,0,0,10,3
163,DIP,12,2005,163,292.0,0.445970566370993,0.0,0.0,187.7798785829108,45.0246938571788,0.0,1433.5657513011583,918.5777634730617,Zone- 161,5.0,,,,10,0,0,1,0,0,0,10,3
164,CI,8,1940,164,51.0,5.114092009036268,0.0,0.0,138.24911345023435,34.19366687550934,0.0,1693.1609095975373,1194.7335671020708,Zone- 124,10.0,,,,7,0,0,1,0,0,0,10,3
165,CI,4,1940,165,180.0,3.357985663340588,25.670895148356745,39.01472314502626,0.0,32.81319655100681,0.0,1715.5978860784164,1209.5314916501604,Zone- 124,10.0,,,,4,0,0,1,0,0,0,7,2
166,CI,4,1940,166,397.0,0.0,216.85887761535727,233.55103110521236,0.0,29.222295908648583,0.0,1805.8696745899404,1265.760478927482,Zone- 166,5.0,,,,4,0,0,1,0,0,0,7,2
167,CI,4,1940,167,102.0,0.0,202.6428004774405,219.32245575009748,0.0,29.68996828333234,0.0,1799.1330342995805,1262.1032505012035,Zone- 124,10.0,,,,4,0,0,1,0,0,0,7,2
168,DIP,6,1980,168,389.0,0.0,285.5875403722697,281.43494505092326,0.0,10.88690925598152,0.0,1115.829854377104,734.3112493202142,Zone- 168,3.0,,,,4,5,0,1,0,0,0,7,3
169,CI,6,1940,169,310.0,0.0,285.05166256231206,288.2468736687447,0.0,10.88690925598152,0.0,1041.8504514657543,591.4072179728885,Zone- 135,5.0,,,,4,5,0,1,0,0,0,7,3
170,DIP,12,2005,170,265.0,3.877459972181118,0.0,0.0,292.0891787357349,48.23425612270327,0.0,1208.07908760484,666.6583920631193,Zone- 129,12.0,,,,10,0,0,5,0,0,0,10,4
171,CI,4,1940,171,423.0,0.0,5.586759064679147,22.04126793051937,0.0,37.236086976971926,0.0,655.1072697383538,168.51342413972188,Zone- 135,5.0,,,,4,0,0,1,0,0,0,7,2
172,CI,6,1930,172,398.0,0.0,0.0,0.0,475.59436021516495,29.18862028267768,0.0,537.1783406277099,229.21339054459904,Zone- 172,3.0,,,,4,0,0,1,0,0,0,10,3
173,DIP,6,2005,173,338.0,0.0,285.62033945897,288.0160980689564,0.0,25.161716140065863,0.0,850.4271264838702,440.81727210135233,Zone- 173,10.0,,,,4,0,0,1,0,0,0,7,2
174,CI,8,1930,174,75.0,2.134986613862302,0.0,0.0,398.57911005333136,68.93235934049001,0.0,538.2074574289664,215.39075211087413,Zone- 174,1.0,,,,7,0,0,1,0,0,0,10,3
175,CI,8,1930,175,337.0,41.63896935828204,0.0,0.0,452.08404714085646,99.3612772218754,0.0,266.549228115871,0.0,Zone- 175,1.0,,,,7,0,10,1,0,0,0,10,5
176,CI,8,1930,176,517.0,0.0,0.0,0.0,218.7465097078672,38.20614734873504,0.0,530.8681877688127,138.428153203614,Zone- 136,2.0,,,,7,0,0,1,0,0,0,10,3
177,DIP,6,2005,177,393.0,0.0,0.0,0.0,7.833266396944044,27.86019401701349,0.0,560.21141566923,201.89919652700232,Zone- 173,10.0,,,,4,0,0,1,0,0,0,10,3
178,DIP,6,2005,178,93.0,0.0,233.34951597195587,203.3318519182912,0.0,54.188036625133,0.0,765.0089344632515,356.7991324745926,Zone- 173,10.0,,,,4,0,0,1,0,0,0,7,2
179,CI,8,1930,179,495.0,65.35250160446743,0.0,0.0,473.77269579817266,25.84319726282259,0.0,257.66045899005303,228.78694791517836,Zone- 174,1.0,,,,7,0,0,1,0,0,0,10,3
180,CI,8,1930,180,214.0,574.9480153802473,0.0,9.262945625216265,981.0082052710088,2.301765708721021,0.0,96.32172021363658,422.42802392704704,Zone- 180,,,,,7,10,5,0,0,0,0,10,5
181,CI,8,1930,181,59.0,516.0617640128992,206.1329944266664,198.20586467686184,921.9173963689968,28.892598703345968,0.0,96.32172021363658,376.4381634054432,Zone- 180,,,,,7,0,5,0,0,0,0,3,3
182,CI,8,1930,182,215.0,491.971660349119,209.5485843219571,15.130192407314569,921.880660297052,43.76868509476676,10.766394914794107,108.60683821595184,247.27433782777217,Zone- 180,,,,,7,0,0,0,0,0,0,0,1
183,CI,4,1950,183,136.0,835.9508157494904,7.529350783650013,2.029659335468295,1470.4130081940968,17.8285022021166,0.0,251.5308461125228,622.8556373808801,Zone- 183,1.0,,,,4,5,0,1,0,0,0,3,2
184,DIP,12,2000,184,472.0,507.98691576582183,0.0,0.0,909.2388272481872,12.337362468271827,0.0,138.1323956269015,266.8320822800756,Zone- 184,7.0,,,,10,5,0,1,0,0,0,10,4
185,HDPE,14,2013,185,91.0,516.2151191711922,179.8765270658755,0.056368320742152,1061.4429880933676,90.80165120338737,0.0,107.82779762311056,184.45868497226752,Zone- 185,,,,,10,0,0,0,0,0,0,3,2
186,DIP,12,2000,186,265.0,238.12658924632268,0.0,0.0,724.5129394848086,21.097698331201507,0.0,141.24203547991996,275.3547375023145,Zone- 145,2.0,,,,10,0,0,1,0,0,0,10,3
187,DIP,12,2006,187,319.0,237.3783789645379,0.0,0.0,724.5129394848086,18.27198019118921,0.0,141.5182673019685,276.58107169659246,Zone- 139,,,,,10,5,0,0,0,0,0,10,4
188,DIP,12,2000,188,145.0,94.06034137204377,0.0,0.0,647.9701374361341,9.511246895161165,0.0,124.61017928880032,276.0989538992308,Zone- 145,2.0,,,,10,5,0,1,0,0,0,10,4
189,DIP,8,2006,189,40.0,198.59263239009812,2.030890846591817,0.0,736.5167944231474,19.05411501751037,0.0,173.86348497889895,318.42595281572426,Zone- 189,,,,,7,5,0,0,0,0,0,9,3
190,DIP,6,1990,190,22.0,198.59263239009812,15.228790995612268,16.750710060489666,736.5167944231474,10.356511039028364,0.0,173.86348497889895,318.42595281572426,Zone- 189,,,,,4,5,0,0,0,0,0,3,2
191,DIP,6,1990,191,170.0,34.460033273209284,15.228790995612268,11.200154885717948,662.99852499173,14.891094796053086,0.0,163.4592827603915,318.42595281572426,Zone- 191,,,,,4,5,0,0,0,0,0,3,2
192,DIP,6,2000,192,114.0,0.0,0.0,0.0,610.0583531352503,7.490823554434655,0.0,101.82054525661506,287.5521743859612,Zone- 145,2.0,,,,4,5,0,1,0,0,0,10,3
193,DIP,8,1970,193,472.0,55.11352050786928,93.8370102281124,111.47010234867285,161.94519456540303,0.0,79.07968347781657,0.0,288.45760161724326,Zone- 191,,,,,7,10,10,0,0,0,0,0,5
194,DIP,6,1970,194,173.0,6.78263280883457,0.0,0.0,494.11694369878137,15.88929722264381,0.0,34.854903767828255,288.45760161724326,Zone- 191,,,,,4,5,7,0,0,0,0,10,5
195, ,4,,195,428.0,0.0,589.0466234651583,606.6639572667581,236.38519178670924,55.40153521420465,0.0,190.62483198319745,323.33943879129544,Zone- 195,,,,,4,0,0,0,0,0,0,6,2
196,DIP,12,2002,196,915.0,721.8413890379891,1091.2542769771046,733.1377389318147,1113.9576034042627,840.5262937590637,763.7375431057557,2925.530897084616,2805.4446564274767,Zone- 196,,,,,10,0,0,0,0,0,0,0,2
197,DIP,8,2002,197,120.0,939.8034222321171,1270.23416303502,889.4840015239055,1214.2393773768404,948.8918163905374,964.26841323986,3313.888047840701,3222.917257363556,Zone- 197,,,,,7,0,0,0,0,0,0,0,1
198,DIP,6,1960,198,1756.0,3.312738601486932,74.1665702314044,18.88507508716449,292.25186273659966,57.88348925313325,0.0,2720.4979843545875,2558.661818966461,Zone- 198,,,,,4,0,0,0,0,0,0,2,1
199,DIP,12,2002,199,1098.0,0.0,0.249692051518314,8.353050701399008,280.9263695348416,57.680134473639114,0.0,2923.1175886196584,2719.871928328917,Zone- 199,,,,,10,0,0,0,0,0,0,6,3
200,DIP,8,1983,200,344.0,0.0,264.10385206408404,279.2209221232856,0.0,34.37672594863656,0.0,2612.9772261097087,2792.7700520986805,Zone- 200,14.0,,,,7,0,0,5,0,0,0,7,4
201,DIP,8,1980,201,274.0,0.0,0.0,10.538098429251512,0.0,59.4764574444767,0.0,2731.6914904775263,2727.0410247360246,Zone- 201,,,,,7,0,0,0,0,0,0,10,3
202,DIP,8,1983,202,309.0,0.0,299.8795193370412,316.7658591241408,0.0,18.388933950080744,0.0,2184.073165473009,2410.466842769072,Zone- 202,7.0,,,,7,5,0,1,0,0,0,7,3
203,DIP,8,1980,203,279.0,0.0,23.775404294992047,38.0358960070048,0.0,13.548046479853497,0.0,2315.6124232428097,2488.187745855996,Zone- 202,7.0,,,,7,5,0,1,0,0,0,7,3
204,DIP,8,2019,204,465.0,0.0,264.10385206408404,279.2209221232856,0.0,39.76117434735294,0.0,2315.6124232428097,2576.507977469637,Zone- 204,4.0,,,,7,0,0,1,0,0,0,7,3
205,DIP,12,1995,205,439.0,0.0,0.0,3.413082959797737,165.42635009160435,17.196058718672745,0.0,2139.9902249356887,2173.7949462464335,Zone- 156,7.0,,,,10,5,0,1,0,0,0,10,4
206,DIP,12,1995,206,531.0,0.0,0.0,3.413082959797737,231.32290433668996,29.82648750763297,0.0,2484.584351932807,2456.9569106426684,Zone- 206,2.0,,,,10,0,0,1,0,0,0,10,3
207,DIP,8,2019,207,422.0,0.0,184.14367230652863,201.6094731356769,0.0,47.30377351123711,0.0,1788.125581803845,2045.3766444479604,Zone- 207,16.0,,,,7,0,0,5,0,0,0,7,4
208,DIP,8,2019,208,197.0,0.0,0.0,5.008800681015919,0.0,40.57045654896233,0.0,2014.723733829068,2169.930888478104,Zone- 207,16.0,,,,7,0,0,5,0,0,0,10,4
209,DIP,8,2019,209,852.0,0.0,0.0,5.769493722235682,0.0,30.39759466923672,0.0,1407.0826950591922,1609.3375587308587,Zone- 207,16.0,,,,7,0,0,5,0,0,0,10,4
210,DIP,4,2019,210,57.0,0.0,69.5241984286048,86.76083832934602,83.22921812614221,28.55417629995628,0.0,2041.851312808372,2161.6387864837666,Zone- 210,,,,,4,0,0,0,0,0,0,6,2
211,DIP,12,1995,211,366.0,0.0,0.0,5.001652453275629,165.42437694318943,5.88042095531026,0.0,1874.1432357071265,1856.212556669269,Zone- 211,2.0,,,,10,5,0,1,0,0,0,10,4
212,CI,8,1940,212,442.0,0.0,0.0,0.0,399.128901884873,49.26936707767694,0.0,1091.5922450042367,1372.7416207733636,Zone- 212,13.0,,,,7,0,0,5,0,0,0,10,4
213,DIP,4,2000,213,340.0,0.0,0.0,0.0,396.39765858039056,13.137898572164527,0.0,1157.350465287305,1456.5620822557648,Zone- 213,6.0,,,,4,5,0,1,0,0,0,10,3
214,DIP,6,1995,214,160.0,25.122203051701923,0.0,0.0,462.8243673348344,42.52675824906233,0.0,1422.6730353199318,1445.0271993514718,Zone- 212,13.0,,,,4,0,0,5,0,0,0,10,4
215,DIP,8,1995,215,70.0,189.01334931003316,179.20423246757832,4.856604166556617,469.20872750467146,2.445367283339645,5.424769970171873,1380.0779806375867,1300.8325944068145,Zone- 215,,,,,7,10,0,0,0,0,0,0,2
216,DIP,8,1995,216,65.0,184.0650646370312,0.0,0.0,408.8521910715372,71.64702672617305,0.0,1538.0224993777324,1384.6695585506973,Zone- 161,5.0,,,,7,0,0,1,0,0,0,10,3
217,DIP,12,1995,217,531.0,6.597738135063873,0.0,0.0,380.3633115205584,19.315508825232406,0.0,1535.4336054544679,1432.7140461754232,Zone- 217,12.0,,,,10,5,0,5,0,0,0,10,5
218,DIP,8,2013,218,629.0,0.0,0.0,0.0,0.0,36.526216427838,0.0,615.9925067071665,953.7400597663888,Zone- 218,6.0,,,,7,0,0,1,0,0,0,10,3
219,DIP,8,2000,219,164.0,0.0,280.64964184387725,298.18822722782926,0.0,49.171395616324766,0.0,870.183213517504,1243.565248459791,Zone- 213,6.0,,,,7,0,0,1,0,0,0,7,3
220,DIP,8,2000,220,252.0,0.0,246.1088289388432,246.58323063345583,144.6058935413495,15.307475088792556,0.0,977.3189319677107,1325.5825670064432,Zone- 213,6.0,,,,7,5,0,1,0,0,0,6,3
221,DIP,12,1995,221,730.0,0.0,0.0,0.0,272.3068691568056,5.211945594814615,0.0,1124.8943345531386,1050.3557153796878,Zone- 221,6.0,,,,10,5,0,1,0,0,0,10,4
222,CI,8,1938,222,292.0,0.0,0.0,0.0,482.3900344132237,35.11267730978671,0.0,671.4307544478224,956.5724029579952,Zone- 222,1.0,,,,7,0,0,1,0,0,0,10,3
223,DIP,8,2013,223,529.0,0.0,0.0,0.0,0.0,29.421720660692348,0.0,649.0924490187036,1005.6094010935856,Zone- 223,11.0,,,,7,0,0,5,0,0,0,10,4
224,DIP,12,1995,224,340.0,0.0,0.0,0.0,470.4874472803339,24.120499876786063,0.0,883.7769242046182,618.7377363080383,Zone- 224,2.0,,,,10,0,0,1,0,0,0,10,3
225,DIP,12,1995,225,519.0,0.0,0.0,0.0,272.09979607722033,20.592380456961926,0.0,949.4199267109879,953.0554368712,Zone- 225,9.0,,,,10,0,0,1,0,0,0,10,3
226,DIP,6,1980,226,514.0,0.0,0.0,0.257189527831449,0.0,22.58450355017554,0.0,881.8925400495891,613.4210575959679,Zone- 226,18.0,zone,,,4,0,0,5,0,0,0,10,4
227,CI,8,1938,227,718.0,279.86458960470065,0.0,0.0,558.2330767374236,10.672115770964528,0.0,931.3844992666632,955.9684345566985,Zone- 227,11.0,,,,7,5,0,5,0,0,0,10,5
228,CI,4,1938,228,342.0,297.18139491682126,0.0,0.0,1070.8445344125907,38.69099840721087,0.0,638.8560999020955,869.5007981560842,Zone- 228,3.0,,,,4,0,0,1,0,0,0,10,3
229,CI,12,1938,229,333.0,302.17402848101955,0.0,0.0,1098.378897182852,20.821417783091626,0.0,634.9570145906367,887.7522130211959,Zone- 229,,,,,10,0,0,0,0,0,0,10,3
230,CI,8,1930,230,44.0,554.3804845161011,0.0,0.0,1063.5265186262563,20.59441459937658,0.0,631.5437154288012,864.3650725476235,Zone- 226,18.0,zone,,,7,0,0,5,0,0,0,10,4
231,CI,12,1930,231,360.0,581.545215181431,0.0,0.0,1021.1793424890742,7.744746490497875,0.0,288.6787772777844,609.1230000927104,Zone- 231,,,,,10,5,0,0,0,0,0,10,4
232,DIP,8,1980,232,590.0,0.0,0.0,0.0,473.23428703658175,21.948961673208753,0.0,639.4265748690588,619.1029341661153,Zone- 226,18.0,Connected,,,7,0,0,5,10,0,0,10,5
233,CI,8,1950,233,326.0,0.0,0.0,0.0,1445.558948661574,27.186257242091006,0.0,600.0222061150827,674.1109877466693,Zone- 233,,,,,7,0,0,0,0,0,0,10,3
234,CI,8,1950,234,523.0,292.9341154516732,0.0,0.0,1222.214013153202,13.013646439795718,0.0,702.9983417909292,844.668239627435,Zone- 234,17.0,,,,7,5,0,5,0,0,0,10,5
235,CI,8,1950,235,54.0,291.42254364047625,0.0,0.0,1670.9952632531288,15.3843674527298,0.0,650.5937477327852,791.4957554107709,Zone- 235,2.0,,,,7,5,0,1,0,0,0,10,4
236,CI,8,1950,236,292.0,292.2045853439271,0.0,0.0,1616.1050975839587,38.664016794151806,0.0,373.9200668130416,503.17729945980903,Zone- 235,2.0,,,,7,0,0,1,0,0,0,10,3
237,CI,8,1930,237,486.0,597.4458699136384,0.0,0.0,1106.641452266024,18.104528216352087,0.0,560.6987377963566,891.6274353828588,Zone- 237,8.0,,,zone,7,5,0,1,0,0,0,10,4
238,CI,8,1930,238,363.0,622.3509914763681,0.0,0.0,1529.64377568944,15.354421702473074,0.0,387.4772280835626,553.1899541906768,Zone- 237,8.0,,,Connected,7,5,0,1,0,0,10,10,4
239,CI,4,1950,239,83.0,761.0199088886203,91.66797500768321,2.029659335468295,1509.6324673158829,1.031578949164074,0.0,386.98633801791806,750.2254803741802,Zone- 239,1.0,,,,4,10,0,1,0,0,0,3,3
240,CI,4,1950,240,272.0,293.55887938245115,0.0,0.0,1358.1040880901892,49.300235343747374,0.0,334.54071009695804,450.52345742292414,Zone- 235,2.0,,,,4,0,0,1,0,0,0,10,3
241,DIP,16,1970,241,925.0,103.62230894315105,115.76509648057711,6.649108946330616,1015.3303216022408,19.766406328675377,0.0,0.0,0.0,Zone- 241,,,,,10,5,10,0,0,0,0,3,5
242,DIP,16,1970,242,226.0,365.7532241329319,0.0,0.0,1437.0005225997193,45.23960688412789,0.0,288.72640502916244,431.5573724435596,Zone- 242,,,,,10,0,0,0,0,0,0,10,3
243,DIP,8,2000,243,279.0,365.12690914929,0.0,0.0,1497.602513692407,8.193346888080095,0.0,280.78881920926113,434.58121373460176,Zone- 243,20.0,,,,7,5,0,5,0,0,0,10,5
244,DIP,14,1960,244,72.0,423.592671410796,0.0,0.0,1608.7104946504887,67.20993793927806,0.0,339.58051704236664,463.6722735682044,Zone- 235,2.0,,,,10,0,0,1,0,0,0,10,3
245,DIP,12,2000,245,356.0,495.07999187647937,0.0,0.0,1293.1059522901476,2.992647430093424,0.0,173.14199134811452,330.3445072041914,Zone- 184,7.0,,,,10,10,0,1,0,0,0,10,5
246,DIP,12,2003,246,83.0,0.0,907.1574569659027,898.697517499671,881.3884994023875,67.55455462979482,0.0,117.15423714024692,223.35731983293235,Zone- 246,11.0,,,,10,0,0,5,0,0,0,6,4
247,DIP,12,2003,247,21.0,0.0,913.2545343604708,921.378312699206,866.4929329795629,84.17746164748623,36.04093517945427,150.30209203579884,267.29524571568885,Zone- 247,,,,,10,0,0,0,0,0,0,6,3
248,DIP,8,1970,248,92.0,0.0,679.2152043689016,659.2169046965589,851.0582449816585,13.000746989406174,99.48757398334754,303.20120835685566,367.458275166728,Zone- 248,11.0,,,,7,5,0,5,0,0,0,6,4
249,DIP,12,2010,249,288.0,0.0,651.796880026308,628.6743237486801,854.9421604158413,54.96624377958028,60.84591195574637,182.6182972519656,298.6371424480968,Zone- 249,,,,,10,0,0,0,0,0,0,6,3
250,DIP,8,1970,250,23.0,19.780083061187938,850.865304508625,843.7028759309242,853.7883561896139,122.75059415398196,115.34421481779216,212.52276302580597,338.3293511960099,Zone- 250,,,,,7,0,0,0,0,0,0,0,1
251,DIP,8,1970,251,28.0,36.45360559140868,781.2217797325378,769.920856677787,848.1391018331326,69.14510468069794,102.97162225326655,275.3226451470004,406.42473333103754,Zone- 251,,,,,7,0,0,0,0,0,0,0,1
252,DIP,8,2010,252,241.0,0.0,723.2244199230473,707.4620503001378,853.7883561896139,47.905419909217045,48.6931425656886,150.13492670438478,267.1909797336216,Zone- 252,,,,,7,0,0,0,0,0,0,6,2
253,DIP,8,1970,253,323.0,4.312015803901776,679.2152043689016,659.2169046965589,847.4762628705982,40.67780001834869,17.866106003522873,103.15912129882996,213.47456759902184,Zone- 248,11.0,,,,7,0,0,5,0,0,0,0,2
254,DIP,16,2010,254,277.0,0.0,537.7557332127725,540.8121472927363,851.0582449816585,12.035153413654438,94.94600433111191,153.15468235526052,220.08404948712132,Zone- 241,,,,,10,5,0,0,0,0,0,6,3
255,DIP,16,1970,255,89.0,186.91824337412476,426.93852395718915,421.05249165781805,1015.734788309965,194.7722205093725,284.31452553779457,51.90129412657944,110.208012763056,Zone- 255,,,,,10,0,5,0,0,0,0,0,3
256,DIP,12,2010,256,39.0,85.92505738765539,537.7557332127725,533.6428721175171,977.8076262036022,120.72686172290808,211.73709973913057,153.15468235526052,220.08404948712132,Zone- 241,,,,,10,0,0,0,0,0,0,0,2
257,DIP,8,1970,257,27.0,35.78399942341566,746.4858978205632,732.5540455396992,847.4860092365411,45.435257296050814,117.45547375082968,308.45990067835726,440.7502304857729,Zone- 257,,,,,7,0,0,0,0,0,0,0,1
258,DIP,16,1970,258,105.0,165.1757065610825,426.93852395718915,421.05249165781805,910.5031324213041,109.67776730735386,324.463867747908,51.90129412657944,110.208012763056,Zone- 255,,,,,10,0,5,0,0,0,0,0,3
259,DIP,8,1970,259,257.0,50.216955426214795,457.1945864238722,404.30259239216633,851.0582449816585,19.12545629805891,177.2929524928331,70.44873386404623,125.20062733944673,Zone- 248,11.0,,,,7,5,5,5,0,0,0,0,4
260,DIP,16,1970,260,12.0,165.1757065610825,489.51281761764056,440.03031705167905,900.990677941912,107.11957852419006,326.66889127996984,106.1054468747739,160.8609419339988,Zone- 255,,,,,10,0,0,0,0,0,0,0,2
261,HDPE,14,2013,261,315.0,206.1053369504628,210.74546924165665,90.99143102218812,913.8058248289404,93.38966790236465,69.69432146765725,0.0,0.0,Zone- 248,11.0,,,,10,0,10,5,0,0,0,0,5
262,DIP,12,1973,262,1746.0,0.0,0.0,0.0,1089.9847128893634,33.84484090709531,0.0,543.8983576998785,569.6083014185754,Zone- 262,13.0,,,,10,0,0,5,0,0,0,10,4
263,CI,4,1960,263,239.0,1273.7595970605955,1384.0003161070752,1098.0112154381886,1256.8785240145403,1163.0698561310135,1106.724184800756,2661.1286127860058,2503.474708667359,Zone- 263,,,,,4,0,0,0,0,0,0,0,1
264,DIP,6,2002,264,159.0,1380.1353431236034,1444.0231558521218,1148.6283371678549,1364.176059459477,1235.0698872340129,1156.163314818199,2734.175059413289,2575.9324803015193,Zone- 264,,,,,4,0,0,0,0,0,0,0,1
265,DIP,6,2000,265,226.0,1515.6644195475876,1602.192070622692,1306.5191934971897,1507.9185689097515,1392.6461027226487,1314.3921863238943,2848.714555932744,2656.404514522057,Zone- 264,,,,,4,0,0,0,0,0,0,0,1
266,DIP,8,1983,266,536.0,0.0,2.017392899341242,12.476360163320436,0.0,24.710662718378984,0.0,1880.0611186463393,2275.9404379845,Zone- 266,9.0,,,,7,0,0,1,0,0,0,7,3
267,DIP,8,1983,267,309.0,0.0,534.8740494116173,532.7825143728326,0.0,21.822063516152905,0.0,2407.733485108952,2660.8546353460524,Zone- 200,14.0,,,,7,0,0,5,0,0,0,7,4
268,DIP,8,1983,268,435.0,0.0,14.509541953503668,2.643945932905923,0.0,38.76099724136935,0.0,1916.4980707759637,2067.545121403989,Zone- 268,2.0,,,,7,0,0,1,0,0,0,7,3
269,DIP,8,1983,269,467.0,0.0,430.4015046862237,429.45232450218606,0.0,29.505081311094,0.0,2070.573031367611,2242.0878908560694,Zone- 200,14.0,,,,7,0,0,5,0,0,0,7,4
270,DIP,8,1983,270,297.0,0.0,430.94736568033034,428.0985344899332,0.0,20.52996647569714,0.0,2070.0082176019855,2241.420579016463,Zone- 270,5.0,,,,7,0,0,1,0,0,0,7,3
271,DIP,8,1983,271,436.0,0.0,287.2622287306343,298.388813178941,0.0,26.87450295334357,0.0,1658.5043456022547,1855.4092091926348,Zone- 271,7.0,,,,7,0,0,1,0,0,0,7,3
272,DIP,8,1983,272,467.0,0.0,607.5059737226022,615.0347968286644,0.0,18.506276927648535,0.0,2170.910165759172,2390.855431669148,Zone- 270,5.0,,,,7,5,0,1,0,0,0,7,3
273,DIP,8,1983,273,36.0,0.0,608.1573134407089,625.4552216981956,0.0,28.83264383707026,0.0,2170.910165759172,2390.855431669148,Zone- 270,5.0,,,,7,0,0,1,0,0,0,7,3
274,DIP,8,2019,274,436.0,0.0,616.3707982112145,626.5409038413717,0.0,31.17639922916563,0.0,1781.79022290277,2037.8003563388336,Zone- 274,5.0,,,,7,0,0,1,0,0,0,7,3
275,DIP,8,2019,275,305.0,0.0,0.0,0.089418332450795,0.0,38.051636121258,0.0,1544.2753835332007,1703.602429565516,Zone- 275,2.0,,,,7,0,0,1,0,0,0,10,3
276,DIP,8,2019,276,529.0,0.0,0.0,0.0,0.0,28.170024861787184,0.0,1133.3122226465139,1339.9403281824943,Zone- 276,4.0,,,,7,0,0,1,0,0,0,10,3
277,DIP,8,2019,277,355.0,0.0,284.86546425000955,296.06311101276685,0.0,48.216498334493096,0.0,1657.8455218784386,1854.1172775718317,Zone- 277,5.0,,,,7,0,0,1,0,0,0,7,3
278,DIP,8,2019,278,456.0,0.0,383.88954901932107,401.5796950501352,0.0,46.92711835549012,0.0,1389.854437007731,1658.8214028251712,Zone- 278,9.0,,,,7,0,0,1,0,0,0,7,3
279,DIP,6,1998,279,309.0,0.0,0.0,0.0,477.5488275630308,40.94523248065309,0.0,875.8652578949831,1131.5049739029964,Zone- 279,33.0,zone,,,4,0,0,8,0,0,0,10,4
280,DIP,8,1998,280,356.0,0.0,0.0,0.0,207.8000516444726,26.72619103483495,0.0,420.77459153502946,695.8099840429999,Zone- 280,4.0,,,,7,0,0,1,0,0,0,10,3
281,DIP,8,1998,281,49.0,0.0,0.0,0.0,423.1365554226687,92.13658965309112,0.0,724.640037860887,987.8532236801512,Zone- 280,4.0,,,,7,0,0,1,0,0,0,10,3
282,DIP,8,1998,282,111.0,17.7512688689694,0.0,0.0,466.5213841232434,65.8793558016572,0.0,770.658734938983,1031.924498359128,Zone- 279,33.0,zone,,,7,0,0,8,0,0,0,10,5
283,CI,8,1940,283,490.0,0.0,0.0,0.0,397.4712409038319,41.33109169333187,0.0,797.5510141851626,1057.5200198947316,Zone- 212,13.0,,,,7,0,0,5,0,0,0,10,4
284,DIP,8,2019,284,425.0,0.0,0.0,0.0,0.0,47.12657737685686,0.0,1075.92968708803,1356.0549359584093,Zone- 284,7.0,,,,7,0,0,1,0,0,0,10,3
285,DIP,8,1998,285,467.0,0.0,0.0,0.0,250.76827834695823,26.438133272670843,0.0,61.472580424258815,446.64180522076015,Zone- 280,4.0,,,,7,0,5,1,0,0,0,10,4
286,DIP,8,1998,286,60.0,0.541004119942488,0.0,0.0,224.13808717038452,28.474610752760302,0.0,304.26456178145503,596.2965952289115,Zone- 280,4.0,,,,7,0,0,1,0,0,0,10,3
287,DIP,8,1998,287,105.0,0.0,0.0,0.0,207.4069484273368,42.43151149383654,0.0,343.84465481787714,629.5386514998877,Zone- 280,4.0,,,,7,0,0,1,0,0,0,10,3
288,DIP,8,2013,288,390.0,0.0,0.0,0.0,0.0,28.474610752760302,0.0,304.26456178145503,596.2965952289115,Zone- 218,6.0,,,,7,0,0,1,0,0,0,10,3
289,DIP,8,2013,289,527.0,0.0,0.0,0.0,0.0,31.29741499976969,0.0,347.6317487612768,717.0573249828558,Zone- 289,6.0,,,,7,0,0,1,0,0,0,10,3
290,DIP,8,1998,290,261.0,0.0,0.0,0.0,480.4262893136853,60.0125646901698,0.0,104.10089724041568,483.67827836528335,Zone- 290,6.0,,,,7,0,0,1,0,0,0,10,3
291,DIP,8,1998,291,349.0,0.0,0.0,0.0,474.6802423485522,34.252789636507764,0.0,347.69647625844766,717.1193756362811,Zone- 290,6.0,,,,7,0,0,1,0,0,0,10,3
292,DIP,4,2010,292,35.0,84.06810688117662,66.47211187744857,0.0,1136.688416080834,0.981093850432559,0.0,652.3465572717644,823.4838731313075,Zone- 292,,,,,4,10,0,0,0,0,0,9,4
293,DIP,8,2010,293,775.0,0.0,0.0,0.0,474.8800393283772,22.513622572868705,0.0,608.7707118084485,847.5027485090188,Zone- 293,13.0,,,Connected,7,0,0,5,0,0,10,10,5
294,CI,4,1938,294,327.0,0.0,0.0,0.0,1198.8858543185358,38.26424029250959,0.0,714.6019384948108,860.6758979569803,Zone- 294,4.0,,,,4,0,0,1,0,0,0,10,3
295,DIP,6,1980,295,149.0,44.020289277210686,421.2453753569261,411.89417979414407,1099.1722160260076,3.123688101452955,222.67312484994497,210.5644027120512,409.9977611442261,Zone- 295,,,,,4,10,0,0,0,0,0,0,2
296,DIP,6,2001,296,283.0,41.75023331036743,312.2358630962719,306.72614978459063,1062.1491728963613,8.356385274116327,208.69796009590743,259.0542254704852,340.7066784321099,Zone- 296,,,,,4,5,0,0,0,0,0,0,1
297,DIP,4,2010,297,38.0,84.40677906449417,124.43675477376787,1.231424458637468,1494.5162939632714,81.87657960048054,0.0,604.1295129805727,766.7809667384538,Zone- 297,,,,,4,0,0,0,0,0,0,3,1
298,DIP,8,2010,298,639.0,0.0,0.0,0.0,1249.252738618493,12.425206416876176,0.0,571.756001639806,644.9688351898899,Zone- 298,11.0,,,,7,5,0,5,0,0,0,10,5
299,CI,4,1950,299,253.0,40.85321009395044,0.0,0.0,1494.1164852037955,35.58471758112,0.0,623.6785289706095,694.8942251063183,Zone- 299,2.0,,,,4,0,0,1,0,0,0,10,3
300,CI,4,1950,300,256.0,7.180045869606847,0.0,0.0,1325.681824901988,20.106783779718096,0.0,358.3268551881215,446.2106524802279,Zone- 298,11.0,,,,4,0,0,5,0,0,0,10,4
301,DIP,8,1994,301,288.0,8.825247752100614,0.0,0.0,652.2503131687645,21.294731437002618,0.0,93.60373338648716,147.4896231913391,Zone- 301,12.0,,,,7,0,5,5,0,0,0,10,5
302,CI,4,1950,302,53.0,263.1459641435271,11.452488227784166,0.0,1325.681824901988,35.13001580615403,0.0,340.93629892647414,446.2106524802279,Zone- 235,2.0,,,,4,0,0,1,0,0,0,9,3
303,DIP,8,2006,303,1020.0,0.0,0.0,0.0,711.5573324548512,26.77244147299501,0.0,103.15912129882996,213.47456759902184,Zone- 248,11.0,,,,7,0,0,5,0,0,0,10,4
304,DIP,12,2003,304,1004.0,0.0,0.0,0.0,725.9284925777814,27.145075375525767,0.0,117.15423714024692,223.35731983293235,Zone- 246,11.0,,,,10,0,0,5,0,0,0,10,4
305,DIP,8,2001,305,332.0,30.62880199765813,12.941273364866122,2.043693926748597,549.039917291843,44.412300668128715,0.0,1829.400412393616,2111.3044167455687,Zone- 305,8.0,,,,7,0,0,1,0,0,0,3,2
306,DIP,8,2001,306,65.0,0.0,0.0,0.0,502.51746718117647,70.04415591281104,0.0,1829.400412393616,2216.718924336405,Zone- 305,8.0,,,,7,0,0,1,0,0,0,10,3
307,DIP,8,2001,307,41.0,0.0,0.0,2.115162642889297,479.1737822355264,60.29228024877982,0.0,1868.7549299569184,2260.340714171054,Zone- 305,8.0,,,,7,0,0,1,0,0,0,10,3
308,DIP,6,1960,308,913.0,0.0,0.0,0.0,302.44194160676705,24.45234351784711,0.0,1161.820870225961,1624.2096851636736,Zone- 308,10.0,,,,4,0,0,1,0,0,0,10,3
309,DIP,8,1998,309,17.0,0.0,0.0,2.730260191346715,373.7068777113616,66.28557078778677,0.0,1935.9651163604897,2087.0591086272184,Zone- 309,6.0,,,,7,0,0,1,0,0,0,10,3
310,DIP,6,1998,310,483.0,0.0,0.0,2.643945932905923,386.2348536361511,34.467349357458794,0.0,1880.0611186463393,2067.545121403989,Zone- 279,33.0,zone,,,4,0,0,8,0,0,0,10,4
311,DIP,6,1998,311,276.0,8.898083086577428,0.0,2.643945932905923,361.3763103459844,45.956252694592415,0.0,1684.1757781911874,1836.5501067405617,Zone- 279,33.0,zone,,,4,0,0,8,0,0,0,10,4
312,DIP,6,1998,312,168.0,0.0,0.0,0.089418332450795,282.2019923924684,55.48059546639488,0.0,1544.2753835332007,1703.602429565516,Zone- 279,33.0,zone,,,4,0,0,8,0,0,0,10,4
313,DIP,8,1998,313,21.0,0.0,10.430664096362245,15.888112990935996,372.710849515826,78.85989948389076,0.0,1920.8138159322425,2071.801024393771,Zone- 313,,,,,7,0,0,0,0,0,0,6,2
314,DIP,8,1998,314,365.0,0.0,503.16758546968094,518.6752151320833,321.07061936158584,47.82426759996734,0.0,826.6963557753465,999.6617869268637,Zone- 314,8.0,,,,7,0,0,1,0,0,0,6,2
315,DIP,6,1998,315,504.0,0.0,0.0,0.0,272.03700877109054,32.682382956382305,0.0,1133.3122226465139,1339.9403281824943,Zone- 279,33.0,Connected,,,4,0,0,8,10,0,0,10,5
316,DIP,6,1998,316,336.0,0.0,574.0754056516155,590.1007980972671,0.0,40.02954407306262,0.0,446.36294179745573,615.1790672551296,Zone- 316,32.0,,,,4,0,0,8,0,0,0,7,4
317,DIP,8,1998,317,359.0,0.0,548.7352874805676,566.3501096362994,0.0,18.60289587516678,0.0,172.37677560956988,361.0853395912064,Zone- 317,2.0,,,,7,5,0,1,0,0,0,7,3
318,DIP,8,1998,318,94.0,0.0,574.051048079364,583.6712186045795,0.0,30.52236776084268,0.0,511.14971800602535,666.2390518472777,Zone- 314,8.0,,,,7,0,0,1,0,0,0,7,3
319,DIP,8,1998,319,281.0,0.0,503.16758546968094,518.6752151320833,41.03671921561877,19.8185277955266,0.0,599.1132262159425,751.0866935965732,Zone- 314,8.0,,,,7,5,0,1,0,0,0,6,3
320,DIP,6,1998,320,602.0,0.0,0.0,0.0,0.0,34.46868593522681,0.0,514.3776409205159,669.3105307897366,Zone- 320,2.0,,,,4,0,0,1,0,0,0,10,3
321,DIP,8,1998,321,351.0,0.0,216.7886563855064,234.36255304503476,0.0,44.13945265476463,0.0,166.40024593897215,351.01518332339367,Zone- 316,32.0,,,,7,0,0,8,0,0,0,7,4
322,DIP,8,1998,322,219.0,0.0,206.8188118622828,224.38595510655168,0.0,32.225853747084955,0.0,79.51818011373328,350.8332416805983,Zone- 322,2.0,,,,7,0,5,1,0,0,0,7,4
323,DIP,8,1998,323,240.0,0.0,0.0,0.0,0.0,45.34791353479669,0.0,290.7489260358523,541.8791236220706,Zone- 316,32.0,,,,7,0,0,8,0,0,0,10,5
324,HDPE,8,2014,324,378.0,81.37729635099481,342.9986534155112,272.8006073131432,981.4847686727096,67.24067019676761,215.5743149582002,0.0,0.0,Zone- 324,,,,,7,0,10,0,0,0,0,0,3
325,DIP,8,1985,325,928.0,0.0,0.0,0.0,1023.1219065676524,68.56485316751493,0.0,42.01071000334541,133.0182008053438,Zone- 325,,,,Connected,7,0,7,0,0,0,10,10,5
326,DIP,8,1994,326,672.0,0.0,0.0,0.0,329.5419387464616,32.62101712655099,0.0,85.30894243139426,140.99946645666296,Zone- 301,12.0,,,,7,0,5,5,0,0,0,10,5
327,DIP,8,2010,327,346.0,0.0,0.0,0.0,388.0584630697404,13.844562416925394,0.0,93.72617626413376,147.6328313498779,Zone- 327,3.0,,,,7,5,5,1,0,0,0,10,5
328,DIP,8,1998,328,548.0,0.0,0.0,0.0,275.7471906537691,38.450720857616155,0.0,630.2643071438257,180.1955034188264,Zone- 328,15.0,,,,7,0,0,5,0,0,0,10,4
329,DIP,8,2010,329,413.0,0.0,279.7951989230693,289.6565140995883,0.0,23.257736370609276,0.0,438.1674034321882,484.18402895162086,Zone- 329,8.0,,,,7,0,0,1,0,0,0,7,3
330,DIP,12,2003,330,3.0,10.685478338476104,0.0,0.0,725.9284925777814,25.37640712232924,0.0,535.3610283258222,447.9811631625144,Zone- 330,9.0,,,,10,0,0,1,0,0,0,10,3
331,CI,8,2003,331,198.0,0.0,0.0,0.0,607.8502954979953,26.806059084173043,0.0,554.8539304362151,447.1588632384887,Zone- 331,8.0,,,,7,0,0,1,0,0,0,10,3
332,CI,4,1940,332,535.0,0.0,0.0,0.0,607.8502954979953,27.726987774114864,0.0,89.40697482935943,145.072635736907,Zone- 331,8.0,,,,4,0,5,1,0,0,0,10,4
333,CI,8,1940,333,374.0,0.0,0.0,0.0,574.5640918693714,63.65567270293143,0.0,439.3909160876936,120.55798913966512,Zone- 333,3.0,,,,7,0,0,1,0,0,0,10,3
334,DIP,12,2003,334,137.0,4.126688826066287,0.0,0.0,845.4786336927887,73.71607241171216,0.0,306.0330404763816,456.5247903541879,Zone- 330,9.0,,,,10,0,0,1,0,0,0,10,3
335,CI,4,1940,335,170.0,0.0,0.0,0.0,962.4197939853034,12.402950628303891,0.0,191.16605045473344,314.8696886027151,Zone- 335,3.0,,,,4,5,0,1,0,0,0,10,3
336,DIP,12,2003,336,160.0,0.0,0.0,0.0,726.7526947128742,24.80364022994936,0.0,402.8286645647649,447.9811631625144,Zone- 330,9.0,,,,10,0,0,1,0,0,0,10,3
337,DIP,12,2003,337,794.0,0.0,0.0,0.0,890.5460685260078,36.27593483195512,0.0,171.06821182830055,254.39482143461737,Zone- 330,9.0,,,,10,0,0,1,0,0,0,10,3
338,DIP,12,2003,338,839.0,0.0,0.0,10.554625664281891,628.7281990933185,23.020289298734088,0.0,166.93217236735185,292.7190330736459,Zone- 338,11.0,,,,10,0,0,5,0,0,0,10,4
339,DIP,12,2003,339,502.0,0.0,0.0,11.819020389176256,660.4925698694809,32.5865272802558,0.0,592.0918778516326,446.02255187731816,Zone- 338,11.0,,,,10,0,0,5,0,0,0,10,4
340,DIP,12,1970,340,90.0,0.0,0.0,0.0,710.9974084405269,70.61801372096689,0.0,973.7936735877465,567.8568817935318,Zone- 340,,,,,10,0,0,0,0,0,0,10,3
341,DIP,12,1973,341,299.0,0.0,0.0,0.0,800.5777571994512,33.563904543571454,0.0,869.9703035254131,654.2626368828078,Zone- 262,13.0,,,,10,0,0,5,0,0,0,10,4
342,DIP,12,1989,342,967.0,0.0,0.0,6.822991856425126,135.0602665276747,32.14462127580166,0.0,1026.5702021526477,569.3927360431076,Zone- 342,9.0,,,,10,0,0,1,0,0,0,10,3
343,CI,4,1940,343,351.0,0.0,0.0,0.0,814.1127658050029,32.23083358257338,0.0,876.2776485424381,910.4098108714957,Zone- 343,3.0,,,,4,0,0,1,0,0,0,10,3
344,DIP,6,1970,344,386.0,2.58864700055436,0.0,0.0,640.0165595898877,24.68601889627044,0.0,2449.34154672921,1137.9196248934577,Zone- 344,,,,,4,0,0,0,0,0,0,10,3
345,DIP,4,1980,345,109.0,50.90628922716393,33.21117606986807,0.0,145.51732491565895,28.418031931980817,0.0,1936.3352302999624,1000.3662919102712,Zone- 345,,,,,4,0,0,0,0,0,0,9,2
346,DIP,8,2001,346,979.0,354.2959481543287,336.5945792363163,2.147151087898426,710.6258545282665,20.746714778483053,0.0,953.5870911349336,1203.7737519754696,Zone- 346,4.0,,,,7,0,0,1,0,0,0,3,2
347,DIP,8,1998,347,839.0,0.0,0.0,0.0,0.0,30.0811785428113,0.0,1112.804093296756,1550.4951645233891,Zone- 309,6.0,,,,7,0,0,1,0,0,0,10,3
348,DIP,6,1960,348,329.0,0.0,783.2669908800348,774.357016280536,0.0,52.57799517810274,0.0,1101.253299948958,1539.0477698811335,Zone- 308,10.0,,,,4,0,0,1,0,0,0,7,2
349,DIP,6,1998,349,512.0,0.0,909.8055756323824,926.0430558090586,0.0,29.07754225210984,0.0,443.7906728609681,618.7411720886707,Zone- 316,32.0,,,,4,0,0,8,0,0,0,7,4
350,DIP,8,1998,350,382.0,0.0,835.0703850194462,839.7383784874313,0.0,27.865678693113175,0.0,446.36294179745573,618.7411720886707,Zone- 316,32.0,,,,7,0,0,8,0,0,0,7,4
351,DIP,8,1998,351,815.0,0.0,567.2289007301704,584.8444234989947,0.0,33.40102421571045,0.0,71.20396054643103,243.77146278735833,Zone- 316,32.0,,,,7,0,5,8,0,0,0,7,5
352,CI,4,1938,352,494.0,226.174519076882,208.47922752719887,0.0,1161.2659813135367,41.008478735969184,5.753740437119335,404.29085087117454,576.9436680490646,Zone- 352,1.0,,,Connected,4,0,0,1,0,0,10,9,3
353,CI,6,1938,353,263.0,0.0,0.0,0.0,1251.8479576193072,54.6863822899602,8.883286547966524,398.65847628785593,558.6159633353092,Zone- 353,2.0,,,zone,4,0,0,1,0,0,0,10,3
354,DIP,4,1980,354,352.0,0.0,0.0,0.0,1219.6893717443068,12.850467278933326,0.0,60.5564107170674,208.30930038663976,Zone- 354,5.0,,,,4,5,5,1,0,0,0,10,4
355,CI,6,1938,355,530.0,204.97951904270323,102.24354471338908,0.0,573.7051483664446,25.50103733600556,0.0,393.70546605808727,528.90713662835,Zone- 355,12.0,,,,4,0,0,5,0,0,0,9,4
356,CI,6,1938,356,203.0,4.177193933069228,0.0,0.0,1056.6598715694809,50.599658137194666,0.0,393.74384957949394,543.367151283916,Zone- 353,2.0,,,Connected,4,0,0,1,0,0,10,10,3
357,DIP,8,1985,357,298.0,204.97951904270323,187.29490597021436,0.0,984.8969770190013,50.599658137194666,0.0,96.17116132072304,245.0991852379665,Zone- 324,,,,,7,0,5,0,0,0,0,9,4
358,DIP,8,1995,358,231.0,0.0,0.0,1.514925530577679,463.76026952059925,27.84554826858213,0.0,652.0144362797807,709.4017589910071,Zone- 358,10.0,,,,7,0,0,1,0,0,0,10,3
359,CI,8,1938,359,638.0,0.0,0.0,0.0,299.22072547899285,29.998306854608945,0.0,632.105417656495,407.5779870043492,Zone- 359,17.0,,,,7,0,0,5,0,0,0,10,4
360,DIP,8,1994,360,317.0,0.0,0.0,0.0,329.8353057745779,36.38163723649415,0.0,382.65258238019686,465.4165695480759,Zone- 360,7.0,,,,7,0,0,1,0,0,0,10,3
361,CI,8,1938,361,152.0,248.98885970584976,0.0,0.0,453.4631810905319,26.68074111747521,0.0,554.2772718039207,604.5901365169375,Zone- 355,12.0,,,,7,0,0,5,0,0,0,10,4
362,DIP,8,1994,362,64.0,0.0,0.0,0.0,306.77127464829863,28.31191625138961,0.0,359.1839924574611,439.8155581315653,Zone- 362,1.0,,,,7,0,0,1,0,0,0,10,3
363,CI,4,1940,363,292.0,0.0,0.0,0.0,398.539113106578,13.308687674374845,0.0,1060.2672075949367,411.94614447437925,Zone- 363,3.0,,,,4,5,0,1,0,0,0,10,3
364,DIP,8,1998,364,298.0,126.87976927659788,0.0,0.0,325.6090070013884,15.011981602233902,0.0,996.9041426030387,185.30779756347948,Zone- 364,8.0,,,,7,5,0,1,0,0,0,10,4
365,CI,8,1938,365,206.0,0.0,0.0,0.0,402.1819868274871,30.920488463172507,0.0,1064.5444269620768,240.1518516103772,Zone- 359,17.0,,,,7,0,0,5,0,0,0,10,4
366,DIP,8,1998,366,193.0,0.0,0.0,0.0,275.5555277735467,15.011981602233902,0.0,900.2895867725235,200.12802878195043,Zone- 364,8.0,,,,7,5,0,1,0,0,0,10,4
367,DIP,8,2010,367,304.0,0.0,0.0,0.0,0.0,35.72488545832912,0.0,636.2988770498564,200.12802878195043,Zone- 329,8.0,,,,7,0,0,1,0,0,0,10,3
368,DIP,8,2006,368,789.0,0.0,0.0,16.918878416185983,584.3665045313152,36.68897236751426,0.0,172.83527351135456,262.51567343046696,Zone- 368,9.0,,,,7,0,0,1,0,0,0,10,3
369,DIP,12,1973,369,747.0,0.0,2.328575239867018,17.105641621811152,0.0,47.33232214967303,0.0,1013.908000128436,0.0,Zone- 369,,,,,10,0,10,0,0,0,0,7,5
370,DIP,6,1970,370,838.0,0.0,370.9938392163392,359.302942732172,0.0,0.0,0.0,1236.40510460814,211.81701015627624,Zone- 370,1.0,,,,4,10,0,1,0,0,0,7,3
371,DIP,8,1970,371,603.0,0.0,0.0,14.461810927055296,0.0,24.482873385927583,28.81063792109489,1889.998166698732,514.8779058352089,Zone- 371,,,,,7,0,0,0,0,0,0,10,3
372,DIP,12,1989,372,296.0,25.916685319506986,21.02034920978614,11.353292089210566,138.05948725787107,67.27881882890324,0.0,1946.7483520851545,982.8176065778176,Zone- 372,,,,,10,0,0,0,0,0,0,3,2
373,DIP,12,1987,373,713.0,17.253184135072985,0.0,0.0,744.3115484642074,36.323846745793816,0.0,2668.831255377246,408.45050921729086,Zone- 373,1.0,,,,10,0,0,1,0,0,0,10,3
374,DIP,12,1987,374,299.0,90.98348476138035,0.0,0.0,753.03603228357,75.98263440073421,0.0,2668.831255377246,1056.9396168692726,Zone- 374,,,,,10,0,0,0,0,0,0,10,3
375,DIP,12,1989,375,446.0,13.237633384836007,0.0,4.772856555702885,336.56986111098456,58.4779298317922,0.0,2233.0428520945297,1120.6664446898808,Zone- 372,,,,,10,0,0,0,0,0,0,10,3
376,CI,4,1940,376,837.0,0.0,1438.472339792786,1453.6823094872427,0.0,72.70404295575923,0.0,364.2693718721163,602.482416700578,Zone- 376,12.0,,,,4,0,0,5,0,0,0,7,3
377,DIP,8,2001,377,621.0,0.0,1084.7965996908672,965.5554104314372,751.249770907723,32.84000610944642,0.0,386.38135438975866,609.2477694441408,Zone- 346,4.0,,,,7,0,0,1,0,0,0,6,2
378,CI,4,1940,378,662.0,0.0,1438.472339792786,1453.6823094872427,0.0,84.74607025416257,0.0,336.7195661253783,813.0701805003162,Zone- 376,12.0,,,,4,0,0,5,0,0,0,7,3
379,CI,4,1940,379,711.0,0.0,772.2176037498625,763.1292630608726,0.0,48.80947591115231,0.0,403.68609872083135,852.2628244861194,Zone- 376,12.0,,,,4,0,0,5,0,0,0,7,3
380,DIP,8,,380,91.0,0.0,1403.8771524714898,1236.5985788131431,184.07610214768445,15.270220411069452,0.0,306.85601308851875,435.65868783696095,Zone- 316,32.0,,,,7,5,0,8,0,0,0,6,5
381,DIP,2,1998,381,52.0,0.0,1393.6709498385871,1410.0164312339275,0.0,156.2688249145789,0.0,493.62562346262735,626.3193059627724,Zone- 316,32.0,,,,1,0,0,8,0,0,0,7,4
382,DIP,8,1998,382,194.0,7.37990712504187,1403.8771524714898,1236.5985788131431,6.168342620597916,101.10926728779415,0.0,306.85601308851875,435.65868783696095,Zone- 316,32.0,,,,7,0,0,8,0,0,0,2,3
383,DIP,8,1998,383,170.0,0.0,1382.130741277312,1074.8977193208468,186.54574323948597,99.25945619750155,0.0,147.1818345607875,275.41823588443265,Zone- 316,32.0,,,,7,0,0,8,0,0,0,6,4
384,DIP,8,1995,384,995.0,0.0,0.0,2.07813271133163,647.117870120923,30.408299655278988,0.0,275.85623351079425,899.6644734201034,Zone- 384,1.0,Connected,,,7,0,0,1,10,0,0,10,4
385,DIP,4,2000,385,632.0,0.0,0.0,2.145691462130618,589.7806412083846,3.940874603059337,0.0,864.2760935548541,595.7916585446985,Zone- 385,8.0,,,,4,10,0,1,0,0,0,10,4
386,DIP,8,1998,386,1017.0,0.0,0.0,0.0,364.78734409712735,32.68970357238664,0.0,1182.2189375625055,178.4462135175914,Zone- 386,15.0,,,,7,0,0,5,0,0,0,10,4
387,DIP,12,1985,387,681.0,0.0,6.183139197753698,3.084726575878996,0.0,10.599218618445096,0.0,1695.992566362814,476.37476364013816,Zone- 387,21.0,,,,10,5,0,5,0,0,0,7,4
388,DIP,8,2006,388,522.0,0.0,642.2481290402333,659.24651461832,0.0,6.598084589574775,0.0,1384.1539691008263,230.86690783383105,Zone- 388,4.0,,,,7,5,0,1,0,0,0,7,3
389,DIP,12,1985,389,415.0,0.0,624.6986003789169,641.9194053203713,0.0,29.358755657927247,0.0,1704.6248678820873,529.2752279882308,Zone- 387,21.0,,,,10,0,0,5,0,0,0,7,4
390,DIP,12,1985,390,761.0,0.0,1026.8332576258067,1032.3057909727047,0.0,31.393672822932697,0.0,1745.703268821788,621.1883590867327,Zone- 387,21.0,,,,10,0,0,5,0,0,0,7,4
391,DIP,12,1973,391,649.0,0.0,744.7355367178262,759.1254360000056,0.0,72.46224136851984,0.0,1504.4732309972046,112.09416347962532,Zone- 391,1.0,,,,10,0,0,1,0,0,0,7,3
392,DIP,12,1970,392,1095.0,0.0,553.9981008205083,571.7006087859055,0.0,51.314044856307575,0.0,2020.7638897427028,223.9219170783817,Zone- 392,13.0,,,,10,0,0,5,0,0,0,7,4
393,DIP,12,1970,393,627.0,0.0,0.0,0.0,569.0595385928651,40.51208748448829,0.0,2933.53638776126,0.0,Zone- 393,,,,,10,0,10,0,0,0,0,10,5
394,DIP,6,1987,394,328.0,0.0,0.0,0.0,663.9777886784411,28.37250997033343,0.0,2667.84466828841,340.99410881566763,Zone- 394,1.0,,,,4,0,0,1,0,0,0,10,3
395,DIP,8,1995,395,401.0,0.0,0.0,0.0,630.6410769041408,29.290745337914416,0.0,202.3069779317452,1195.2029370277098,Zone- 384,1.0,zone,,,7,0,0,1,0,0,0,10,3
396,CI,4,1950,396,709.0,0.0,0.0,3.203683480806567,0.0,28.173636750986137,0.0,279.2258553582333,1197.3886271054928,Zone- 396,20.0,,,,4,0,0,5,0,0,0,10,4
397,CI,4,1950,397,414.0,0.0,627.0339675077558,643.8752206126444,0.0,25.782277745116232,0.0,821.3032440474828,1329.8713829714611,Zone- 396,20.0,,,,4,0,0,5,0,0,0,7,3
398,CI,4,1950,398,187.0,0.0,535.3330860943099,553.0080046245035,0.0,38.40282062090877,0.0,933.0582756598435,1194.2237230943147,Zone- 396,20.0,,,,4,0,0,5,0,0,0,7,3
399,DIP,12,1985,399,671.0,0.0,0.0,0.0,211.61067995935647,7.806095446104105,0.0,1087.4158137098193,1047.9383780714122,Zone- 399,44.0,,,,10,5,0,8,0,0,0,10,6
400,DIP,12,1985,400,343.0,2.890370787081456,0.0,1.762234757714161,367.8891631570595,21.260100668534918,0.0,1710.7234217706743,759.766538995669,Zone- 399,44.0,,,,10,0,0,8,0,0,0,10,5
401,CI,4,1950,401,593.0,0.0,0.0,0.0,145.81389723180445,43.225920518238766,0.0,1115.1262186311071,715.7175160516692,Zone- 396,20.0,,,,4,0,0,5,0,0,0,10,4
402,DIP,12,1985,402,244.0,0.0,0.0,1.652779685075131,347.3767102540755,22.815838585386754,0.0,1695.886775769228,591.3628817262568,Zone- 399,44.0,,,,10,0,0,8,0,0,0,10,5
403,DIP,10,1990,403,430.0,0.0,0.0,2.950893961566389,158.1417680352125,25.344959799107468,0.0,1704.0778071082518,654.5692523203834,Zone- 403,4.0,,,,7,0,0,1,0,0,0,10,3
404,DIP,10,1980,404,945.0,0.0,1240.160888608743,1257.8919151926439,0.0,45.52137576643636,0.0,2026.6875771960392,619.2110382641192,Zone- 404,2.0,,,,7,0,0,1,0,0,0,7,3
405,DIP,10,1988,405,896.0,3.097157770749478,575.8960119570297,593.4638636236572,0.0,56.10695371291282,0.0,2848.7197424886713,678.839326861612,Zone- 405,1.0,,,,7,0,0,1,0,0,0,7,3
406,DIP,10,1970,406,539.0,0.0,483.2062003253496,500.9121442220341,452.35535912914327,16.20421419850601,0.0,2821.3627542178706,247.17681921088948,Zone- 406,,,,,7,5,0,0,0,0,0,6,3
407,DIP,4,1970,407,83.0,56.937314900702695,250.60686240351933,268.3039787720294,474.8461387498583,0.0,35.00980475655925,3058.8272908738927,296.7945510122456,Zone- 407,1.0,,,Connected,4,10,0,1,0,0,10,0,3
408,DIP,4,1970,408,86.0,0.0,241.1592877664372,258.8692508814145,548.694247138211,73.56065857223459,0.0,3001.6966108738875,211.7287980486996,Zone- 407,1.0,,,zone,4,0,0,1,0,0,0,6,2
409,DIP,12,1970,409,579.0,0.0,0.0,0.0,587.249825474799,58.68896020402759,0.0,2770.126217300999,195.1400972776831,Zone- 392,13.0,,,,10,0,0,5,0,0,0,10,4
410,DIP,12,1970,410,25.0,0.0,0.0,0.0,544.3659813463573,90.58067443551859,0.0,3219.4468516425263,214.4162409433571,Zone- 410,1.0,,,,10,0,0,1,0,0,0,10,3
411,DIP,8,1985,411,490.0,11.739444361958316,0.0,2.339247795389548,481.16061776504574,61.12337192455696,29.286930701676013,166.8932749540432,1280.3443811596956,Zone- 399,44.0,,,,7,0,0,8,0,0,0,10,5
412,DIP,12,1990,412,455.0,0.50409204066472,0.0,0.0,630.6410769041408,51.23039527477746,0.0,161.37693911560348,1243.5774157512349,Zone- 399,44.0,,,,10,0,0,8,0,0,0,10,5
413,DIP,8,1985,413,126.0,0.50409204066472,0.0,0.627483437289991,630.319486528954,46.87813898293787,0.0,175.6488500973783,1246.8007757778971,Zone- 399,44.0,,,,7,0,0,8,0,0,0,10,5
414,DIP,12,1985,414,661.0,0.0,0.0,0.627483437289991,0.0,30.88888201835683,0.0,202.3069779317452,1246.8007757778971,Zone- 399,44.0,,,,10,0,0,8,0,0,0,10,5
415,DIP,12,1985,415,251.0,0.0,615.2649474862376,632.943691930204,0.0,31.489380114219767,0.0,838.481077645738,1477.9817249172831,Zone- 399,44.0,,,,10,0,0,8,0,0,0,7,5
416,DIP,12,1998,416,1754.0,148.9933408970861,211.73243752508128,0.0,226.483116503003,78.58947609391117,0.0,995.4477629181613,1254.640896406101,Zone- 416,,,,,10,0,0,0,0,0,0,9,3
417,DIP,10,1990,417,1144.0,0.0,1233.0268510988149,1250.7580660256515,0.0,76.50254222516455,0.0,2855.4991762893046,939.409955522364,Zone- 417,,,,,7,0,0,0,0,0,0,7,2
418,DIP,4,1990,418,114.0,4.331275298075701,1475.1354542482668,1492.7984872490636,444.03423044778185,0.0,5.940080493622586,3251.481835866805,1397.4185586494923,Zone- 418,,,,,4,10,0,0,0,0,0,0,2
419,DIP,10,1988,419,216.0,2.365444430119542,535.1478354428804,552.6984078398492,11.311784776874076,103.72392826218976,0.0,3390.9269208544483,537.4499071624114,Zone- 419,1.0,,,,7,0,0,1,0,0,0,2,2
420,DIP,12,1990,420,502.0,18.1957767147312,0.61056512952507,0.0,150.3308888217493,69.13101660914587,1.045682113822243,254.57818619837076,1385.3330722054093,Zone- 399,44.0,,,,10,0,0,8,0,0,0,9,5
421,DIP,12,1998,421,88.0,254.65291022748272,732.4842591724102,745.6074211278262,329.38585940133123,29.01135577530404,250.77383540825036,1273.931690438884,2377.721029760499,Zone- 416,,,,,10,0,0,0,0,0,0,0,2
422,DIP,8,2000,422,963.0,0.0,114.06781793180087,131.33065755055233,0.0,44.22645764185549,0.0,1430.9049635463584,2369.1030311483087,Zone- 422,18.0,,,,7,0,0,5,0,0,0,7,4
423,DIP,12,1997,423,1788.0,3.390009851903952,0.0,0.0,570.3370571063567,32.631319858405064,0.0,1746.2664927743679,1047.9383780714122,Zone- 399,44.0,,,,10,0,0,8,0,0,0,10,5
424,DIP,8,2000,424,173.0,0.0,0.0,0.0,840.6245662423787,51.68448056508731,0.0,2279.184324757286,2320.3701096623504,Zone- 422,18.0,,,,7,0,0,5,0,0,0,10,4
425,DIP,10,1990,425,488.0,0.0,1059.4724888760807,1023.4495551177872,0.0,145.3267748465012,0.0,3394.9070144983284,2044.4708043331343,Zone- 425,,,,,7,0,0,0,0,0,0,7,2
426,DIP,10,1992,426,2047.0,0.0,535.1478354428804,552.6984078398492,0.0,45.23520210252706,0.0,3552.560650732951,537.4499071624114,Zone- 752,,,,,7,0,0,0,0,0,0,7,2
427,DIP,12,1990,427,684.0,201.88802378667327,450.5027599180643,0.0,469.58462875086417,121.678819951011,0.0,1076.9882538302145,2044.7400899164656,Zone- 427,14.0,,,,10,0,0,5,0,0,0,9,4
428,DIP,12,1990,428,673.0,1.569452878357158,0.0,0.0,41.43355246381549,73.22355419934131,0.0,632.4612488832636,1652.356772714479,Zone- 399,44.0,,,,10,0,0,8,0,0,0,10,5
429,DIP,12,1998,429,99.0,115.79638919934798,98.3003587211235,29.413581639336595,132.5830891359933,18.93486110055656,67.1645348877792,845.2370370166199,1855.9558593200827,Zone- 429,,,,,10,5,0,0,0,0,0,0,2
430,DIP,12,1998,430,26.0,110.0091492791218,92.51756192744736,3.332822917689225,118.73735224637142,53.47833155554817,63.13982499177126,826.4792774955719,1836.2016980491487,Zone- 429,,,,,10,0,0,0,0,0,0,0,2
431,DIP,12,1998,431,125.0,278.6404229366519,733.3170881447109,747.0894351316094,348.9221405128065,0.0,273.5762347984684,1309.6871790116363,2405.7738105525814,Zone- 431,,,,,10,10,0,0,0,0,0,0,3
432,DIP,12,1998,432,672.0,213.7620336037216,196.117248895294,76.6974947754243,230.17161067299287,22.1310643551389,154.43587073826177,938.3121866652994,1946.9665542217576,Zone- 429,,,,,10,0,0,0,0,0,0,0,2
433,DIP,12,1997,433,698.0,194.60976226390795,382.3285346438568,6.375017825991182,1200.700354132202,108.3357568530171,17.65019420590393,2694.392126837446,2719.3577128213383,Zone- 399,44.0,,,,10,0,0,8,0,0,0,0,3
434,DIP,12,1997,434,788.0,5.02521656663025,1017.5551064640124,239.87323761345337,565.3887164664256,343.4212393995017,0.0,3350.1786729500827,2612.511331771484,Zone- 399,44.0,,,,10,0,0,8,0,0,0,2,4
435,DIP,12,1997,435,271.0,6.655081293376344,1179.040339890036,954.1859413607896,304.70288397952515,467.7880047887522,0.0,3592.3267623052266,2393.2486578852327,Zone- 399,44.0,,,,10,0,0,8,0,0,0,2,4
436,DIP,12,1997,436,371.0,0.0,1340.035218097582,1170.4389030693167,5.667865981063684,213.64945563409452,0.0,3745.066697293769,2048.977360413632,Zone- 399,44.0,,,,10,0,0,8,0,0,0,6,4
437,DIP,12,1990,437,850.0,198.41654937236785,502.85581887298247,0.453306118160287,948.6997224082728,21.4252291543532,0.0,1283.932647668228,1815.8307257420047,Zone- 427,14.0,,,,10,0,0,5,0,0,0,3,3
438,DIP,10,2006,438,417.0,0.0,0.0,0.0,1069.6175286271073,42.061864964314566,0.0,1489.4489009952124,2364.6226743222246,Zone- 438,3.0,,,,7,0,0,1,0,0,0,10,3
439,DIP,12,1990,439,1818.0,0.0,0.0,0.0,473.5484039513376,43.410393112299225,0.0,1113.6147587660305,2092.6821442523387,Zone- 427,14.0,,,,10,0,0,5,0,0,0,10,4
440,DIP,12,1997,440,187.0,7.696957716762283,1079.4670055690178,162.75058209262312,1321.8530433715532,343.4212393995017,0.0,3248.541175261648,3324.986185176843,Zone- 399,44.0,,,,10,0,0,8,0,0,0,2,4
441,DIP,8,1990,441,354.0,0.0,0.0,0.0,1665.3693194234827,42.218652143062734,0.0,2100.2059358204665,2842.457514675859,Zone- 427,14.0,,,,7,0,0,5,0,0,0,10,4
442,DIP,12,1997,442,2343.0,0.88798107706891,1163.6525921473235,186.1733630923773,1321.8530433715532,33.10825327952494,0.0,3402.649225169225,3324.986185176843,Zone- 399,44.0,,,,10,0,0,8,0,0,0,2,4
443,DIP,8,1990,443,865.0,0.0,308.1983778754095,0.0,1746.6590523963703,23.837184457684536,0.0,2138.321755175836,2842.457514675859,Zone- 427,14.0,,,,7,0,0,5,0,0,0,9,4
444,DIP,8,2005,444,1358.0,0.0,0.0,0.0,782.207872131323,33.5418001414795,0.0,340.22304743650204,576.1150246485365,Zone- 444,22.0,,,,7,0,0,5,0,0,0,10,4
445, ,8,2005,445,18.0,0.0,0.0,0.0,1390.2314617096458,89.1727835318414,0.0,1371.5268718771947,865.3221480254992,Zone- 444,22.0,,,,7,0,0,5,0,0,0,10,4
446,DIP,8,2005,446,798.0,0.0,0.0,0.0,1387.8709670213827,102.66944549366163,7.760352023846233,1405.877886461234,862.2852189058434,Zone- 446,1.0,,,,7,0,0,1,0,0,0,10,3
447, ,8,2005,447,17.0,0.0,0.0,0.0,1387.8709670213827,93.60122053489651,8.134095661348777,1389.076250723444,862.2852189058434,Zone- 446,1.0,,,,7,0,0,1,0,0,0,10,3
448,DIP,8,2005,448,26.0,25.941045605051062,8.42866412127725,0.0,1385.0654042281983,141.36260081790005,47.45257069739705,1435.2850599775768,856.5727606141822,Zone- 33,6.0,,,,7,0,0,1,0,0,0,9,3
449,DIP,8,2005,449,99.0,40.18004615026765,22.51746652513951,6.802195739713112,1321.958906395976,141.36260081790005,62.46739447155948,1454.055219626994,785.943805185567,Zone- 33,6.0,,,,7,0,0,1,0,0,0,0,1
450,DIP,8,2005,450,64.0,135.5731038524765,17.233217818337426,0.0,1258.3942372931244,139.5464596197924,41.8072101643351,1544.4822960827196,722.1954546592804,Zone- 33,6.0,,,,7,0,0,1,0,0,0,9,3
451,DIP,8,2005,451,114.0,5.785858847444717,1343.143775135462,1262.5517331214382,668.2553898441449,33.63768407826692,0.0,334.26824105623285,507.6796445760106,Zone- 444,22.0,,,,7,0,0,5,0,0,0,2,3
452,DIP,8,2005,452,31.0,0.0,1427.86083375696,1368.4529073708995,645.7985237147985,92.65741240683344,0.0,334.26824105623285,507.6796445760106,Zone- 444,22.0,,,,7,0,0,5,0,0,0,6,3
453,DIP,8,2005,453,826.0,0.0,1430.1495036876684,1380.2708760784528,0.0,51.397491669804715,0.909383728909135,131.42996664953662,329.2056284227479,Zone- 444,22.0,,,,7,0,0,5,0,0,0,7,4
454, ,6,,454,86.0,0.0,1934.886170578944,1949.0596220619327,0.0,58.34342924684725,0.0,156.07740928792603,331.31454883312006,Zone- 1,17.0,,,,4,0,0,5,0,0,0,7,3
455, ,6,,455,271.0,0.0,1699.635125278378,1716.2530630924912,47.473858100712256,55.8681975604017,0.0,240.1135311991993,416.1884797577288,Zone- 1,17.0,,,,4,0,0,5,0,0,0,6,3
456,DIP,8,2005,456,29.0,0.0,0.0,0.0,1889.999381391577,146.0404041528644,0.0,2006.8068556860528,1230.7590722085279,Zone- 1,17.0,,,,7,0,0,5,0,0,0,10,4
457,DIP,8,2005,457,570.0,0.0,0.0,0.0,1619.585687289063,50.89353270610274,0.0,1585.7717716067834,1253.1671737515878,Zone- 1,17.0,,,,7,0,0,5,0,0,0,10,4
458,DIP,8,2011,458,240.0,0.0,375.9926804571269,205.1529792290442,586.7795945041725,19.386011262710586,0.0,86.89812838277707,553.646828579156,Zone- 458,8.0,,,,7,5,5,1,0,0,0,6,4
459,DIP,8,2011,459,22.0,0.990729965745014,544.2264041221587,444.91009246836126,799.1820061121683,43.95761689075843,0.0,85.97977752261744,532.8849010794016,Zone- 458,8.0,,,,7,0,5,1,0,0,0,2,3
460,DIP,8,2011,460,322.0,0.0,432.2548463472653,449.80566424692154,729.8748500451226,30.92235224597493,0.0,85.97977752261744,349.46568247609423,Zone- 458,8.0,,,,7,0,5,1,0,0,0,6,4
461,DIP,8,2011,461,8.0,0.0,426.31640740478247,443.9653510191928,724.009384775763,55.162609028522155,0.0,105.39718590271303,346.0412280694184,Zone- 458,8.0,,,,7,0,0,1,0,0,0,6,2
462,DIP,8,2011,462,201.0,0.0,225.52785569581113,243.2152902353532,523.3007882583261,41.10312845357345,0.0,105.39718590271303,346.0412280694184,Zone- 458,8.0,,,,7,0,0,1,0,0,0,6,2
463,DIP,8,2011,463,520.0,0.0,15.263058278499228,18.308912153630438,468.7240429641046,75.07215639271939,0.0,106.64479016651192,235.09514432906204,Zone- 463,,,,,7,0,0,0,0,0,0,6,2
464,DIP,8,2011,464,42.0,0.0,0.0,0.0,518.613004486198,99.72464229775456,0.0,162.40426220199575,235.09514432906204,Zone- 463,,,,,7,0,0,0,0,0,0,10,3
465,DIP,8,2011,465,290.0,3.431066948294399,0.0,0.0,247.43671703245383,69.97391311272186,0.0,202.02553430735577,253.76020124678885,Zone- 465,10.0,,,,7,0,0,1,0,0,0,10,3
466,DIP,8,2011,466,819.0,0.0,0.0,0.0,266.42692284006205,26.508305795055293,0.0,193.14387186305876,263.11734111650355,Zone- 466,13.0,,,,7,0,0,5,0,0,0,10,4
467,DIP,8,2011,467,144.0,0.0,209.1337456707309,152.22896012065036,136.3750276958864,28.727197356935235,0.0,447.50746878838737,112.3001866688172,Zone- 465,10.0,,,,7,0,0,1,0,0,0,6,2
468,DIP,8,2011,468,327.0,0.0,165.3262595967766,152.22896012065036,0.0,64.86436296348522,0.0,569.2036875032835,59.604678453038815,Zone- 465,10.0,,,,7,0,5,1,0,0,0,7,4
469,DIP,8,2011,469,178.0,0.0,0.0,5.518404193887089,120.42159709412488,50.82343978976965,0.0,462.1799493847173,109.56558681476994,Zone- 465,10.0,,,,7,0,0,1,0,0,0,10,3
470,DIP,8,2011,470,9.0,2.275079027377112,0.0,0.0,320.78262441263365,74.07313822591446,0.0,455.2772972328386,185.12487989213753,Zone- 466,13.0,,,,7,0,0,5,0,0,0,10,4
471,DIP,8,2011,471,317.0,0.0,0.0,0.0,324.97271170255027,37.891422409665495,0.0,285.7271341736065,193.79889832593668,Zone- 466,13.0,,,,7,0,0,5,0,0,0,10,4
472,DIP,8,2011,472,22.0,213.84452172279015,262.6514455057668,0.0,425.6658285825654,38.986451988074144,0.0,285.7271341736065,470.29486226893147,Zone- 466,13.0,,,,7,0,0,5,0,0,0,9,4
473,DIP,8,2011,473,556.0,0.0,0.0,0.0,298.0776920651995,49.3395021602923,0.0,462.1799493847173,169.16590222434127,Zone- 473,10.0,,,,7,0,0,1,0,0,0,10,3
474,DIP,8,2011,474,313.0,0.0,0.0,0.0,513.7226943307168,57.69814497743063,0.0,169.32953923109267,108.89873866226358,Zone- 175,1.0,,,,7,0,0,1,0,0,0,10,3
475,DIP,8,2011,475,11.0,0.0,11.62891872196508,29.26150842966173,798.8462353757714,42.98222480408423,0.0,697.1415730199253,381.4100510845755,Zone- 475,,,,,7,0,0,0,0,0,0,6,2
476,DIP,8,2001,476,516.0,1.723065930443736,848.8851253839086,581.1563980436116,0.0,30.75991231053881,171.61339111881685,887.7040227994293,152.11110304137986,Zone- 476,18.0,,,,7,0,0,5,0,0,0,7,4
477,DIP,8,2001,477,385.0,0.0,1026.8332576258067,1032.3057909727047,0.0,27.86829499734849,131.2111987378319,1377.5320349647695,455.1409036649041,Zone- 387,21.0,,,,7,0,0,5,0,0,0,7,4
478,DIP,6,2000,478,10.0,471.5525632084288,486.9419865045892,36.97056827851692,965.6209194423928,136.4627400294683,0.0,1198.1012234779505,439.7830984778405,Zone- 478,,,,,4,0,0,0,0,0,0,3,1
479,DIP,8,2023,479,501.0,557.4896000182817,0.0,0.0,967.5670515001228,22.17441193415855,0.0,178.27766156697146,538.3018705603598,Zone- 479,14.0,,,,7,0,0,5,0,0,0,10,4
480,DIP,8,2023,480,51.0,578.7803857195235,0.0,0.0,990.0890093020461,32.666483092119634,0.0,230.0180899324787,548.422152641361,Zone- 180,,,,,7,0,0,0,0,0,0,10,3
481,DIP,8,2023,481,125.0,955.6031072889632,20.125568508184493,0.0,1367.2394923438915,10.49153737319055,0.0,103.91122353201712,521.3962081433647,Zone- 481,,,,,7,5,0,0,0,0,0,9,3
482,DIP,8,2023,482,433.0,894.3992538445302,0.0,0.0,1395.519597765113,22.861441838761255,0.0,188.4316897992124,532.1675210664927,Zone- 479,14.0,,,,7,0,0,5,0,0,0,10,4
483,DIP,8,2023,483,49.0,971.2139431495868,0.0,0.0,1450.4354984197348,18.58444360377554,0.0,213.66913281946248,591.8474074046164,Zone- 183,1.0,,,,7,5,0,1,0,0,0,10,4
484,DIP,8,2023,484,523.0,642.4241048950284,0.0,0.0,1395.519597765113,31.763254644237023,0.0,210.33199235823207,434.58121373460176,Zone- 243,20.0,,,,7,0,0,5,0,0,0,10,4
485,DIP,8,2023,485,559.0,452.23768903359314,0.0,0.0,867.475675888007,22.594690893929663,0.0,154.0530708253795,275.5888271506076,Zone- 485,6.0,,,,7,0,0,1,0,0,0,10,3
486,DIP,8,2023,486,544.0,410.14345221407086,0.0,0.0,1032.4287659992012,25.432165270192588,0.0,193.5133820660753,322.4197803274119,Zone- 486,10.0,,,,7,0,0,1,0,0,0,10,3
487,DIP,12,2023,487,178.0,373.4323508596376,0.0,0.0,995.816344961288,4.853352864755244,0.0,76.02726879856435,189.4307296017029,Zone- 139,,,,,10,10,5,0,0,0,0,10,5
488,DIP,8,2023,488,232.0,651.9305447696595,0.0,0.0,1329.9139296946792,11.960416170290024,0.0,174.1010596882502,340.61861060912685,Zone- 488,1.0,,,,7,5,0,1,0,0,0,10,4
489,DIP,10,2018,489,1168.0,1368.0244913502108,1350.3962346555948,306.10939577659104,1478.6118390746688,28.25000255696244,314.1716920541502,2633.2003771116174,1043.0633718154684,Zone- 5,3.0,,,,7,0,0,1,0,0,0,0,1
490,DIP,8,2018,490,163.0,2170.372880884607,2152.625778092891,1111.6634065243516,2281.0915891751647,589.9899968510399,1115.1513909006544,3436.9321637733933,1775.3881510012477,Zone- 490,3.0,,,,7,0,0,1,0,0,0,0,1
491,DIP,8,2018,491,100.0,2518.609812995586,2500.885436478816,1464.8017579772168,2636.481081870731,912.88084143922,1465.3498528036343,3791.8912389416328,2070.9175332835807,Zone- 491,3.0,,,,7,0,0,1,0,0,0,0,1
492,DIP,8,2018,492,921.0,2214.1920373580215,2196.6659967895966,1149.505246053358,2301.9285632916017,662.2140802028936,1161.9352908916762,3442.0747021548996,1866.745500806161,Zone- 490,3.0,,,,7,0,0,1,0,0,0,0,1
493,DIP,8,2018,493,848.0,2840.669184397817,2882.2307649936547,1880.3089285216583,2901.4099643996697,1483.0086967426535,1916.3636847574285,3900.9431593853487,2658.11360521472,Zone- 493,1.0,,,,7,0,0,1,0,0,0,0,1
494,DIP,8,2018,494,403.0,2539.833056065765,2522.1001967191955,1479.6635660574523,2645.568469974806,950.8363172480781,1484.453484458794,3795.6922206635386,2124.2787486401007,Zone- 491,3.0,,,,7,0,0,1,0,0,0,0,1
495,DIP,8,1995,495,106.0,0.0,0.0,0.0,239.77014388257112,13.548046479853497,0.0,2465.040218396764,2412.467533148638,Zone- 495,,,,,7,5,0,0,0,0,0,10,3
496,DIP,12,1995,496,40.0,11.363459979219044,0.0,0.0,231.45364381337427,101.53940455213557,0.0,2899.0870225037947,2727.432020532351,Zone- 496,,,,,10,0,0,0,0,0,0,10,3
497,DIP,8,1995,497,82.0,0.0,0.0,0.0,370.2942845208877,28.697777262647588,0.0,1874.1432357071265,1808.9335940174888,Zone- 157,1.0,,,,7,0,0,1,0,0,0,10,3
498, ,8,,498,225.0,24.321573648471727,16.521754808728787,3.519267167832786,223.82497651927287,127.70683496266518,8.589154564703664,2909.7283746416324,2768.742009302618,Zone- 498,,,,,7,0,0,0,0,0,0,0,1
499,Lead,1,,499,12.0,0.0,275.16520236650217,292.3154713827115,0.0,50.7715863306608,0.0,1121.141788057358,739.0733105107428,Zone- 499,4.0,,,,1,0,0,1,0,0,0,7,2
500,Lead,1,,500,12.0,0.0,275.16520236650217,292.3154713827115,0.0,51.70774609664421,0.0,1117.5291597921453,735.8293291511926,Zone- 499,4.0,,,,1,0,0,1,0,0,0,7,2
501,Galvanized,2,,501,327.0,0.0,0.0,0.0,0.0,38.91521059407087,0.0,1122.589395470418,746.4841649103306,Zone- 499,4.0,,,,1,0,0,1,0,0,0,10,2
502,DIP,6,1998,502,54.0,0.0,281.1166552156995,298.42512451917656,0.0,56.75063784072034,0.0,706.2303092830143,715.7437495965853,Zone- 22,1.0,,,,4,0,0,1,0,0,0,7,2
503, ,4,,503,351.0,0.0,332.4745098592281,349.36497406638074,0.0,31.787474055841358,0.0,711.5857904451167,760.7313720775154,Zone- 22,1.0,,,,4,0,0,1,0,0,0,7,2
504,DIP,8,2023,504,42.0,598.818565367784,0.0,0.0,1008.6866579974939,16.113247237764213,0.0,261.60048627398993,581.626358050796,Zone- 231,,,,,7,5,0,0,0,0,0,10,3
505,DIP, 8,1995,505,53.0,228.9924120195477,0.0,0.0,425.4097971598328,22.771505773748885,0.0,652.0144362797807,709.4017589910071,Zone- 358,10.0,,,,7,0,0,1,0,0,0,10,3
506,DIP,8,2019,506,899.0,0.0,165.31851060288585,0.0,0.0,42.95838743478699,0.0,307.1118326111868,1189.749857898065,Zone- 506,12.0,,,,7,0,0,5,0,0,0,9,4
507,DIP,8,2019,507,335.0,0.0,800.7592418731765,710.0200661416832,0.0,25.104695020383687,0.0,137.9929884394406,1029.4125425563116,Zone- 507,1.0,,,,7,0,0,1,0,0,0,7,3
508,DIP,8,2019,508,247.0,0.0,569.7209984723198,527.0607469942686,126.58871649939923,44.72762188290601,0.0,471.6708264761398,1330.629612011866,Zone- 508,5.0,,,,7,0,0,1,0,0,0,6,2
