FACILITYID,INSTALLDATE,MATERIAL,Age,Material,Service Life,Service Life Score,Breaks,Breaks_score,Z_MAX,Break Density Score,LOF
wM-1,2009-06-01 00:00:00.000000,DIP,16,DIP,90,2.0,1.0,8.0,65.98710811733345,5.0,5.0
wM-2,1968-01-01 17:28:00.000000,CAS,57,CAS,75,8.0,,0.0,37.57719071447985,3.0,5.0
wM-3,2000-01-01 17:13:00.000000,PVC,25,PVC,100,3.0,,0.0,,0.0,2.0
wM-4,1968-01-01 00:00:00.000000,CAS,57,CAS,75,8.0,,0.0,6.041889085521232,1.0,5.0
wM-5,2009-06-01 00:00:00.000000,DIP,16,DIP,90,2.0,,0.0,5.930214767452304,1.0,2.0
wM-6,2009-06-01 00:00:00.000000,DIP,16,DIP,90,2.0,,0.0,9.955816802967648,1.0,2.0
wM-7,2009-06-01 00:00:00.000000,DIP,16,DIP,90,2.0,,0.0,2.9178094112381894,0.0,1.0
wM-8,2009-06-01 00:00:00.000000,DIP,16,DIP,90,2.0,,0.0,5.808848484912581,1.0,2.0
wM-9,2024-08-01 00:00:00.000000,DIP,1,DIP,90,1.0,1.0,8.0,114.27004061258545,6.0,4.0
wM-10,2024-08-01 00:00:00.000000,DIP,1,DIP,90,1.0,,0.0,114.27004061258545,6.0,2.0
wM-11,2024-08-01 00:00:00.000000,DIP,1,DIP,90,1.0,,0.0,114.71256509567809,6.0,2.0
wM-12,2024-08-01 00:00:00.000000,DIP,1,DIP,90,1.0,1.0,8.0,141.74603804835348,7.0,5.0
wM-13,2024-08-01 00:00:00.000000,DIP,1,DIP,90,1.0,,0.0,141.74603804835348,7.0,3.0
wM-544,1969-01-01 18:09:00.000000,CAS,56,CAS,75,8.0,,0.0,139.89734059627696,10.0,7.0
wM-16,2024-08-01 00:00:00.000000,DIP,1,DIP,90,1.0,,0.0,166.50487199429892,9.0,3.0
wM-17,2014-01-01 18:46:00.000000,DIP,11,DIP,90,2.0,,0.0,14.042522133114606,1.0,2.0
wM-19,2009-01-01 00:00:00.000000,DIP,16,DIP,90,2.0,,0.0,10.915636613637865,1.0,2.0
wM-20,1955-01-01 00:00:00.000000,CAS,70,CAS,75,10.0,,0.0,38.21038847203333,3.0,6.0
wM-21,2009-06-01 00:00:00.000000,DIP,16,DIP,90,2.0,,0.0,38.194241956097216,3.0,2.0
wM-22,1979-12-01 00:00:00.000000,DIP,46,DIP,90,6.0,,0.0,14.370013354423381,1.0,4.0
wM-25,1979-12-01 00:00:00.000000,DIP,46,DIP,90,6.0,,0.0,0.0,0.0,3.0
wM-26,1979-12-01 00:00:00.000000,DIP,46,DIP,90,6.0,,0.0,0.0,0.0,3.0
wM-27,1979-12-01 00:00:00.000000,DIP,46,DIP,90,6.0,,0.0,0.0,0.0,3.0
wM-28,2024-08-01 00:00:00.000000,DIP,1,DIP,90,1.0,1.0,8.0,177.2103279948336,9.0,5.0
wM-548,1985-01-01 18:23:00.000000,DIP,40,DIP,90,5.0,,0.0,0.0,0.0,3.0
wM-32,1984-11-01 00:00:00.000000,PVC,41,PVC,100,5.0,,0.0,,0.0,3.0
wM-33,1985-01-29 18:24:00.000000,DIP,40,DIP,90,5.0,,0.0,0.0,0.0,3.0
wM-34,1984-12-01 00:00:00.000000,PVC,41,PVC,100,5.0,,0.0,,0.0,3.0
wM-35,1984-12-01 00:00:00.000000,PVC,41,PVC,100,5.0,,0.0,,0.0,3.0
wM-36,2024-08-01 00:00:00.000000,DIP,1,DIP,90,1.0,2.0,10.0,197.75145430460105,10.0,6.0
wM-37,2024-08-01 00:00:00.000000,DIP,1,DIP,90,1.0,,0.0,160.88075059599117,8.0,3.0
wM-38,2024-08-01 00:00:00.000000,DIP,1,DIP,90,1.0,,0.0,160.07572686602666,8.0,3.0
wM-39,1956-01-01 00:00:00.000000,CAS,69,CAS,75,10.0,,0.0,25.03553492041153,2.0,6.0
wM-40,1956-01-01 00:00:00.000000,CAS,69,CAS,75,10.0,,0.0,56.520850033155654,4.0,6.0
wM-41,1955-01-01 18:16:00.000000,CAS,70,CAS,75,10.0,,0.0,69.99362096938809,5.0,7.0
wM-43,2002-12-01 00:00:00.000000,DIP,23,DIP,90,3.0,,0.0,0.0,0.0,2.0
wM-44,1995-01-01 18:42:00.000000,DIP,30,DIP,90,4.0,,0.0,0.0,0.0,2.0
wM-45,1958-01-01 16:22:00.000000,CAS,67,CAS,75,9.0,3.0,10.0,93.60767745710069,7.0,9.0
wM-46,1958-01-01 00:00:00.000000,CAS,67,CAS,75,9.0,,0.0,93.92964400973219,7.0,7.0
wM-47,1958-01-01 00:00:00.000000,CAS,67,CAS,75,9.0,,0.0,75.31847762321364,6.0,6.0
wM-48,1958-01-01 00:00:00.000000,CAS,67,CAS,75,9.0,,0.0,75.27752784474171,6.0,6.0
wM-49,1980-06-01 00:00:00.000000,DIP,45,DIP,90,5.0,,0.0,33.24859437935348,3.0,4.0
wM-53,1980-06-01 00:00:00.000000,DIP,45,DIP,90,5.0,,0.0,25.044704854678855,2.0,3.0
wM-54,1980-06-01 00:00:00.000000,DIP,45,DIP,90,5.0,,0.0,24.237991609479767,2.0,3.0
wM-55,1980-06-01 00:00:00.000000,DIP,45,DIP,90,5.0,,0.0,24.173201418201035,2.0,3.0
wM-57,1980-06-01 00:00:00.000000,DIP,45,DIP,90,5.0,,0.0,24.308562736341525,2.0,3.0
wM-59,2002-12-01 00:00:00.000000,DIP,23,DIP,90,3.0,,0.0,20.425263083061363,2.0,2.0
wM-61,2002-12-01 00:00:00.000000,DIP,23,DIP,90,3.0,,0.0,9.010819055620113,1.0,2.0
wM-62,1998-01-29 18:41:00.000000,DIP,27,DIP,90,3.0,,0.0,8.665020012830425,1.0,2.0
wM-63,2005-05-01 00:00:00.000000,DIP,20,DIP,90,3.0,,0.0,0.0,0.0,2.0
wM-64,2005-05-01 00:00:00.000000,DIP,20,DIP,90,3.0,,0.0,0.0,0.0,2.0
wM-65,2002-12-01 00:00:00.000000,DIP,23,DIP,90,3.0,,0.0,8.989140202892713,1.0,2.0
wM-67,2002-12-01 00:00:00.000000,DIP,23,DIP,90,3.0,,0.0,8.93792848873207,1.0,2.0
wM-68,2002-12-01 00:00:00.000000,DIP,23,DIP,90,3.0,,0.0,0.0,0.0,2.0
wM-70,2001-12-01 00:00:00.000000,PVC,24,PVC,100,3.0,,0.0,,0.0,2.0
wM-72,2002-12-01 00:00:00.000000,DIP,23,DIP,90,3.0,,0.0,0.0,0.0,2.0
wM-73,2002-12-01 00:00:00.000000,DIP,23,DIP,90,3.0,,0.0,0.0,0.0,2.0
wM-74,2002-12-01 00:00:00.000000,DIP,23,DIP,90,3.0,,0.0,7.238826151381805,1.0,2.0
wM-75,2002-12-01 00:00:00.000000,DIP,23,DIP,90,3.0,,0.0,20.185683033062396,2.0,2.0
wM-76,2002-12-01 00:00:00.000000,DIP,23,DIP,90,3.0,,0.0,19.88796390885403,2.0,2.0
wM-77,1988-01-01 00:00:00.000000,DIP,37,DIP,90,5.0,,0.0,35.26151724963093,3.0,4.0
wM-78,1956-01-01 18:19:00.000000,CAS,69,CAS,75,10.0,,0.0,35.26151724963093,3.0,6.0
wM-79,2024-08-01 00:00:00.000000,DIP,1,DIP,90,1.0,,0.0,113.93033979541131,6.0,2.0
wM-81,2024-08-01 00:00:00.000000,DIP,1,DIP,90,1.0,,0.0,115.15807249115001,6.0,2.0
wM-90,1979-12-01 00:00:00.000000,DIP,46,DIP,90,6.0,,0.0,0.0,0.0,3.0
wM-91,1988-01-01 00:00:00.000000,DIP,37,DIP,90,5.0,,0.0,0.0,0.0,3.0
wM-93,1956-01-01 00:00:00.000000,CAS,69,CAS,75,10.0,,0.0,25.951619076322288,2.0,6.0
wM-94,1956-01-01 18:19:00.000000,CAS,69,CAS,75,10.0,,0.0,34.80222909421908,3.0,6.0
wM-100,1979-05-01 00:00:00.000000,DIP,46,DIP,90,6.0,1.0,8.0,37.80869951595417,3.0,6.0
wM-102,1980-05-31 17:06:00.000000,DIP,45,DIP,90,5.0,1.0,8.0,52.514681279740785,4.0,6.0
wM-103,1980-05-31 00:00:00.000000,DIP,45,DIP,90,5.0,,0.0,52.514681279740785,4.0,4.0
wM-104,2004-12-01 00:00:00.000000,DIP,21,DIP,90,3.0,,0.0,52.54475575552294,4.0,3.0
wM-105,1980-06-01 00:00:00.000000,DIP,45,DIP,90,5.0,,0.0,33.245004704641815,3.0,4.0
wM-106,1980-05-31 00:00:00.000000,DIP,45,DIP,90,5.0,,0.0,33.245004704641815,3.0,4.0
wM-109,1981-12-01 00:00:00.000000,PVC,44,PVC,100,5.0,,0.0,,0.0,3.0
wM-110,1981-12-01 00:00:00.000000,PVC,44,PVC,100,5.0,,0.0,,0.0,3.0
wM-112,1959-01-01 18:52:00.000000,CAS,66,CAS,75,9.0,1.0,8.0,39.400295037636816,3.0,8.0
wM-116,1985-01-01 18:38:00.000000,DIP,40,DIP,90,5.0,,0.0,33.82138281398484,3.0,4.0
wM-118,1979-12-01 00:00:00.000000,DIP,46,DIP,90,6.0,,0.0,34.07490998544202,3.0,4.0
wM-119,1990-01-01 00:00:00.000000,DIP,35,DIP,90,4.0,,0.0,44.157673399808594,4.0,3.0
wM-120,1983-01-01 18:21:00.000000,DIP,42,DIP,90,5.0,,0.0,0.0,0.0,3.0
wM-124,2009-06-01 00:00:00.000000,DIP,16,DIP,90,2.0,,0.0,0.0,0.0,1.0
wM-125,1983-01-01 00:00:00.000000,DIP,42,DIP,90,5.0,,0.0,0.0,0.0,3.0
wM-126,1983-01-01 00:00:00.000000,DIP,42,DIP,90,5.0,,0.0,0.0,0.0,3.0
wM-543,1955-01-01 00:00:00.000000,CAS,70,CAS,75,10.0,,0.0,70.31170645770871,5.0,7.0
wM-129,1979-12-01 00:00:00.000000,DIP,46,DIP,90,6.0,,0.0,0.0,0.0,3.0
wM-130,1955-01-01 18:25:00.000000,CAS,70,CAS,75,10.0,,0.0,69.51440761349068,5.0,7.0
wM-131,1955-01-01 18:25:00.000000,CAS,70,CAS,75,10.0,,0.0,69.99362096938809,5.0,7.0
wM-136,1980-01-01 18:51:00.000000,DIP,45,DIP,90,5.0,,0.0,0.0,0.0,3.0
wM-140,1980-01-01 18:51:00.000000,DIP,45,DIP,90,5.0,,0.0,0.0,0.0,3.0
wM-141,1956-01-01 00:00:00.000000,CAS,69,CAS,75,10.0,,0.0,0.0,0.0,5.0
wM-143,1984-12-01 00:00:00.000000,PVC,41,PVC,100,5.0,,0.0,,0.0,3.0
wM-545,1998-01-01 00:00:00.000000,CAS,27,CAS,75,4.0,,0.0,119.03556324909965,9.0,5.0
wM-145,2024-08-01 00:00:00.000000,DIP,1,DIP,90,1.0,,0.0,122.70855870324252,6.0,2.0
wM-146,2024-08-01 00:00:00.000000,DIP,1,DIP,90,1.0,,0.0,123.87305260717712,6.0,2.0
wM-148,2024-08-01 00:00:00.000000,DIP,1,DIP,90,1.0,,0.0,0.0,0.0,1.0
wM-150,2024-08-01 00:00:00.000000,DIP,1,DIP,90,1.0,,0.0,158.33724141112825,8.0,3.0
wM-152,2024-08-01 00:00:00.000000,DIP,1,DIP,90,1.0,,0.0,144.90026716422443,7.0,3.0
wM-153,2024-08-01 00:00:00.000000,DIP,1,DIP,90,1.0,,0.0,159.73045659440004,8.0,3.0
wM-154,2024-08-01 00:00:00.000000,DIP,1,DIP,90,1.0,1.0,8.0,117.44562452222344,6.0,4.0
wM-155,2024-08-01 00:00:00.000000,DIP,1,DIP,90,1.0,,0.0,144.22062459596685,7.0,3.0
wM-156,2024-08-01 00:00:00.000000,DIP,1,DIP,90,1.0,2.0,10.0,215.54537897916362,10.0,6.0
wM-157,2024-08-01 00:00:00.000000,DIP,1,DIP,90,1.0,1.0,8.0,170.15422011555683,9.0,5.0
wM-159,1969-01-01 00:00:00.000000,CAS,56,CAS,75,8.0,1.0,8.0,108.72055363868111,8.0,8.0
wM-160,2024-01-29 18:41:00.000000,DIP,1,DIP,90,1.0,,0.0,59.474366534737825,5.0,2.0
wM-161,1993-01-01 18:00:00.000000,DIP,32,DIP,90,4.0,,0.0,2.694138026849319,0.0,2.0
wM-162,1993-01-01 16:17:33.000000,DIP,32,DIP,90,4.0,,0.0,5.0091354958870005,0.0,2.0
wM-163,1998-01-01 18:40:00.000001,CAS,27,CAS,75,4.0,,0.0,59.63090294554858,4.0,3.0
wM-164,2024-01-29 00:00:00.000000,CAS,1,CAS,75,1.0,,0.0,59.63090294554858,4.0,2.0
wM-165,1977-08-10 16:39:00.000000,CAS,48,CAS,75,7.0,,0.0,60.11457599279613,4.0,5.0
wM-166,1969-01-01 00:00:00.000000,CAS,56,CAS,75,8.0,,0.0,60.38756194272624,4.0,5.0
wM-167,1988-01-01 00:00:00.000000,CAS,37,CAS,75,5.0,,0.0,60.12923605652405,4.0,4.0
wM-171,1998-01-01 00:00:00.000000,CAS,27,CAS,75,4.0,,0.0,5.202876842909517,1.0,3.0
wM-172,2014-01-01 13:56:30.000000,DIP,11,DIP,90,2.0,,0.0,4.911294821247493,0.0,1.0
wM-173,1998-01-01 13:52:40.000000,CAS,27,CAS,75,4.0,,0.0,5.0091354958870005,1.0,3.0
wM-174,1998-01-01 18:39:00.000000,CAS,27,CAS,75,4.0,,0.0,4.807732554028534,1.0,3.0
wM-176,1995-01-01 18:16:00.000000,DIP,30,DIP,90,4.0,,0.0,0.0,0.0,2.0
wM-177,2005-05-01 00:00:00.000000,DIP,20,DIP,90,3.0,,0.0,0.0,0.0,2.0
wM-178,2005-05-01 00:00:00.000000,DIP,20,DIP,90,3.0,,0.0,0.0,0.0,2.0
wM-181,2005-05-01 00:00:00.000000,DIP,20,DIP,90,3.0,,0.0,0.6379041044637924,0.0,2.0
wM-183,1960-01-01 16:26:00.000000,CAS,65,CAS,75,9.0,,0.0,0.29712999674813917,0.0,5.0
wM-184,1980-01-01 00:00:00.000000,DIP,45,DIP,90,5.0,,0.0,19.96021107785365,2.0,3.0
wM-185,2006-01-01 00:00:00.000000,DIP,19,DIP,90,3.0,,0.0,0.0,0.0,2.0
wM-186,2002-12-01 00:00:00.000000,DIP,23,DIP,90,3.0,,0.0,0.0,0.0,2.0
wM-187,2002-12-01 00:00:00.000000,DIP,23,DIP,90,3.0,,0.0,0.0,0.0,2.0
wM-188,2005-05-01 00:00:00.000000,DIP,20,DIP,90,3.0,,0.0,36.023397312695096,3.0,3.0
wM-189,2005-05-01 00:00:00.000000,DIP,20,DIP,90,3.0,,0.0,63.35377687185189,5.0,3.0
wM-190,2004-12-01 00:00:00.000000,DIP,21,DIP,90,3.0,,0.0,59.92405465721026,5.0,3.0
wM-191,1958-01-01 00:00:00.000000,CAS,67,CAS,75,9.0,,0.0,75.0642460589462,6.0,6.0
wM-192,2004-12-01 00:00:00.000000,DIP,21,DIP,90,3.0,,0.0,59.61484508463088,5.0,3.0
wM-193,1958-01-01 00:00:00.000000,CAS,67,CAS,75,9.0,,0.0,64.49499234434757,4.0,6.0
wM-194,1958-01-01 00:00:00.000000,CAS,67,CAS,75,9.0,,0.0,93.80127619325972,7.0,7.0
wM-195,1958-01-01 00:00:00.000000,CAS,67,CAS,75,9.0,,0.0,93.68410234543691,7.0,7.0
wM-198,1958-01-01 00:00:00.000000,CAS,67,CAS,75,9.0,,0.0,68.23668752707226,5.0,6.0
wM-199,1958-01-01 00:00:00.000000,CAS,67,CAS,75,9.0,,0.0,93.80127619325972,7.0,7.0
wM-200,1958-01-01 00:00:00.000000,CAS,67,CAS,75,9.0,1.0,8.0,77.53253839452888,6.0,8.0
wM-204,1979-01-01 18:10:00.000000,DIP,46,DIP,90,6.0,1.0,8.0,45.50041231211548,4.0,6.0
wM-205,1979-04-30 12:43:43.000000,DIP,46,DIP,90,6.0,,0.0,37.17978728914373,3.0,4.0
wM-207,1980-06-01 00:00:00.000000,DIP,45,DIP,90,5.0,,0.0,37.058164867210685,3.0,4.0
wM-208,1980-06-01 00:00:00.000000,DIP,45,DIP,90,5.0,,0.0,8.82901932228249,1.0,3.0
wM-209,1979-05-01 00:00:00.000000,DIP,46,DIP,90,6.0,1.0,8.0,29.641974815066504,3.0,6.0
wM-210,2024-08-01 00:00:00.000000,DIP,1,DIP,90,1.0,,0.0,144.6151870067622,7.0,3.0
wM-212,2024-08-01 00:00:00.000000,DIP,1,DIP,90,1.0,2.0,10.0,174.5177371252239,9.0,6.0
wM-213,2024-08-01 00:00:00.000000,DIP,1,DIP,90,1.0,,0.0,173.21364332083672,9.0,3.0
wM-214,2024-08-01 00:00:00.000000,DIP,1,DIP,90,1.0,,0.0,0.0,0.0,1.0
wM-215,2024-08-01 00:00:00.000000,DIP,1,DIP,90,1.0,,0.0,173.27821211897975,9.0,3.0
wM-216,2024-08-01 00:00:00.000000,DIP,1,DIP,90,1.0,1.0,8.0,155.81163385458734,8.0,5.0
wM-217,1968-01-01 00:00:00.000000,CAS,57,CAS,75,8.0,,0.0,80.59007287508115,6.0,6.0
wM-546,1968-01-01 00:00:00.000000,CAS,57,CAS,75,8.0,1.0,8.0,133.3329297444,10.0,9.0
wM-219,2024-08-01 00:00:00.000000,DIP,1,DIP,90,1.0,,0.0,140.7333557989955,7.0,3.0
wM-220,1968-01-01 17:10:00.000000,CAS,57,CAS,75,8.0,,0.0,107.27693917193446,8.0,6.0
wM-221,1967-12-31 13:48:04.000000,CAS,58,CAS,75,8.0,,0.0,107.96570580542829,8.0,6.0
wM-223,1985-01-01 18:21:00.000000,DIP,40,DIP,90,5.0,,0.0,69.57885324908975,5.0,4.0
wM-224,1997-01-01 17:42:00.000001,CAS,28,CAS,75,4.0,1.0,8.0,80.02775910247796,6.0,6.0
wM-225,1969-01-01 17:49:00.000000,CAS,56,CAS,75,8.0,,0.0,117.35618013674622,9.0,7.0
wM-547,1969-01-01 00:00:00.000000,CAS,56,CAS,75,8.0,2.0,10.0,122.12599859144501,9.0,9.0
wM-228,1997-01-01 00:00:00.000000,CAS,28,CAS,75,4.0,,0.0,80.59007287508115,6.0,4.0
wM-229,1968-01-01 00:00:00.000000,CAS,57,CAS,75,8.0,,0.0,107.27693917193446,8.0,6.0
wM-230,1969-01-01 00:00:00.000000,CAS,56,CAS,75,8.0,,0.0,80.899343350241,6.0,6.0
wM-231,1997-01-01 17:42:00.000001,CAS,28,CAS,75,4.0,,0.0,31.03597837390044,3.0,3.0
wM-232,1967-01-01 00:00:00.000000,CAS,58,CAS,75,8.0,,0.0,31.155313090937916,3.0,5.0
wM-233,1997-01-01 00:00:00.000000,CAS,28,CAS,75,4.0,,0.0,31.2410730455793,3.0,3.0
wM-234,1967-01-01 00:00:00.000000,CAS,58,CAS,75,8.0,,0.0,36.762193393349854,3.0,5.0
wM-235,1995-01-01 00:00:00.000000,DIP,30,DIP,90,4.0,,0.0,0.0,0.0,2.0
wM-239,1988-01-01 00:00:00.000000,CAS,37,CAS,75,5.0,,0.0,22.99343859407645,2.0,3.0
wM-240,1988-01-01 00:00:00.000000,CAS,37,CAS,75,5.0,1.0,8.0,35.10680889005898,3.0,6.0
wM-241,1999-04-01 00:00:00.000000,DIP,26,DIP,90,3.0,,0.0,35.10680889005898,3.0,3.0
wM-242,1988-01-01 00:00:00.000000,CAS,37,CAS,75,5.0,,0.0,38.357888196296535,3.0,4.0
wM-243,1967-12-31 13:47:33.000000,CAS,58,CAS,75,8.0,,0.0,34.73264179238858,3.0,5.0
wM-244,1997-01-01 00:00:00.000000,CAS,28,CAS,75,4.0,,0.0,16.725109438908262,2.0,3.0
wM-245,1988-01-01 00:00:00.000000,CAS,37,CAS,75,5.0,,0.0,16.725109438908262,2.0,3.0
wM-247,1997-01-01 00:00:00.000000,CAS,28,CAS,75,4.0,,0.0,6.794926741491793,1.0,3.0
wM-248,1997-01-01 18:20:00.000000,CAS,28,CAS,75,4.0,,0.0,16.538963045164937,2.0,3.0
wM-250,1997-01-01 00:00:00.000000,DIP,28,DIP,90,4.0,,0.0,7.606269072836308,1.0,3.0
wM-251,1997-01-01 18:20:00.000000,PVC,28,PVC,100,3.0,,0.0,,0.0,2.0
wM-252,1997-01-01 00:00:00.000000,CAS,28,CAS,75,4.0,,0.0,4.594904547128576,1.0,3.0
wM-253,1988-01-01 16:40:00.000000,CAS,37,CAS,75,5.0,,0.0,60.2654930902155,4.0,4.0
wM-254,2006-01-01 00:00:00.000000,CAS,19,CAS,75,3.0,,0.0,0.0,0.0,2.0
wM-255,1998-01-01 18:39:00.000000,CAS,27,CAS,75,4.0,,0.0,0.013115775985078957,0.0,2.0
wM-256,1998-01-01 00:00:00.000000,CAS,27,CAS,75,4.0,,0.0,0.0,0.0,2.0
wM-257,2016-01-01 18:14:00.000000,DIP,9,DIP,90,1.0,,0.0,0.01988413034554818,0.0,1.0
wM-258,2002-12-01 00:00:00.000000,DIP,23,DIP,90,3.0,,0.0,0.0,0.0,2.0
wM-259,2002-12-01 00:00:00.000000,DIP,23,DIP,90,3.0,,0.0,0.0,0.0,2.0
wM-260,1999-03-01 00:00:00.000000,CAS,26,CAS,75,4.0,,0.0,0.0,0.0,2.0
wM-261,1999-03-01 00:00:00.000000,CAS,26,CAS,75,4.0,,0.0,0.0,0.0,2.0
wM-266,1999-03-01 00:00:00.000000,CAS,26,CAS,75,4.0,,0.0,0.0,0.0,2.0
wM-269,1979-01-01 17:32:00.000000,CAS,46,CAS,75,7.0,,0.0,0.0,0.0,4.0
wM-270,1999-03-01 00:00:00.000000,DIP,26,DIP,90,3.0,,0.0,0.0,0.0,2.0
wM-271,1980-06-01 00:00:00.000000,DIP,45,DIP,90,5.0,,0.0,0.0,0.0,3.0
wM-272,1999-03-01 00:00:00.000000,DIP,26,DIP,90,3.0,,0.0,0.0,0.0,2.0
wM-276,1999-03-01 00:00:00.000000,DIP,26,DIP,90,3.0,,0.0,0.0,0.0,2.0
wM-277,1999-03-01 00:00:00.000000,DIP,26,DIP,90,3.0,,0.0,0.03542799214634243,0.0,2.0
wM-278,1999-03-01 00:00:00.000000,CAS,26,CAS,75,4.0,,0.0,0.0,0.0,2.0
wM-280,1984-01-01 17:32:00.000000,DIP,41,DIP,90,5.0,,0.0,0.0,0.0,3.0
wM-281,1960-01-01 00:00:00.000000,SP,65,SP,100,7.0,,0.0,,0.0,4.0
wM-282,1999-03-01 00:00:00.000000,CAS,26,CAS,75,4.0,,0.0,0.0,0.0,2.0
wM-284,1970-01-01 18:47:00.000000,DIP,55,DIP,90,7.0,,0.0,34.15553409170117,3.0,5.0
wM-285,1979-12-01 00:00:00.000000,DIP,46,DIP,90,6.0,,0.0,34.15553409170117,3.0,4.0
wM-286,1959-01-01 00:00:00.000000,CAS,66,CAS,75,9.0,,0.0,37.15874184837362,3.0,6.0
wM-287,1959-01-01 00:00:00.000000,CAS,66,CAS,75,9.0,,0.0,37.33316959258621,3.0,6.0
wM-288,1959-01-01 00:00:00.000000,CAS,66,CAS,75,9.0,,0.0,37.62156028141734,3.0,6.0
wM-289,1990-01-01 17:46:00.000000,CAS,35,CAS,75,5.0,1.0,8.0,44.203664880106786,3.0,6.0
wM-290,1990-01-01 00:00:00.000000,DIP,35,DIP,90,4.0,,0.0,44.2036717792807,4.0,3.0
wM-291,1959-01-01 00:00:00.000000,CAS,66,CAS,75,9.0,,0.0,44.38293875442167,3.0,6.0
wM-294,1980-06-01 00:00:00.000000,DIP,45,DIP,90,5.0,,0.0,15.172499875833049,2.0,3.0
wM-295,1980-06-01 00:00:00.000000,DIP,45,DIP,90,5.0,,0.0,8.829110042052207,1.0,3.0
wM-296,1980-06-01 00:00:00.000000,DIP,45,DIP,90,5.0,,0.0,9.028315507242446,1.0,3.0
wM-297,1980-06-01 00:00:00.000000,DIP,45,DIP,90,5.0,,0.0,8.833376335555183,1.0,3.0
wM-298,1980-06-01 00:00:00.000000,DIP,45,DIP,90,5.0,,0.0,0.0,0.0,3.0
wM-299,1980-06-01 00:00:00.000000,DIP,45,DIP,90,5.0,,0.0,0.0,0.0,3.0
wM-300,1980-06-01 00:00:00.000000,DIP,45,DIP,90,5.0,,0.0,0.0,0.0,3.0
wM-302,1980-06-01 00:00:00.000000,DIP,45,DIP,90,5.0,,0.0,36.88299300542002,3.0,4.0
wM-305,1981-12-01 00:00:00.000000,PVC,44,PVC,100,5.0,,0.0,,0.0,3.0
wM-306,2002-12-01 00:00:00.000000,DIP,23,DIP,90,3.0,,0.0,0.1268973581008795,0.0,2.0
wM-308,2024-08-01 00:00:00.000000,DIP,1,DIP,90,1.0,,0.0,3.922794428010457,0.0,1.0
wM-309,2006-01-01 00:00:00.000000,CAS,19,CAS,75,3.0,,0.0,0.0,0.0,2.0
wM-312,2006-01-01 00:00:00.000000,CAS,19,CAS,75,3.0,,0.0,0.0,0.0,2.0
wM-317,2006-01-01 00:00:00.000000,CAS,19,CAS,75,3.0,,0.0,0.0,0.0,2.0
wM-318,2006-01-01 00:00:00.000000,DIP,19,DIP,90,3.0,,0.0,0.07261062756191854,0.0,2.0
wM-319,1983-01-01 17:43:00.000000,DIP,42,DIP,90,5.0,,0.0,0.1287553501705104,0.0,3.0
wM-320,1999-03-01 00:00:00.000000,DIP,26,DIP,90,3.0,,0.0,0.0611082643338049,0.0,2.0
wM-323,2006-01-01 00:00:00.000000,DIP,19,DIP,90,3.0,,0.0,0.08922307653710401,0.0,2.0
wM-324,1979-01-01 17:38:00.000000,CAS,46,CAS,75,7.0,,0.0,26.652609955562568,2.0,4.0
wM-325,2005-01-01 15:35:00.000000,DIP,20,DIP,90,3.0,,0.0,12.329268731693313,1.0,2.0
wM-328,1980-06-01 00:00:00.000000,DIP,45,DIP,90,5.0,,0.0,24.153272706538573,2.0,3.0
wM-330,2005-05-01 00:00:00.000000,DIP,20,DIP,90,3.0,,0.0,0.0,0.0,2.0
wM-331,2005-05-01 00:00:00.000000,DIP,20,DIP,90,3.0,,0.0,0.0,0.0,2.0
wM-332,2005-05-01 00:00:00.000000,DIP,20,DIP,90,3.0,,0.0,0.0,0.0,2.0
wM-333,2005-05-01 00:00:00.000000,DIP,20,DIP,90,3.0,,0.0,0.0,0.0,2.0
wM-335,1960-01-01 00:00:00.000000,SP,65,SP,100,7.0,,0.0,,0.0,4.0
wM-336,1981-05-01 00:00:00.000000,DIP,44,DIP,90,5.0,,0.0,0.0,0.0,3.0
wM-338,2003-12-01 00:00:00.000000,DIP,22,DIP,90,3.0,,0.0,0.0,0.0,2.0
wM-339,1983-01-01 16:32:00.000000,DIP,42,DIP,90,5.0,,0.0,0.0,0.0,3.0
wM-340,2002-12-01 00:00:00.000000,DIP,23,DIP,90,3.0,,0.0,0.0,0.0,2.0
wM-341,2002-12-01 00:00:00.000000,PVC,23,PVC,100,3.0,,0.0,,0.0,2.0
wM-342,2002-12-01 00:00:00.000000,PVC,23,PVC,100,3.0,,0.0,,0.0,2.0
wM-344,2002-12-01 00:00:00.000000,DIP,23,DIP,90,3.0,,0.0,0.0,0.0,2.0
wM-345,2002-12-01 00:00:00.000000,DIP,23,DIP,90,3.0,,0.0,0.0,0.0,2.0
wM-347,1973-01-01 14:41:00.000000,CAS,52,CAS,75,7.0,,0.0,7.516850498228431,1.0,4.0
wM-351,2001-12-01 00:00:00.000000,PVC,24,PVC,100,3.0,,0.0,,0.0,2.0
wM-354,1995-01-01 18:18:00.000000,DIP,30,DIP,90,4.0,,0.0,20.56501742994426,2.0,3.0
wM-355,1995-01-01 18:17:00.000000,DIP,30,DIP,90,4.0,,0.0,3.135844163883438,0.0,2.0
wM-357,1995-01-01 18:16:00.000000,DIP,30,DIP,90,4.0,,0.0,2.6843513865479176,0.0,2.0
wM-359,1971-01-01 15:55:00.000000,CAS,54,CAS,75,8.0,,0.0,2.510409149065393,0.0,4.0
wM-361,1995-01-29 18:17:00.000000,DIP,30,DIP,90,4.0,,0.0,2.7146228995640698,0.0,2.0
wM-362,1980-06-01 00:00:00.000000,DIP,45,DIP,90,5.0,,0.0,0.0,0.0,3.0
wM-363,1980-06-01 00:00:00.000000,DIP,45,DIP,90,5.0,,0.0,0.0,0.0,3.0
wM-364,1980-06-01 00:00:00.000000,DIP,45,DIP,90,5.0,,0.0,0.0,0.0,3.0
wM-365,1980-06-01 00:00:00.000000,DIP,45,DIP,90,5.0,,0.0,0.0,0.0,3.0
wM-366,1980-06-01 00:00:00.000000,DIP,45,DIP,90,5.0,,0.0,0.0,0.0,3.0
wM-367,1980-06-01 00:00:00.000000,DIP,45,DIP,90,5.0,,0.0,0.0,0.0,3.0
wM-369,1980-06-01 00:00:00.000000,DIP,45,DIP,90,5.0,,0.0,0.0,0.0,3.0
wM-370,1980-06-01 00:00:00.000000,DIP,45,DIP,90,5.0,,0.0,0.0,0.0,3.0
wM-371,1980-06-01 00:00:00.000000,DIP,45,DIP,90,5.0,,0.0,0.0,0.0,3.0
wM-372,1980-06-01 00:00:00.000000,DIP,45,DIP,90,5.0,,0.0,0.0,0.0,3.0
wM-373,1980-06-01 00:00:00.000000,DIP,45,DIP,90,5.0,,0.0,1.6414278819528227,0.0,3.0
wM-374,1967-01-01 19:37:00.000000,CAS,58,CAS,75,8.0,,0.0,0.7911312193827544,0.0,4.0
wM-375,1970-01-01 00:00:00.000000,CAS,55,CAS,75,8.0,,0.0,4.107506076633891,1.0,5.0
wM-377,1980-06-01 00:00:00.000000,DIP,45,DIP,90,5.0,,0.0,10.491732773402013,1.0,3.0
wM-379,1980-06-01 00:00:00.000000,DIP,45,DIP,90,5.0,,0.0,10.790432227635764,1.0,3.0
wM-380,1980-06-01 00:00:00.000000,CAS,45,CAS,75,6.0,,0.0,11.022959316782101,1.0,4.0
wM-381,1980-06-01 00:00:00.000000,DIP,45,DIP,90,5.0,,0.0,10.934327120708124,1.0,3.0
wM-383,1970-01-01 00:00:00.000000,CAS,55,CAS,75,8.0,,0.0,22.640447140594475,2.0,5.0
wM-384,1979-05-01 00:00:00.000000,DIP,46,DIP,90,6.0,,0.0,17.646032781611225,2.0,4.0
wM-385,1980-06-01 00:00:00.000000,DIP,45,DIP,90,5.0,,0.0,4.079945961876643,0.0,3.0
wM-386,1980-06-01 00:00:00.000000,DIP,45,DIP,90,5.0,,0.0,4.0567852940710365,0.0,3.0
wM-387,1979-01-01 00:00:00.000000,CAS,46,CAS,75,7.0,,0.0,3.994429224175594,1.0,4.0
wM-389,1980-06-01 00:00:00.000000,DIP,45,DIP,90,5.0,,0.0,33.01684305213138,3.0,4.0
wM-391,1980-06-01 00:00:00.000000,DIP,45,DIP,90,5.0,,0.0,30.477124543408117,3.0,4.0
wM-393,1980-06-01 00:00:00.000000,DIP,45,DIP,90,5.0,,0.0,14.391363985766828,1.0,3.0
wM-396,1980-05-31 17:07:00.000000,DIP,45,DIP,90,5.0,,0.0,51.973995162536134,4.0,4.0
wM-398,1980-01-01 00:00:00.000000,DIP,45,DIP,90,5.0,,0.0,18.904661357703155,2.0,3.0
wM-399,1980-05-31 17:08:00.000000,DIP,45,DIP,90,5.0,,0.0,19.117728002084256,2.0,3.0
wM-400,2005-05-01 00:00:00.000000,DIP,20,DIP,90,3.0,,0.0,15.990887973041298,2.0,2.0
wM-401,1980-06-01 00:00:00.000000,DIP,45,DIP,90,5.0,,0.0,15.490540253065245,2.0,3.0
wM-402,1980-05-31 17:09:00.000000,DIP,45,DIP,90,5.0,,0.0,18.786847188321225,2.0,3.0
wM-404,1980-05-31 17:09:00.000000,DIP,45,DIP,90,5.0,,0.0,16.17190995515041,2.0,3.0
wM-405,1980-01-01 00:00:00.000000,DIP,45,DIP,90,5.0,,0.0,3.6113687912232777,0.0,3.0
wM-406,2005-01-01 00:00:00.000000,DIP,20,DIP,90,3.0,,0.0,2.970438640832616,0.0,2.0
wM-407,2003-12-01 00:00:00.000000,DIP,22,DIP,90,3.0,,0.0,0.0,0.0,2.0
wM-409,2006-01-01 00:00:00.000000,DIP,19,DIP,90,3.0,,0.0,0.06218981320596889,0.0,2.0
wM-410,2005-05-01 00:00:00.000000,DIP,20,DIP,90,3.0,,0.0,0.0,0.0,2.0
wM-411,2005-05-01 00:00:00.000000,DIP,20,DIP,90,3.0,,0.0,48.78651322064697,4.0,3.0
wM-412,2005-05-01 00:00:00.000000,DIP,20,DIP,90,3.0,,0.0,0.0,0.0,2.0
wM-413,2005-05-01 00:00:00.000000,DIP,20,DIP,90,3.0,,0.0,0.0,0.0,2.0
wM-414,1995-01-01 00:00:00.000000,DIP,30,DIP,90,4.0,,0.0,0.0,0.0,2.0
wM-418,2002-12-01 00:00:00.000000,DIP,23,DIP,90,3.0,,0.0,0.0,0.0,2.0
wM-419,2001-12-01 00:00:00.000000,PVC,24,PVC,100,3.0,,0.0,,0.0,2.0
wM-420,2002-12-01 00:00:00.000000,DIP,23,DIP,90,3.0,,0.0,0.002701975156798034,0.0,2.0
wM-421,1979-01-01 16:29:00.000000,CAS,46,CAS,75,7.0,,0.0,3.4149918000669817,1.0,4.0
wM-422,2002-12-01 00:00:00.000000,DIP,23,DIP,90,3.0,,0.0,0.0,0.0,2.0
wM-424,1980-06-01 00:00:00.000000,DIP,45,DIP,90,5.0,,0.0,0.0,0.0,3.0
wM-425,2003-12-01 00:00:00.000000,DIP,22,DIP,90,3.0,,0.0,0.0,0.0,2.0
wM-426,2003-12-01 00:00:00.000000,DIP,22,DIP,90,3.0,,0.0,0.0,0.0,2.0
wM-427,2003-12-01 00:00:00.000000,DIP,22,DIP,90,3.0,,0.0,0.5082936585371008,0.0,2.0
wM-430,2005-01-01 00:00:00.000000,DIP,20,DIP,90,3.0,,0.0,2.9425506999717905,0.0,2.0
wM-433,2005-05-01 00:00:00.000000,DIP,20,DIP,90,3.0,,0.0,36.489371502842324,3.0,3.0
wM-434,2005-05-01 00:00:00.000000,DIP,20,DIP,90,3.0,,0.0,0.0,0.0,2.0
wM-437,2005-05-01 00:00:00.000000,DIP,20,DIP,90,3.0,,0.0,0.6379041044637924,0.0,2.0
wM-438,2005-05-01 00:00:00.000000,DIP,20,DIP,90,3.0,,0.0,0.6876059657392104,0.0,2.0
wM-439,2005-05-01 00:00:00.000000,DIP,20,DIP,90,3.0,,0.0,0.64737363479351,0.0,2.0
wM-440,2005-05-01 00:00:00.000000,DIP,20,DIP,90,3.0,,0.0,37.583528121803496,3.0,3.0
wM-441,2005-05-01 00:00:00.000000,DIP,20,DIP,90,3.0,,0.0,36.71613330295225,3.0,3.0
wM-442,2005-01-01 00:00:00.000000,DIP,20,DIP,90,3.0,,0.0,0.543661494483134,0.0,2.0
wM-443,2005-01-01 00:00:00.000000,DIP,20,DIP,90,3.0,,0.0,0.543661494483134,0.0,2.0
wM-444,1979-01-01 00:00:00.000000,CAS,46,CAS,75,7.0,,0.0,4.276983031545816,1.0,4.0
wM-446,1976-01-01 00:00:00.000000,CAS,49,CAS,75,7.0,,0.0,0.002807917334481213,0.0,4.0
wM-447,1979-01-01 00:00:00.000000,CAS,46,CAS,75,7.0,,0.0,4.397381404187674,1.0,4.0
wM-448,1980-06-01 00:00:00.000000,CAS,45,CAS,75,6.0,,0.0,4.397381404187674,1.0,4.0
wM-449,1970-01-01 00:00:00.000000,CAS,55,CAS,75,8.0,,0.0,22.63230677704196,2.0,5.0
wM-451,2005-01-01 00:00:00.000000,DIP,20,DIP,90,3.0,,0.0,12.482604358824638,1.0,2.0
wM-452,2005-05-01 00:00:00.000000,DIP,20,DIP,90,3.0,,0.0,0.0,0.0,2.0
wM-453,1980-06-01 00:00:00.000000,DIP,45,DIP,90,5.0,,0.0,12.781741041868496,1.0,3.0
wM-454,1980-06-01 00:00:00.000000,DIP,45,DIP,90,5.0,,0.0,4.0282597192873215,0.0,3.0
wM-455,1978-01-01 18:34:00.000000,PVC,47,PVC,100,5.0,,0.0,,0.0,3.0
wM-456,2002-12-01 00:00:00.000000,DIP,23,DIP,90,3.0,,0.0,13.082383219759127,1.0,2.0
wM-457,1980-06-01 00:00:00.000000,DIP,45,DIP,90,5.0,,0.0,12.977908425095663,1.0,3.0
wM-458,2002-12-01 00:00:00.000000,DIP,23,DIP,90,3.0,,0.0,19.988807073737807,2.0,2.0
wM-459,2002-12-01 00:00:00.000000,DIP,23,DIP,90,3.0,,0.0,21.148597259627305,2.0,2.0
wM-460,2002-12-01 00:00:00.000000,DIP,23,DIP,90,3.0,,0.0,19.90706069297571,2.0,2.0
wM-461,1980-06-01 00:00:00.000000,DIP,45,DIP,90,5.0,,0.0,13.188641769465686,1.0,3.0
wM-462,2002-12-01 00:00:00.000000,DIP,23,DIP,90,3.0,,0.0,0.15673806935500717,0.0,2.0
wM-463,2002-12-01 00:00:00.000000,DIP,23,DIP,90,3.0,,0.0,0.17205821188982504,0.0,2.0
wM-464,1980-06-01 00:00:00.000000,DIP,45,DIP,90,5.0,,0.0,36.83721975267417,3.0,4.0
wM-465,1980-06-01 00:00:00.000000,PVC,45,PVC,100,5.0,,0.0,,0.0,3.0
wM-466,1998-01-01 00:00:00.000000,CAS,27,CAS,75,4.0,,0.0,0.0,0.0,2.0
wM-468,1980-01-01 18:52:00.000000,DIP,45,DIP,90,5.0,,0.0,0.0,0.0,3.0
wM-469,1984-12-01 00:00:00.000000,PVC,41,PVC,100,5.0,,0.0,,0.0,3.0
wM-470,1985-01-01 18:49:00.000000,DIP,40,DIP,90,5.0,,0.0,158.4526324717891,8.0,5.0
wM-471,2024-08-01 00:00:00.000000,DIP,1,DIP,90,1.0,,0.0,160.07572686602666,8.0,3.0
wM-472,1980-01-01 18:11:00.000000,DIP,45,DIP,90,5.0,,0.0,12.025130950087307,1.0,3.0
wM-473,1980-01-01 18:12:00.000000,DIP,45,DIP,90,5.0,,0.0,16.092411320996987,2.0,3.0
wM-474,1980-01-01 00:00:00.000000,DIP,45,DIP,90,5.0,,0.0,16.15958848898836,2.0,3.0
wM-475,2002-12-01 00:00:00.000000,DIP,23,DIP,90,3.0,,0.0,8.97806826335609,1.0,2.0
wM-476,2002-12-01 00:00:00.000000,DIP,23,DIP,90,3.0,,0.0,8.956055510744122,1.0,2.0
wM-477,2002-12-01 00:00:00.000000,PVC,23,PVC,100,3.0,,0.0,,0.0,2.0
wM-478,2002-12-01 00:00:00.000000,DIP,23,DIP,90,3.0,,0.0,20.840680832745726,2.0,2.0
wM-480,1999-04-01 00:00:00.000000,DIP,26,DIP,90,3.0,,0.0,24.410708602023238,2.0,2.0
wM-481,2002-12-01 00:00:00.000000,DIP,23,DIP,90,3.0,,0.0,22.07529811712123,2.0,2.0
wM-482,1995-01-01 18:18:00.000000,DIP,30,DIP,90,4.0,,0.0,20.900647792314807,2.0,3.0
wM-483,1995-01-29 18:19:00.000000,DIP,30,DIP,90,4.0,,0.0,20.981374801361802,2.0,3.0
wM-484,1997-01-01 00:00:00.000000,PVC,28,PVC,100,3.0,,0.0,,0.0,2.0
wM-485,2002-12-01 00:00:00.000000,DIP,23,DIP,90,3.0,,0.0,0.0,0.0,2.0
wM-486,2002-12-01 00:00:00.000000,DIP,23,DIP,90,3.0,,0.0,0.0,0.0,2.0
wM-487,2002-12-01 00:00:00.000000,DIP,23,DIP,90,3.0,,0.0,8.343297737987502,1.0,2.0
wM-488,2002-12-01 00:00:00.000000,DIP,23,DIP,90,3.0,,0.0,7.333680266489539,1.0,2.0
wM-489,1980-06-01 00:00:00.000000,DIP,45,DIP,90,5.0,,0.0,13.045101163431944,1.0,3.0
wM-490,2002-12-01 00:00:00.000000,DIP,23,DIP,90,3.0,,0.0,1.29270035157188,0.0,2.0
wM-491,2002-12-01 00:00:00.000000,DIP,23,DIP,90,3.0,,0.0,0.1478932562394154,0.0,2.0
wM-492,2002-12-01 00:00:00.000000,DIP,23,DIP,90,3.0,,0.0,0.0,0.0,2.0
wM-493,1967-01-01 19:37:00.000000,CAS,58,CAS,75,8.0,,0.0,0.0,0.0,4.0
wM-494,1967-01-01 19:37:00.000000,CAS,58,CAS,75,8.0,,0.0,0.0,0.0,4.0
wM-495,1967-01-01 00:00:00.000000,CAS,58,CAS,75,8.0,,0.0,0.8135606618734182,0.0,4.0
wM-496,1970-01-01 17:26:00.000000,CAS,55,CAS,75,8.0,,0.0,0.8135606618734182,0.0,4.0
wM-497,1980-06-01 00:00:00.000000,DIP,45,DIP,90,5.0,,0.0,8.829110042052207,1.0,3.0
wM-498,1980-06-01 00:00:00.000000,DIP,45,DIP,90,5.0,,0.0,4.107506076633891,0.0,3.0
wM-501,1999-03-01 00:00:00.000000,DIP,26,DIP,90,3.0,,0.0,0.0,0.0,2.0
wM-506,1999-03-01 00:00:00.000000,DIP,26,DIP,90,3.0,,0.0,0.0,0.0,2.0
wM-507,1999-03-01 00:00:00.000000,CAS,26,CAS,75,4.0,,0.0,0.0,0.0,2.0
wM-509,1999-03-01 00:00:00.000000,CAS,26,CAS,75,4.0,,0.0,0.0,0.0,2.0
wM-510,1999-03-01 00:00:00.000000,CAS,26,CAS,75,4.0,,0.0,0.0,0.0,2.0
wM-511,1999-03-01 00:00:00.000000,CAS,26,CAS,75,4.0,,0.0,0.0,0.0,2.0
wM-512,1995-01-01 00:00:00.000000,DIP,30,DIP,90,4.0,,0.0,0.0,0.0,2.0
wM-513,1995-01-01 00:00:00.000000,DIP,30,DIP,90,4.0,,0.0,0.0,0.0,2.0
wM-514,2003-01-01 18:23:00.000000,DIP,22,DIP,90,3.0,,0.0,4.522526744643209,0.0,2.0
wM-515,1995-01-01 00:00:00.000000,DIP,30,DIP,90,4.0,,0.0,0.0,0.0,2.0
wM-516,2005-05-01 00:00:00.000000,DIP,20,DIP,90,3.0,,0.0,1.4514294832561307,0.0,2.0
wM-517,2005-05-01 00:00:00.000000,DIP,20,DIP,90,3.0,,0.0,0.5670804427245675,0.0,2.0
wM-128,1955-01-01 00:00:00.000000,CAS,70,CAS,75,10.0,2.0,10.0,74.41658444694755,6.0,9.0
wM-519,1971-01-01 18:35:00.000000,CAS,54,CAS,75,8.0,,0.0,29.996717929628005,3.0,5.0
wM-520,1983-01-01 17:44:00.000000,CAS,42,CAS,75,6.0,,0.0,31.142901671621523,3.0,4.0
wM-526,2024-01-01 00:00:00.000000,DIP,1,DIP,90,1.0,,0.0,31.632582474190748,3.0,2.0
wM-527,2024-01-01 00:00:00.000000,DIP,1,DIP,90,1.0,,0.0,31.61179351529739,3.0,2.0
wM-530,2024-01-01 00:00:00.000000,DIP,1,DIP,90,1.0,,0.0,30.87157269179846,3.0,2.0
wM-531,2024-01-01 00:00:00.000000,DIP,1,DIP,90,1.0,,0.0,30.818086361538597,3.0,2.0
wM-532,2024-01-01 00:00:00.000000,DIP,1,DIP,90,1.0,,0.0,9.549652084177932,1.0,1.0
wM-535,2024-01-01 00:00:00.000000,DIP,1,DIP,90,1.0,,0.0,31.228473563301367,3.0,2.0
wM-536,2024-01-01 00:00:00.000000,DIP,1,DIP,90,1.0,,0.0,30.68564790249035,3.0,2.0
wM-537,2024-01-01 00:00:00.000000,DIP,1,DIP,90,1.0,,0.0,30.87157269179846,3.0,2.0
wM-538,2024-01-01 00:00:00.000000,DIP,1,DIP,90,1.0,,0.0,8.12684509760034,1.0,1.0
wM-539,2024-01-01 00:00:00.000000,DIP,1,DIP,90,1.0,,0.0,7.768624035509678,1.0,1.0
wM-541,2024-01-01 00:00:00.000000,DIP,1,DIP,90,1.0,,0.0,7.743054840415863,1.0,1.0
wM-542,2024-01-01 00:00:00.000000,DIP,1,DIP,90,1.0,,0.0,5.015987320314408,0.0,1.0
wM-30,2024-08-01 00:00:00.000000,DIP,1,DIP,90,1.0,,0.0,0.0,0.0,1.0
wM-14,2024-08-01 00:00:00.000000,DIP,1,DIP,90,1.0,,0.0,140.6398021566872,7.0,3.0
wM-218,2024-08-01 00:00:00.000000,DIP,1,DIP,90,1.0,,0.0,140.6398021566872,7.0,3.0
wM-226,2024-08-01 00:00:00.000000,DIP,1,DIP,90,1.0,,0.0,122.68881740095091,6.0,2.0
wM-144,2024-08-01 00:00:00.000000,DIP,1,DIP,90,1.0,,0.0,122.70855870324252,6.0,2.0
wM-549,2024-08-01 00:00:00.000000,DIP,1,DIP,90,1.0,,0.0,4.6781491571595435,0.0,1.0
wM-590,1979-01-01 00:00:00.000000,CAS,46,CAS,75,7.0,,0.0,0.12003367758416188,0.0,4.0
