OBJECTID,facilityid,installdate,material,diameter,LENGTH,Major_Intersection,Major_Road,Minor_Intersection,Minor_Road,Buildings,Railroad,ROW,WaterAreas
387,wM-521,,,4,,,,,,,,,
1,wM-1,2009-06-01 00:00:00.000000,DIP,6,788.0,0.0,0.0,305.62600977892515,0.0,38.69206430353049,2901.335543167569,0.0,1843.927533306204
2,wM-2,1968-01-01 17:28:00.000000,CAS,6,554.0,0.0,0.0,388.49580657392886,0.0,97.94045998034188,2340.502489703857,0.0,2270.412650127271
3,wM-3,2000-01-01 17:13:00.000000,PVC,12,7.0,169.43347340536235,0.0,784.9951627424625,186.82328801306403,100.166290512613,2336.8832954353534,0.0,2549.4195068018544
4,wM-4,1968-01-01 00:00:00.000000,CAS,6,4.0,169.43347340536235,0.0,791.9131704847154,186.86505630697667,100.166290512613,2336.8832954353534,0.0,2549.4195068018544
5,wM-5,2009-06-01 00:00:00.000000,DIP,6,4.0,165.31750948097607,0.0,790.654080910475,182.72442860110172,100.166290512613,2332.747178956364,0.0,2546.1252998619248
6,wM-6,2009-06-01 00:00:00.000000,DIP,6,367.0,0.0,0.0,452.24335982419046,0.0,39.5324814143935,1776.4754824420932,0.0,2107.486274445004
7,wM-7,2009-06-01 00:00:00.000000,DIP,6,5.0,0.0,0.0,714.7511764401262,0.0,79.30112560043963,2143.234736011381,0.0,2391.195413302669
8,wM-8,2009-06-01 00:00:00.000000,DIP,6,190.0,0.0,0.0,714.7511764401262,0.0,76.56219302268715,2143.234736011381,0.0,2391.195413302669
9,wM-9,2024-08-01 00:00:00.000000,DIP,4,775.0,17.970903893156528,34.708896214206035,0.0,0.0,78.83976341271963,2134.3346252549563,0.0,1917.6332198154696
10,wM-10,2024-08-01 00:00:00.000000,DIP,4,7.0,791.4927055072352,809.2985994699081,0.0,0.0,79.77385179037418,2134.3346252549563,0.0,1915.7649977799624
11,wM-11,2024-08-01 00:00:00.000000,DIP,12,4.0,791.4927055072352,809.2985994699081,0.0,0.0,82.00500093246364,2134.229300610478,0.0,1914.098119732471
12,wM-12,2024-08-01 00:00:00.000000,DIP,4,431.0,798.943758923029,816.7496056888467,0.0,0.0,30.15621857541645,2126.697011631093,0.0,1501.1619605732735
13,wM-13,2024-08-01 00:00:00.000000,DIP,4,94.0,1230.4272218423366,1248.2322124348643,0.0,0.0,68.26628196507087,2121.6606535716123,0.0,1415.657574421335
14,wM-544,1969-01-01 18:09:00.000000,CAS,12,663.0,1368.1355707817415,1385.9333518182616,0.0,0.0,15.341865140067757,2121.769186567767,0.0,801.9335846375254
15,wM-16,2024-08-01 00:00:00.000000,DIP,4,329.0,937.1623851694894,941.7311192263347,0.0,0.0,63.99983351859797,2704.433407006544,0.0,1307.1785330083146
16,wM-17,2014-01-01 18:46:00.000000,DIP,6,620.0,0.0,0.0,274.8785782226159,0.0,29.04041125242925,1117.802186454122,0.0,1683.2133943916144
17,wM-18,,,4,4.0,0.0,0.0,432.17886086825206,0.0,57.27293818914062,1736.000537355351,0.0,2077.8934572842727
18,wM-19,2009-01-01 00:00:00.000000,DIP,6,40.0,0.0,0.0,432.17886086825206,0.0,50.2764543169255,1736.000537355351,0.0,2077.8934572842727
19,wM-20,1955-01-01 00:00:00.000000,CAS,6,7.0,0.0,0.0,381.4107213628116,0.0,97.94045998034188,2894.846127869362,0.0,2263.406157248467
20,wM-21,2009-06-01 00:00:00.000000,DIP,6,6.0,0.0,0.0,384.7157796155876,0.0,93.6978706844089,2894.846127869362,0.0,2267.3460037209966
21,wM-22,1979-12-01 00:00:00.000000,DIP,6,928.0,486.1133600713568,360.9543716922672,93.5578121395981,0.0,12.141198126262736,3921.344317382566,0.0,646.3984843716994
22,wM-25,1979-12-01 00:00:00.000000,DIP,6,171.0,386.0743100709903,354.43194419028447,0.0,0.0,43.00829139738516,3892.908302227316,0.0,1384.8924621119088
23,wM-26,1979-12-01 00:00:00.000000,DIP,6,7.0,481.7632036942613,354.432215829075,92.93853761482029,0.0,65.90359120726036,4063.415040894092,0.0,1378.737027835896
24,wM-27,1979-12-01 00:00:00.000000,DIP,6,180.0,481.76287996303614,350.0904012322818,0.0,0.0,70.36036053181815,4064.067355693208,0.0,1350.1461107161435
25,wM-28,2024-08-01 00:00:00.000000,DIP,4,366.0,1222.766311171458,1239.5941620019507,0.0,0.0,57.19789549617765,2909.7690943614807,0.0,915.5884326646049
26,wM-548,1985-01-01 18:23:00.000000,DIP,8,695.0,1957.4946954113427,1956.9585854173847,0.0,0.0,37.88360384440176,2783.836658882298,0.0,414.9952721514242
27,wM-32,1984-11-01 00:00:00.000000,PVC,6,512.0,1521.9783992418645,1539.7425816207588,0.0,0.0,54.79204183904053,3118.9908521703574,0.0,413.1458200494761
28,wM-33,1985-01-29 18:24:00.000000,DIP,8,8.0,1953.6034385542985,1952.368911036005,0.0,0.0,102.68810379401654,3410.470467549112,0.0,413.1458200494761
29,wM-34,1984-12-01 00:00:00.000000,PVC,6,139.0,1953.6034385542985,1952.368911036005,0.0,0.0,61.63708364305884,3416.932204914768,0.0,279.76665288865854
30,wM-35,1984-12-01 00:00:00.000000,PVC,6,418.0,1795.9334385858078,1805.5980412509175,0.0,0.0,55.361104972686555,3496.6411471337046,0.0,215.53214819010495
31,wM-36,2024-08-01 00:00:00.000000,DIP,4,648.0,1520.8818564427631,1538.6023605882463,0.0,0.0,41.80116321048093,2576.0762075142206,0.0,747.4063164269386
32,wM-37,2024-08-01 00:00:00.000000,DIP,4,4.0,1518.6745153338572,1536.4219934843486,0.0,0.0,79.26947631495679,3113.544691084429,0.0,915.5884326646049
33,wM-38,2024-08-01 00:00:00.000000,DIP,6,4.0,1518.6745153338572,1536.4219934843486,0.0,0.0,79.24256198839622,3116.676301692975,0.0,911.622596011304
34,wM-39,1956-01-01 00:00:00.000000,CAS,6,222.0,1131.8727326088608,1149.158277376034,0.0,0.0,59.22607323194042,3665.4401335025145,0.0,694.5781572878724
35,wM-40,1956-01-01 00:00:00.000000,CAS,6,336.0,784.3864260673149,765.6752542929016,0.0,0.0,37.08682585347905,3397.417298815358,0.0,1034.7094455717563
36,wM-41,1955-01-01 18:16:00.000000,CAS,4,447.0,372.9409535129512,363.1719581056113,0.0,0.0,36.663373179778574,3395.523976638164,0.0,1359.1130786295691
37,wM-43,2002-12-01 00:00:00.000000,DIP,8,499.0,0.0,0.0,537.7501442549666,6.650637236318284,45.54526964538138,315.9722039441542,0.0,1594.054285141347
38,wM-44,1995-01-01 18:42:00.000000,DIP,8,12.0,0.0,0.0,594.8059358234034,0.0,82.33042338425874,315.61670900964515,0.0,1823.1353329589351
39,wM-45,1958-01-01 16:22:00.000000,CAS,4,523.0,370.965778457898,388.2614992408082,0.0,0.0,14.56317740321292,1071.3002611388724,0.0,1661.4386076901408
40,wM-46,1958-01-01 00:00:00.000000,CAS,4,378.0,87.03370185949686,80.21611072712012,0.0,0.0,14.480211121436232,756.4664420632283,0.0,1844.081368294468
41,wM-47,1958-01-01 00:00:00.000000,CAS,6,2.0,86.92026393991934,80.21611072712012,0.0,0.0,75.5579150273467,756.4664420632283,0.0,1843.2338796376291
42,wM-48,1958-01-01 00:00:00.000000,CAS,4,2.0,85.06871333312179,78.58067880609589,0.0,0.0,75.5579150273467,754.8540226027153,0.0,1842.3116226880009
43,wM-49,1980-06-01 00:00:00.000000,DIP,8,493.0,0.0,0.0,26.000251705660883,0.0,12.44677053929312,715.981617415455,0.0,1273.2922674202287
44,wM-53,1980-06-01 00:00:00.000000,DIP,12,33.0,1.683122801413395,0.0,289.7765335350755,0.0,50.80391373757524,1000.925337400254,0.0,1276.5198727062068
45,wM-54,1980-06-01 00:00:00.000000,DIP,12,4.0,0.0,0.0,299.25147086004705,0.0,53.08570746155934,1014.07617020594,0.0,1276.5198727062068
46,wM-55,1980-06-01 00:00:00.000000,DIP,12,28.0,0.0,0.0,304.8633380349698,0.0,53.01916298765373,1020.2429181573964,0.0,1278.319262627276
47,wM-57,1980-06-01 00:00:00.000000,DIP,12,6.0,0.0,0.0,302.80788777835755,0.0,50.806674438574404,1017.6616112992782,0.0,1279.577060647868
48,wM-59,2002-12-01 00:00:00.000000,DIP,8,808.0,0.0,0.0,334.45546121873053,0.0,19.418152264040167,710.4844500745465,0.0,1149.15634375407
49,wM-61,2002-12-01 00:00:00.000000,DIP,8,616.0,0.0,0.0,346.4311001246245,0.0,21.440583277989614,715.6389237123593,0.0,1587.947057473867
50,wM-62,1998-01-29 18:41:00.000000,DIP,12,397.0,0.0,0.0,358.604051470436,0.619172368384699,29.242892267788577,320.6636273482895,0.0,1845.504774077356
51,wM-63,2005-05-01 00:00:00.000000,DIP,12,5.0,0.0,0.0,617.7242356281351,0.600020248201519,76.02855627518623,315.86059646684475,0.0,1843.293367514931
52,wM-64,2005-05-01 00:00:00.000000,DIP,8,6.0,0.0,0.0,617.7358695784262,0.600205702265778,72.92591938953741,315.86087419748605,0.0,1843.2936559055208
53,wM-65,2002-12-01 00:00:00.000000,DIP,8,17.0,0.0,0.0,355.03323543177385,0.0,51.23027641405498,720.5168341978476,0.0,2043.8000778078413
54,wM-67,2002-12-01 00:00:00.000000,DIP,8,691.0,0.0,0.0,355.43170072859647,4.975008086524983,5.204029215642406,717.5244032431647,0.0,1500.69339698769
55,wM-68,2002-12-01 00:00:00.000000,DIP,8,6.0,0.0,0.0,460.10688759743033,370.0920996482323,44.6823425356305,717.5244032431647,0.0,1495.2092062125723
56,wM-69,,,8,11.0,0.0,0.0,450.232515057158,359.2216238355048,37.94397269122375,717.5698052720516,0.0,1495.2092062125723
57,wM-70,2001-12-01 00:00:00.000000,PVC,8,46.0,0.0,0.0,460.10688759743033,355.1239672608827,14.752129536392996,672.0700691533915,0.0,1477.9989134391199
58,wM-72,2002-12-01 00:00:00.000000,DIP,8,5.0,0.0,0.0,457.1768510841356,370.03701060071046,46.557834762084745,717.5698052720516,0.0,1490.9370203701196
59,wM-73,2002-12-01 00:00:00.000000,DIP,12,679.0,0.0,0.0,350.2428241849326,0.0,6.682707597298323,702.824234088224,0.0,769.6740981430138
60,wM-74,2002-12-01 00:00:00.000000,DIP,12,792.0,0.0,0.0,350.09272209470953,0.0,26.748872110739168,702.5272965955373,0.0,465.13257997462046
61,wM-75,2002-12-01 00:00:00.000000,DIP,8,620.0,0.0,0.0,353.2685915945681,0.0,44.57671658039118,702.1115811555602,0.0,484.1201242665836
62,wM-76,2002-12-01 00:00:00.000000,DIP,8,309.0,0.0,0.0,358.11743773332074,0.0,86.75017543360234,700.9058694709133,0.0,815.8383228440437
63,wM-77,1988-01-01 00:00:00.000000,DIP,6,755.0,389.9515203831672,364.06454117904224,0.0,0.0,39.11463170677232,3588.84363624559,0.0,1034.7094455717563
64,wM-78,1956-01-01 18:19:00.000000,CAS,6,6.0,1026.7342293366949,1038.5317035656014,0.0,0.0,76.95104319661863,3588.84363624559,0.0,1029.0784308490893
65,wM-79,2024-08-01 00:00:00.000000,DIP,4,600.0,791.5653708802157,807.5888199670666,0.0,0.0,35.58327416132446,2140.8592019805383,0.0,1661.4338058855883
66,wM-81,2024-08-01 00:00:00.000000,DIP,4,4.0,795.183994964148,812.989852815254,0.0,0.0,79.57875497244899,2134.1561874760087,0.0,1910.4885975170328
67,wM-90,1979-12-01 00:00:00.000000,DIP,6,2.0,385.2332987490847,358.5525294670199,0.0,0.0,55.47692942802061,3890.9078478016704,0.0,1434.075167891028
68,wM-91,1988-01-01 00:00:00.000000,DIP,4,5.0,385.2332987490847,358.60073284944895,0.0,0.0,53.1620423856564,3890.409558526664,0.0,1429.8426551187683
69,wM-93,1956-01-01 00:00:00.000000,CAS,6,7.0,1131.8727326088608,1149.158277376034,109.37459485568716,0.0,60.33311077766693,3659.666838904948,0.0,903.4503422545296
70,wM-94,1956-01-01 18:19:00.000000,CAS,6,130.0,1031.1547458184525,1043.3246459522104,0.0,0.0,49.45995931730715,3592.206041480311,0.0,905.5988875254861
71,wM-100,1979-05-01 00:00:00.000000,DIP,6,1280.0,0.0,0.0,0.0,0.0,44.17660591084789,820.6002795839889,0.0,1520.7620984288694
72,wM-102,1980-05-31 17:06:00.000000,DIP,8,405.0,0.0,0.0,27.8236062217223,0.0,23.890490939799367,651.9410613334361,0.0,1328.3460766951976
73,wM-103,1980-05-31 00:00:00.000000,DIP,8,5.0,0.0,0.0,199.66227872941127,0.0,22.052360160127765,646.5427236023478,0.0,1613.4124615810172
74,wM-104,2004-12-01 00:00:00.000000,DIP,6,0.0,0.0,0.0,199.29860241546731,0.0,23.51003513046445,651.9341959024919,0.0,1616.1095784782503
75,wM-105,1980-06-01 00:00:00.000000,DIP,6,5.0,0.0,0.0,21.898099252420533,0.0,74.70446593740738,712.0271502674683,0.0,1321.8878491570313
76,wM-106,1980-05-31 00:00:00.000000,DIP,8,6.0,0.0,0.0,26.71830715904247,0.0,76.97680628020542,712.2861607943131,0.0,1326.5385582281613
77,wM-109,1981-12-01 00:00:00.000000,PVC,6,553.0,585.7597007575132,162.74694759266987,1261.512127765406,603.5118222965352,306.63727497582545,1520.4875988457143,0.0,2389.4043263295384
78,wM-110,1981-12-01 00:00:00.000000,PVC,6,12.0,585.7597007575132,162.74694759266987,1253.6710779846355,603.5118222965352,305.13027554616366,1520.4875988457143,0.0,2385.049073652905
79,wM-112,1959-01-01 18:52:00.000000,CAS,4,790.0,367.87628822421055,385.4949734889402,0.0,0.0,36.178770549358156,1098.0632303981345,0.0,873.8962727989283
80,wM-114,,,6,3.0,369.0137598287624,385.4949734889402,0.0,0.0,74.61853517932983,1106.515695759143,0.0,873.8962727989283
81,wM-115,,,4,2.0,369.0137598287624,385.4848014144966,0.0,0.0,76.11363962157213,1106.5044519663547,0.0,873.5477619967072
82,wM-116,1985-01-01 18:38:00.000000,DIP,6,203.0,371.7045723721719,388.1933737196984,0.0,0.0,44.3930889138993,1109.214087414157,0.0,876.5486584803522
83,wM-118,1979-12-01 00:00:00.000000,DIP,6,472.0,520.7651043108286,537.2553397929204,0.0,0.0,75.23410016140798,1241.1327343131059,0.0,1251.9915169108367
84,wM-119,1990-01-01 00:00:00.000000,DIP,6,707.0,796.766901981392,754.5053171562298,0.0,0.0,38.56474762376761,1469.0999109711527,0.0,1300.446345218648
85,wM-120,1983-01-01 18:21:00.000000,DIP,6,541.0,0.0,0.0,310.8592002662224,2.571073161713871,48.35374372222997,3725.3747021877134,0.0,1701.0063229803372
86,wM-124,2009-06-01 00:00:00.000000,DIP,6,29.0,0.0,0.0,305.8541640885095,0.0,59.091116806292014,3687.1061266376737,0.0,1837.561001059004
87,wM-125,1983-01-01 00:00:00.000000,DIP,6,11.0,0.0,0.0,310.31601080239886,0.0,68.70373535135244,3714.6195836333286,0.0,1833.5313948360608
88,wM-126,1983-01-01 00:00:00.000000,DIP,6,366.0,0.0,0.0,0.0,0.0,25.441746030726797,3714.6195836333286,0.0,1505.0814646152644
89,wM-543,1955-01-01 00:00:00.000000,CAS,6,449.0,0.0,2.921546660407589,0.0,0.0,52.95552415129628,2899.0252843948774,0.0,1821.4114002939743
90,wM-129,1979-12-01 00:00:00.000000,DIP,6,173.0,344.86680792267424,358.60073284944895,0.0,0.0,35.64439685333421,3717.867264959009,0.0,1434.7607413955
91,wM-130,1955-01-01 18:25:00.000000,CAS,6,140.0,344.8134544489293,362.27595826923925,0.0,2.014327642795789,36.517184263198274,3578.0452320173167,0.0,1505.0814646152644
92,wM-131,1955-01-01 18:25:00.000000,CAS,6,16.0,367.5344022955173,363.1719581056113,0.0,0.0,40.65603447853682,3562.0274166521694,0.0,1573.4399407551211
93,wM-136,1980-01-01 18:51:00.000000,DIP,6,652.0,1317.9795942855117,1329.6677749716966,0.0,0.0,16.755715085486557,3778.277076794452,0.0,231.08063542744273
94,wM-140,1980-01-01 18:51:00.000000,DIP,6,254.0,1206.91109365344,1182.8056059275934,0.0,0.0,37.86325134604496,3793.1590187511424,0.0,647.0760766747727
95,wM-141,1956-01-01 00:00:00.000000,CAS,6,2.0,1316.170000862766,1327.9663267372684,0.0,0.0,84.17096400288784,3791.95517636996,0.0,692.5927389552489
96,wM-143,1984-12-01 00:00:00.000000,PVC,6,16.0,1787.3349537510483,1795.8252798979556,68.95950149095461,8.475354450289293,83.0083179578404,3828.283297492084,0.0,225.90775200265807
97,wM-545,1998-01-01 00:00:00.000000,CAS,4,692.0,0.0,0.0,0.0,0.0,30.940329240473588,1736.0718399286072,0.0,2080.7271727334182
98,wM-145,2024-08-01 00:00:00.000000,DIP,4,2.0,704.8531279596968,722.6304409318934,0.0,0.0,32.61282370163181,1736.816795994586,0.0,2140.7230441674974
99,wM-146,2024-08-01 00:00:00.000000,DIP,4,13.0,704.8715150748988,722.6304409318934,0.0,0.0,31.297823877169403,1738.6166768695339,0.0,2128.5084098480665
100,wM-148,2024-08-01 00:00:00.000000,DIP,8,10.0,2029.3631495320767,2046.9542601978976,0.0,0.0,72.19356808123399,2761.067181841586,0.0,449.98257106733183
101,wM-150,2024-08-01 00:00:00.000000,DIP,4,12.0,1845.4324697991556,1849.560827078492,0.0,0.0,52.837923020638094,2566.2021736264014,0.0,742.2553135738502
102,wM-152,2024-08-01 00:00:00.000000,DIP,4,7.0,1296.2890568553576,1314.099629486167,0.0,0.0,68.35814111444138,2147.7255791205257,0.0,1428.4396211966596
103,wM-153,2024-08-01 00:00:00.000000,DIP,4,664.0,937.1623851694894,941.7311192263347,0.0,0.0,53.60963462701116,2153.401563058111,0.0,1430.1717699088467
104,wM-154,2024-08-01 00:00:00.000000,DIP,4,36.0,911.8529227510909,912.1482005375208,0.0,0.0,80.68488592420972,2684.133279903345,0.0,1625.9328734112423
105,wM-155,2024-08-01 00:00:00.000000,DIP,12,715.0,717.4198570676562,735.1521334351085,0.0,0.0,23.582737447499166,1740.6982749339893,0.0,1428.4396211966596
106,wM-156,2024-08-01 00:00:00.000000,DIP,4,667.0,1222.766311171458,1239.5941620019507,0.0,0.0,31.474417514666836,2355.9909024497774,0.0,1080.7324020245987
107,wM-157,2024-08-01 00:00:00.000000,DIP,4,38.0,1191.0473202665275,1208.5509348873068,0.0,0.0,83.02432779313048,2888.1298464887086,0.0,1270.1021620286776
108,wM-159,1969-01-01 00:00:00.000000,CAS,4,389.0,377.1578463432673,394.85954105685073,0.0,0.0,29.19504125187398,1119.0421743616369,0.0,2249.2247391087326
109,wM-160,2024-01-29 18:41:00.000000,DIP,12,395.0,0.0,0.0,0.0,0.0,27.15316248058746,721.322661322135,0.0,2060.810716476268
110,wM-161,1993-01-01 18:00:00.000000,DIP,8,330.0,0.0,0.0,273.9478206842686,29.317397708258923,19.673358708954986,728.4304345518542,0.0,1497.0725977712832
111,wM-162,1993-01-01 16:17:33.000000,DIP,8,61.0,0.0,0.0,270.58538097027014,0.0,30.763398612269395,1058.3252044896412,0.0,1645.7670069360984
112,wM-163,1998-01-01 18:40:00.000001,CAS,12,683.0,0.0,7.77036666132152,0.0,0.0,4.069041235531103,1115.063566497162,0.0,1686.873608275466
113,wM-164,2024-01-29 00:00:00.000000,CAS,12,1.0,373.914722651554,390.8853960682646,0.0,0.0,40.459084523289405,1116.5486233962267,0.0,2290.3275517649854
114,wM-165,1977-08-10 16:39:00.000000,CAS,4,45.0,374.4489854105189,392.0948395103134,0.0,0.0,38.749695803156506,1117.0035066092364,0.0,2282.936678720072
115,wM-166,1969-01-01 00:00:00.000000,CAS,4,2.0,375.12358226053647,392.82421716511794,0.0,0.0,37.44792289205,1117.0035066092364,0.0,2282.936678720072
116,wM-167,1988-01-01 00:00:00.000000,CAS,4,3.0,375.12358226053647,392.82421716511794,0.0,0.0,36.647807644886086,1116.9556329118873,0.0,2280.884171352676
117,wM-171,1998-01-01 00:00:00.000000,CAS,12,3.0,0.0,4.732248105572654,280.835904075152,0.0,27.750476575509893,1115.0178620617685,0.0,1684.2920447980548
118,wM-172,2014-01-01 13:56:30.000000,DIP,6,3.0,0.0,1.567559141142438,277.6679483929242,0.0,33.56140546801651,1114.9705982666103,0.0,1681.6047370713848
119,wM-173,1998-01-01 13:52:40.000000,CAS,12,3.0,0.0,1.567559141142438,277.6679483929242,0.0,30.763398612269395,1114.9705982666103,0.0,1681.6047370713848
120,wM-174,1998-01-01 18:39:00.000000,CAS,12,162.0,0.0,0.0,116.00618155575604,0.0,14.225381682614817,1110.8946510112592,0.0,1545.9484470064347
121,wM-175,,CAS,4,1.0,107.3680968936524,124.36831027908183,115.95075555915027,0.0,14.225381682614817,1109.4380693251137,0.0,1545.1088704627707
122,wM-176,1995-01-01 18:16:00.000000,DIP,8,643.0,0.0,0.0,0.0,0.0,19.988183146201315,312.2709525315002,0.0,1290.9105544334348
123,wM-177,2005-05-01 00:00:00.000000,DIP,12,5.0,0.0,0.0,606.9883392681317,0.0,78.80179770870146,311.11108391229834,0.0,1831.6712043809885
124,wM-178,2005-05-01 00:00:00.000000,DIP,12,11.0,0.0,0.0,607.0217055372003,0.0,76.02868949088798,315.72726352498256,0.0,1833.866466624307
125,wM-181,2005-05-01 00:00:00.000000,DIP,12,194.0,0.0,0.0,522.5905146262489,0.0,27.540920856938225,65.31701134989189,0.0,1601.4968657975448
126,wM-183,1960-01-01 16:26:00.000000,CAS,6,852.0,27.40199893610953,43.581273186693885,525.5760192459761,0.0,13.30947652975106,250.62607423265817,0.0,765.2308327477632
127,wM-184,1980-01-01 00:00:00.000000,DIP,6,795.0,374.7468315412752,392.52862340698795,0.0,0.0,32.969979843383506,251.2887356567368,0.0,721.7413869470921
128,wM-185,2006-01-01 00:00:00.000000,DIP,12,318.0,44.22872087514379,61.23779341230248,0.0,0.0,22.820510209690415,770.5267869227971,0.0,813.8396294143456
129,wM-186,2002-12-01 00:00:00.000000,DIP,12,3.0,0.0,0.0,347.25315377255606,0.0,53.46224691662105,702.747102946594,0.0,765.8330319691719
130,wM-187,2002-12-01 00:00:00.000000,DIP,12,5.0,0.0,0.0,350.1320804546244,0.0,51.13018428976887,702.747102946594,0.0,765.8330319691719
131,wM-188,2005-05-01 00:00:00.000000,DIP,12,379.0,0.0,0.0,515.2602241061755,0.0,35.67954510911371,256.27907884562325,0.0,1539.4082792455724
132,wM-189,2005-05-01 00:00:00.000000,DIP,8,613.0,0.0,0.0,91.3150978052686,0.0,3.278374775441339,642.3253551217384,0.0,1539.7582390778687
133,wM-190,2004-12-01 00:00:00.000000,DIP,6,3.0,0.0,0.0,108.88671828017888,0.0,19.450810025782832,645.1022726547282,0.0,1725.563170040687
134,wM-191,1958-01-01 00:00:00.000000,CAS,4,130.0,0.0,0.0,0.0,0.0,22.10913140420562,647.7660003318947,0.0,1726.8043832150279
135,wM-192,2004-12-01 00:00:00.000000,DIP,8,129.0,0.0,0.0,111.21334448051785,0.0,5.6285351255205,645.1022726547282,0.0,1616.4770871847816
136,wM-193,1958-01-01 00:00:00.000000,CAS,4,1074.0,646.6333687291996,662.278932378067,0.0,0.0,41.47560212921464,1341.029385610491,0.0,2042.069447480946
137,wM-194,1958-01-01 00:00:00.000000,CAS,4,30.0,469.3283611323179,397.77153119100393,0.0,0.0,14.56317740321292,1071.3002611388724,0.0,1872.967164790084
138,wM-195,1958-01-01 00:00:00.000000,CAS,4,5.0,464.8021710489827,394.0001083634414,0.0,0.0,14.49623431119232,1067.5409840909908,0.0,1872.967164790084
139,wM-198,1958-01-01 00:00:00.000000,CAS,4,378.0,342.80583964381293,352.13221479245993,0.0,0.0,10.207043964769609,1034.7421168880444,0.0,1700.2401763700948
140,wM-199,1958-01-01 00:00:00.000000,CAS,4,432.0,470.3927065246901,415.0830537141367,0.0,0.0,43.19425378239029,1088.732082767522,0.0,1899.5797598747183
141,wM-200,1958-01-01 00:00:00.000000,CAS,4,1241.0,100.23194890893886,91.2973490276405,0.0,0.0,41.841356106345856,767.3917722135549,0.0,1669.609733371744
142,wM-204,1979-01-01 18:10:00.000000,DIP,12,671.0,0.0,0.0,619.7608095481436,0.0,37.3682435940918,1503.6789416104718,0.0,1617.738489926301
143,wM-205,1979-04-30 12:43:43.000000,DIP,6,2.0,0.0,0.0,871.59100807622,0.0,176.41282570884127,1883.0086381084327,0.0,2057.301306985681
144,wM-206,,PVC,12,5.0,0.0,0.0,873.4761273722576,0.0,176.41282570884127,1884.575093604612,0.0,2058.574027067479
145,wM-207,1980-06-01 00:00:00.000000,DIP,12,855.0,0.0,0.0,873.4761273722576,0.0,177.58480169799267,1887.6486743739256,0.0,2062.5513457058696
146,wM-208,1980-06-01 00:00:00.000000,DIP,12,646.0,1282.5231101675065,1300.135203987166,0.0,0.0,222.39152176497387,803.6338754538504,0.0,1527.5679314798372
147,wM-209,1979-05-01 00:00:00.000000,DIP,4,973.0,740.3408902862195,756.7817465961541,0.0,0.0,51.26972985728597,87.9217782181195,0.0,722.3120004885545
148,wM-210,2024-08-01 00:00:00.000000,DIP,4,6.0,1300.1772578001903,1317.988431567532,0.0,0.0,64.95265902246373,2147.7255791205257,0.0,1422.924893213412
149,wM-212,2024-08-01 00:00:00.000000,DIP,4,368.0,1612.3964370967435,1618.8436863620911,0.0,0.0,42.53782999484076,2355.9909024497774,0.0,742.2553135738502
150,wM-213,2024-08-01 00:00:00.000000,DIP,4,355.0,1304.88249369176,1322.6933733265037,0.0,0.0,22.276255101059213,2150.972361072805,0.0,1082.8291186007093
151,wM-214,2024-08-01 00:00:00.000000,DIP,4,355.0,2029.3631495320767,2046.9542601978976,0.0,0.0,40.970974951889374,2761.067181841586,0.0,122.68258264901257
152,wM-215,2024-08-01 00:00:00.000000,DIP,4,2.0,1610.4236155228275,1617.0012682085728,0.0,0.0,53.59715852132098,2354.720579284633,0.0,1080.7324020245987
153,wM-216,2024-08-01 00:00:00.000000,DIP,4,342.0,1845.4324697991556,1849.560827078492,0.0,0.0,42.07689847691657,2566.2021736264014,0.0,449.98257106733183
154,wM-217,1968-01-01 00:00:00.000000,CAS,4,392.0,372.426290674529,389.8235602116288,0.0,0.0,22.491900830883324,1109.628282492736,0.0,1742.1112458475986
155,wM-546,1968-01-01 00:00:00.000000,CAS,4,239.0,1088.799273318993,1106.3152408417432,0.0,0.0,28.66561094514049,1826.1377326613303,0.0,1432.606042756575
156,wM-219,2024-08-01 00:00:00.000000,DIP,4,6.0,1323.981570706416,1341.777382987791,0.0,0.0,80.23974232375119,2121.6606535716123,0.0,1410.4441569106375
157,wM-220,1968-01-01 17:10:00.000000,CAS,4,405.0,1080.891474420443,1097.4041874970503,0.0,0.0,27.866804907959075,1818.0703765040644,0.0,1227.446373960732
158,wM-221,1967-12-31 13:48:04.000000,CAS,4,8.0,1080.891474420443,1098.4072568758663,0.0,0.0,102.6496453891897,1818.2295523348032,0.0,1546.6851049388436
159,wM-223,1985-01-01 18:21:00.000000,DIP,8,572.0,1095.960567520107,1098.7926112607029,0.0,0.0,39.127687689276975,1817.650165083594,0.0,794.7673203282532
160,wM-224,1997-01-01 17:42:00.000001,CAS,4,785.0,764.686414612658,780.1415935988385,0.0,0.0,28.849346555999283,1498.5941759734517,0.0,1194.8027067499854
161,wM-225,1969-01-01 17:49:00.000000,CAS,4,622.0,739.0540063521446,740.8902946336494,0.0,0.0,36.21388293165745,1502.13908284297,0.0,1743.605771338054
162,wM-547,1969-01-01 00:00:00.000000,CAS,4,194.0,705.6318125683937,723.3986252842355,0.0,0.0,28.082770456453552,1507.623760857833,0.0,2156.689454280224
163,wM-228,1997-01-01 00:00:00.000000,CAS,4,4.0,764.686414612658,782.067556338259,0.0,0.0,84.00988674891829,1501.893183233872,0.0,1739.2445783864475
164,wM-229,1968-01-01 00:00:00.000000,CAS,4,316.0,764.6980111622323,782.1963191406218,0.0,0.0,85.3495177646826,1502.0107720202209,0.0,1550.9401780258315
165,wM-230,1969-01-01 00:00:00.000000,CAS,4,2.0,764.6980111622323,782.1963191406218,0.0,0.0,85.3495177646826,1502.0107720202209,0.0,1742.1112458475986
166,wM-231,1997-01-01 17:42:00.000001,CAS,6,838.0,597.4397506393591,388.76119357901325,0.0,0.0,81.21675500427693,1099.814010441196,0.0,1016.2611424233048
167,wM-232,1967-01-01 00:00:00.000000,CAS,6,3.0,763.8032722760452,781.5738465677093,0.0,0.0,107.38024991023939,1495.462798062052,0.0,1192.594564422487
168,wM-233,1997-01-01 00:00:00.000000,CAS,6,4.0,766.9046351672511,784.6756143144288,0.0,0.0,110.26748723959459,1498.566766979652,0.0,1192.594564422487
169,wM-234,1967-01-01 00:00:00.000000,CAS,6,399.0,365.8160839723886,382.7960411722889,0.0,0.0,33.144979817952944,1096.20545097914,0.0,1195.174678635408
170,wM-235,1995-01-01 00:00:00.000000,DIP,8,1019.0,1393.232486919895,171.3855872278083,984.2042771662981,578.1883457703219,591.89063479202,705.5540907178943,0.0,1055.9534869469462
171,wM-239,1988-01-01 00:00:00.000000,CAS,4,145.0,487.3221023785484,379.6722485047292,0.0,0.0,105.99484051483309,1091.2752121306453,0.0,1350.9545061996175
172,wM-240,1988-01-01 00:00:00.000000,CAS,4,378.0,363.647552740378,379.6722485047292,0.0,0.0,22.97987350053179,1091.8116051844431,0.0,1382.9969628337703
173,wM-241,1999-04-01 00:00:00.000000,DIP,12,290.0,76.14948400449808,92.74257746988899,0.0,0.0,19.937359956211157,805.808284371246,0.0,1231.372675286332
174,wM-242,1988-01-01 00:00:00.000000,CAS,4,788.0,365.8160839723886,381.73250175725053,0.0,0.0,22.097809593500248,1096.20545097914,0.0,1494.6827939773516
175,wM-243,1967-12-31 13:47:33.000000,CAS,4,3.0,369.0109205503189,386.40617755800866,0.0,0.0,45.891984924701255,1106.2108152057215,0.0,1876.0765041629627
176,wM-244,1997-01-01 00:00:00.000000,CAS,6,9.0,591.9384999127999,380.2220038728046,0.0,0.0,165.47453015641292,1091.2752121306453,0.0,1350.9545061996175
177,wM-245,1988-01-01 00:00:00.000000,CAS,4,4.0,591.9384999127999,380.2220038728046,0.0,0.0,168.87408307024327,1091.2612440949947,0.0,1350.3040392663484
178,wM-247,1997-01-01 00:00:00.000000,CAS,6,118.0,607.7360907756598,0.0,261.9367193752447,229.10595275667023,3.99080548632713,708.555443190064,0.0,952.0299826461795
179,wM-248,1997-01-01 18:20:00.000000,CAS,6,374.0,594.9361771368825,165.99482726448204,0.0,0.0,21.418945490546328,875.387863948152,0.0,1118.496769007283
180,wM-250,1997-01-01 00:00:00.000000,DIP,6,49.0,621.5181266691102,117.1968337349557,222.02166127546295,180.3109728445412,3.240187296576922,826.5770952248832,114.421040414077,1069.7231078745372
181,wM-251,1997-01-01 18:20:00.000000,PVC,8,627.0,0.0,0.0,331.8028442482156,9.451680614610046,3.295975193152049,704.9364933291051,0.0,948.4224034505309
182,wM-252,1997-01-01 00:00:00.000000,CAS,6,4.0,607.6485391116413,0.0,365.5673935038696,347.129894873567,73.1476302080597,704.9364933291051,0.0,948.4224034505309
183,wM-253,1988-01-01 16:40:00.000000,CAS,4,619.0,368.8306236748923,386.40617755800866,0.0,0.0,18.667116383575177,1106.2108152057215,0.0,1876.0765041629627
184,wM-254,2006-01-01 00:00:00.000000,CAS,6,467.0,298.8665455250016,316.04710066989395,0.0,0.0,16.93294387572807,1094.086557298882,0.0,1071.0389407150403
185,wM-255,1998-01-01 18:39:00.000000,CAS,12,131.0,107.46973927374331,124.36831027908183,0.0,0.0,13.746638709359042,1110.1131119706624,0.0,1441.8044874687266
186,wM-256,1998-01-01 00:00:00.000000,CAS,12,59.0,241.38881578096104,258.17740258844765,0.0,0.0,35.3027361614186,1103.463082278313,0.0,1390.6844429037508
187,wM-257,2016-01-01 18:14:00.000000,DIP,6,378.0,96.19492557914153,10.213187179338108,115.95075555915027,0.0,5.960274147163431,733.9724689786804,0.0,1365.5134989463907
188,wM-258,2002-12-01 00:00:00.000000,DIP,6,4.0,93.77039636664755,0.0,382.0564084875972,367.6805810922981,13.939112815213086,715.0305175174867,0.0,1357.9634612432815
189,wM-259,2002-12-01 00:00:00.000000,DIP,8,143.0,0.0,0.0,385.5534182980765,370.03701060071046,4.141540051344754,715.0305175174867,0.0,1357.9634612432815
190,wM-260,1999-03-01 00:00:00.000000,CAS,12,3.0,241.38881578096104,258.047917366978,0.0,0.0,72.31491425040694,1110.1722126259963,0.0,1439.215184429258
191,wM-261,1999-03-01 00:00:00.000000,CAS,12,236.0,241.59965552149748,254.2553714176624,0.0,0.0,64.78328935637312,1113.6338135652816,0.0,1441.324766024588
192,wM-266,1999-03-01 00:00:00.000000,CAS,12,3.0,397.4166553339687,345.7906786332458,0.0,4.088492263265541,29.83206770466458,1519.1089659344811,0.0,1661.3905385817386
193,wM-269,1979-01-01 17:32:00.000000,CAS,6,880.0,403.7784550176388,355.05968604815286,0.0,0.0,32.43581243421345,1523.2312253507575,0.0,1659.2076443582391
194,wM-270,1999-03-01 00:00:00.000000,DIP,16,143.0,397.7249855499149,345.68908711818204,0.0,0.0,30.353109228175747,1505.8448626688603,0.0,1569.1938732747908
195,wM-271,1980-06-01 00:00:00.000000,DIP,8,30.0,561.9362197531065,492.5513042145428,106.50188025692349,31.41388052467484,79.18749867670459,1424.8628269331055,0.0,1495.6115152813893
196,wM-272,1999-03-01 00:00:00.000000,DIP,16,3.0,573.1776591823607,489.16794897393,117.8545583156006,61.54006136713358,79.09122781100973,1424.862860039722,28.75032198041264,1495.6092369461835
197,wM-276,1999-03-01 00:00:00.000000,DIP,8,21.0,574.8498152189585,492.62903742265166,120.76069689256629,61.54039148711682,76.72089465548575,1404.293063530446,28.750413770427063,1478.9577290135787
198,wM-277,1999-03-01 00:00:00.000000,DIP,16,286.0,532.7804519259565,488.06025284145375,0.0,0.0,17.633235472340033,1494.0140935574855,0.0,1413.5066442094808
199,wM-278,1999-03-01 00:00:00.000000,CAS,12,4.0,397.5513534686804,343.3333338037439,0.0,4.048371018350092,30.483334533698173,1515.7920299659047,0.0,1660.1176357525576
200,wM-279,,,2,2.0,860.0336859261757,865.7195689398733,0.0,0.0,96.18554763719852,2243.761779605755,0.0,2085.4528915962287
201,wM-280,1984-01-01 17:32:00.000000,DIP,4,296.0,861.485687832986,867.3651830143879,0.0,0.0,38.948106265246494,2243.761779605755,0.0,2085.4528915962287
202,wM-281,1960-01-01 00:00:00.000000,SP,2,254.0,697.2907732645342,655.7098908710959,0.0,0.0,16.301490549618784,2244.838868632712,0.0,2086.9592570161294
203,wM-282,1999-03-01 00:00:00.000000,CAS,12,165.0,365.0316593827097,263.8605304090423,0.0,0.0,30.610753223987647,1370.8916405745952,0.0,1600.6509137387009
204,wM-284,1970-01-01 18:47:00.000000,DIP,6,869.0,1.261577258474059,1.257762726750662,0.0,0.0,38.50964519203065,750.5131258938292,0.0,1248.9349375713152
205,wM-285,1979-12-01 00:00:00.000000,DIP,6,3.0,518.1314926786716,534.7350449680633,0.0,0.0,80.54323953176282,1238.6754193350544,0.0,1248.9349375713152
206,wM-286,1959-01-01 00:00:00.000000,CAS,6,60.0,518.1314926786716,534.7350449680633,0.0,0.0,47.588406859545564,1238.6754193350544,0.0,1237.773871969918
207,wM-287,1959-01-01 00:00:00.000000,CAS,4,7.0,534.1452401984506,550.641020347857,0.0,0.0,47.588406859545564,1257.4045669288769,0.0,1230.4921938081343
208,wM-288,1959-01-01 00:00:00.000000,CAS,6,10.0,540.0966894332813,556.8539195169966,0.0,0.0,47.17485310213221,1263.3865163047647,0.0,1236.2231080501956
209,wM-289,1990-01-01 17:46:00.000000,CAS,4,419.0,795.3593196060668,752.6906542592467,0.0,0.0,33.87944250946987,1467.3101548271131,0.0,1298.3558736098314
210,wM-290,1990-01-01 00:00:00.000000,DIP,6,2.0,795.3589982534597,752.6903808173897,0.0,0.0,57.10309075391941,1467.309885049774,0.0,1298.3555598983896
211,wM-291,1959-01-01 00:00:00.000000,CAS,4,343.0,544.2339812093792,560.3577682186753,0.0,0.0,46.943500624302814,1267.4190419357285,0.0,1236.2231080501956
212,wM-294,1980-06-01 00:00:00.000000,DIP,12,708.0,771.689307038506,760.5054728182778,0.0,0.0,36.044293970632495,89.99295627639182,0.0,1206.9917730904972
213,wM-295,1980-06-01 00:00:00.000000,DIP,12,26.0,1256.8115439279816,1274.1760878073103,0.0,0.0,203.86704583740388,798.9255973379215,0.0,1519.0376647494863
214,wM-296,1980-06-01 00:00:00.000000,DIP,6,4.0,1285.5373399044115,1302.9010804065094,0.0,0.0,209.6168977104914,794.0058828014168,0.0,1514.3910930629163
215,wM-297,1980-06-01 00:00:00.000000,DIP,12,3.0,1282.6986113219411,1300.0624383047186,0.0,0.0,213.5446007835584,796.5487156250814,0.0,1518.8751483041365
216,wM-298,1980-06-01 00:00:00.000000,DIP,6,43.0,1318.6115531189348,1316.5231505492438,0.0,0.0,753.2895337608853,1126.015528990334,0.0,2170.858705904101
217,wM-299,1980-06-01 00:00:00.000000,DIP,6,10.0,1361.362843653084,1359.5921493082499,16.483344365945328,0.0,766.3248998119128,1117.4290293291579,0.0,2170.7018575297084
218,wM-300,1980-06-01 00:00:00.000000,DIP,6,3.0,1315.971849975571,1313.8630299099939,0.0,0.0,752.5577454717968,1161.930555525269,0.0,2172.8091974921526
219,wM-302,1980-06-01 00:00:00.000000,DIP,6,1427.0,0.0,2.226488374698037,0.0,0.0,60.31835328810824,85.22956637638804,0.0,207.2436589989453
220,wM-305,1981-12-01 00:00:00.000000,PVC,6,201.0,384.4089049276219,0.0,1118.8016064907736,402.14790855506527,111.7724755810203,1354.4222276148907,0.0,2204.2772768719315
221,wM-306,2002-12-01 00:00:00.000000,DIP,8,754.0,0.0,0.0,451.79881685883055,0.0,27.57727423787457,741.2213837706206,0.0,1518.9684779441156
222,wM-308,2024-08-01 00:00:00.000000,DIP,6,22.0,0.0,0.0,717.4838081366867,0.0,83.20531248089651,2143.297950086348,0.0,2394.133765857888
223,wM-309,2006-01-01 00:00:00.000000,CAS,6,14.0,361.68418396795533,378.82633523804253,0.0,0.0,28.769129565237456,1088.2956616215629,0.0,1060.0820519486495
224,wM-312,2006-01-01 00:00:00.000000,CAS,6,18.0,361.68048856651023,379.07925623704534,0.0,0.0,38.843968536067926,1088.4198661239752,0.0,1056.2970679789487
225,wM-317,2006-01-01 00:00:00.000000,CAS,12,1.0,361.68418396795533,379.07925623704534,0.0,0.0,37.65084563070881,1088.4198661239752,0.0,1060.0820519486495
226,wM-318,2006-01-01 00:00:00.000000,DIP,12,405.0,363.0962207491872,380.49086495473296,0.0,0.0,20.939217693773426,1089.8320476111312,0.0,1061.2697595249247
227,wM-319,1983-01-01 17:43:00.000000,DIP,4,148.0,784.6375029724323,781.6003280209526,0.0,0.0,64.20951860168188,1511.4819263799832,0.0,1424.515558225365
228,wM-320,1999-03-01 00:00:00.000000,DIP,16,5.0,768.3316264945798,772.3310872926244,0.0,0.0,72.70245311939112,1495.1591876639138,0.0,1411.1531651914595
229,wM-323,2006-01-01 00:00:00.000000,DIP,12,14.0,771.6950554820896,777.659816911571,0.0,0.0,73.78392064002188,1498.5229158258408,0.0,1414.1624912515924
230,wM-324,1979-01-01 17:38:00.000000,CAS,4,779.0,368.6438627351089,384.35183766943817,0.0,0.0,31.980136599375538,1095.405208158635,0.0,859.2655476174393
231,wM-325,2005-01-01 15:35:00.000000,DIP,12,403.0,347.2965185041001,285.4768690010358,0.0,0.0,19.18816032981149,261.71253053750746,0.0,703.5319626522347
232,wM-328,1980-06-01 00:00:00.000000,DIP,12,345.0,1.683122801413395,0.0,0.0,0.0,25.63534097136568,668.90687440486,0.0,984.9017645719844
233,wM-330,2005-05-01 00:00:00.000000,DIP,12,1128.0,285.1524595486512,8.424195913023146,1330.740653720086,302.90480393076865,38.65878521079716,2507.2640214935104,0.0,1310.290117255349
234,wM-331,2005-05-01 00:00:00.000000,DIP,12,9.0,277.6565458897447,12.446463009624509,1323.5790116730486,295.4104185868562,484.31749693119593,2495.935604957462,0.0,1298.973399106556
235,wM-332,2005-05-01 00:00:00.000000,DIP,12,505.0,277.80573524815225,21.234674642427727,1325.638725563755,56.686633322703166,473.0076209699784,2215.400705699812,0.0,825.3923120479619
236,wM-333,2005-05-01 00:00:00.000000,DIP,12,737.0,557.1862660847216,520.5649917462248,1508.6410712495979,57.502661126442426,30.725345527100767,2216.692325382246,0.0,825.998857365475
237,wM-335,1960-01-01 00:00:00.000000,SP,2,325.0,0.0,7.323597082093352,519.9140697659619,0.0,16.403652101775158,636.5424543458736,0.0,1210.154195288666
238,wM-336,1981-05-01 00:00:00.000000,DIP,6,455.0,0.0,0.0,0.0,0.0,62.74446336317365,1290.7548330295142,0.0,1252.1577134961376
239,wM-338,2003-12-01 00:00:00.000000,DIP,12,227.0,366.4502470609693,384.149108357492,0.0,0.0,32.96026587099595,65.88459619224128,0.0,578.6034043308365
240,wM-339,1983-01-01 16:32:00.000000,DIP,6,77.0,590.6225202834685,608.3988321868604,25.960060818414277,0.0,8.526166248385861,64.7458483582872,0.0,501.9987534183375
241,wM-340,2002-12-01 00:00:00.000000,DIP,12,6.0,357.23304412622525,374.9268900972668,0.0,0.0,48.69727861586177,292.68732478987505,0.0,582.9808216262142
242,wM-341,2002-12-01 00:00:00.000000,PVC,12,360.0,0.0,15.103678831397549,0.0,0.0,20.337377080531624,298.8471397377619,0.0,584.3120186883812
243,wM-342,2002-12-01 00:00:00.000000,PVC,12,45.0,0.0,0.0,333.0579620527545,0.0,55.090120222710375,658.5870993031313,0.0,740.0017763934624
244,wM-344,2002-12-01 00:00:00.000000,DIP,6,4.0,363.3742228703785,381.08628743263125,0.0,0.0,53.865298101142834,292.55397682970374,0.0,579.1294513008667
245,wM-345,2002-12-01 00:00:00.000000,DIP,8,5.0,363.3890576818924,381.0284928901637,0.0,0.0,51.54818757984772,292.68732478987505,0.0,582.9808216262142
246,wM-347,1973-01-01 14:41:00.000000,CAS,6,900.0,348.53381575958264,365.4020883359,0.0,0.0,39.66052087391338,297.2400145691707,0.0,89.97871244509116
247,wM-350,,DIP,8,3.0,0.0,0.0,530.9430117423924,2.296228661093896,98.83484746985837,311.59479940945073,0.0,1582.0635447483598
248,wM-351,2001-12-01 00:00:00.000000,PVC,8,351.0,0.0,0.0,495.56186267834335,15.629459342162193,5.548253549433307,321.50460873972105,0.0,1404.5151557949964
249,wM-354,1995-01-01 18:18:00.000000,DIP,8,392.0,0.0,0.0,341.9090133058018,0.0,57.924158853273,316.87809732752334,0.0,772.4606800762923
250,wM-355,1995-01-01 18:17:00.000000,DIP,8,139.0,342.4391954276434,360.22619241566616,685.7276738028207,0.0,41.79592620860743,316.8031056699339,0.0,772.4606800762923
251,wM-357,1995-01-01 18:16:00.000000,DIP,8,703.0,350.49555490835564,361.7945597201182,0.0,0.0,17.33582567575921,312.409188550763,0.0,839.3657069076163
252,wM-358,1971-01-01 15:55:00.000000,,6,6.0,350.49555490835564,361.7945597201182,680.0116855813279,0.0,42.38689059408996,310.998851425315,0.0,834.2272460375722
253,wM-359,1971-01-01 15:55:00.000000,CAS,8,345.0,356.16188714214934,367.58213685376694,392.60522068147935,0.0,40.63153890453728,255.7163998944584,0.0,786.6854567651357
254,wM-361,1995-01-29 18:17:00.000000,DIP,8,6.0,349.36649316859115,361.6637817427946,680.0475291555506,0.0,41.816162204494496,316.78793728398983,0.0,836.7495178751489
255,wM-362,1980-06-01 00:00:00.000000,DIP,12,254.0,0.0,0.0,1047.8137156869318,0.0,20.063222649950767,2174.779135418796,0.0,2652.618225575818
256,wM-363,1980-06-01 00:00:00.000000,DIP,12,4.0,383.2404186439807,400.90514268701673,897.4189517228912,2.053086431378611,177.37275203464637,2042.4024363313931,202.38379539491996,2589.4550206077515
257,wM-364,1980-06-01 00:00:00.000000,DIP,12,150.0,233.67752141856613,251.29248106235136,901.8741771781987,0.0,34.439692944479674,2046.5270286035784,198.45367209034475,2591.9293084051737
258,wM-365,1980-06-01 00:00:00.000000,DIP,12,3.0,230.2793639932382,247.88973180713927,1043.7417778273766,0.0,31.858116801119095,2169.3123500547895,198.41943278336348,2649.786256892729
259,wM-366,1980-06-01 00:00:00.000000,DIP,12,974.0,391.512587869176,409.21600042371387,0.0,0.0,185.8455458393454,1176.352795167854,0.0,2193.266612701876
260,wM-367,1980-06-01 00:00:00.000000,DIP,12,21.0,1312.3056112316062,1313.4894903716536,0.0,0.0,752.5577454717968,1164.1486797530026,0.0,2172.957412777652
261,wM-369,1980-06-01 00:00:00.000000,DIP,12,45.0,214.99460141826847,230.30964036570833,1045.8500010208547,0.0,5.492392418102114,2172.147059413051,198.41943278336348,2651.2529947656685
262,wM-370,1980-06-01 00:00:00.000000,DIP,12,3.0,227.12443968691247,244.73039488099232,1045.8500010208547,0.0,29.61010376778264,2172.147059413051,198.3878970277272,2651.2529947656685
263,wM-371,1980-06-01 00:00:00.000000,DIP,12,33.0,387.57471650152127,405.26099311991686,887.7411700973009,2.053086431378611,181.81307979254132,2041.3040213405272,202.38379539491996,2589.4550206077515
264,wM-372,1980-06-01 00:00:00.000000,DIP,12,4.0,387.57471650152127,405.26099311991686,893.3738020054072,1.30325525593252,181.81307979254132,2038.657525289453,201.6331177196068,2587.213230006693
265,wM-373,1980-06-01 00:00:00.000000,DIP,8,41.0,798.3266970675379,774.777113509081,73.85409527876787,0.0,178.99437447676067,84.57959140026344,0.0,1469.760252181277
266,wM-374,1967-01-01 19:37:00.000000,CAS,6,385.0,413.4068622398148,410.49059397847327,0.0,0.0,40.672017891017376,0.0,0.0,1495.7540832906227
267,wM-375,1970-01-01 00:00:00.000000,CAS,4,554.0,347.3925712115222,365.17730264030126,0.0,0.0,17.569341906652266,298.94490251323253,0.0,951.1211938607595
268,wM-377,1980-06-01 00:00:00.000000,DIP,8,259.0,768.6010741580812,755.1696915041857,0.0,0.0,76.47327411719118,84.44073724637377,0.0,1213.5727852985967
269,wM-379,1980-06-01 00:00:00.000000,DIP,8,8.0,766.2772137025303,754.929555656121,0.0,1.832933657095571,87.91942789586145,84.42260277176553,0.0,1205.8358281005665
270,wM-380,1980-06-01 00:00:00.000000,CAS,4,2.0,771.1553664447998,760.5054728182778,0.0,0.0,81.91793011255939,89.99295627639182,0.0,1204.8096866576423
271,wM-381,1980-06-01 00:00:00.000000,DIP,12,6.0,766.2772137025303,754.929555656121,0.0,0.0,82.8640282084031,84.42260277176553,0.0,1205.8358281005665
272,wM-382,1967-01-01 19:37:00.000000,,6,3.0,410.37752569977147,407.0414210417407,8.334364238737535,6.885633665073262,85.56666626433443,306.12492906301054,0.0,1501.738170028059
273,wM-383,1970-01-01 00:00:00.000000,CAS,4,494.0,736.8233555665117,754.6080814842225,0.0,0.0,74.909429599524,87.9217782181195,0.0,722.3120004885545
274,wM-384,1979-05-01 00:00:00.000000,DIP,4,357.0,748.8021444511107,765.1106422627768,0.0,0.0,65.81811546511484,81.10749047950003,0.0,206.47041294797185
275,wM-385,1980-06-01 00:00:00.000000,DIP,4,3.0,749.2890035070222,766.6837379567536,0.0,0.0,94.69695876542525,81.23292323399944,0.0,203.37853597296228
276,wM-386,1980-06-01 00:00:00.000000,DIP,6,4.0,749.4196414909637,766.7227804188451,0.0,0.0,93.56872451605257,81.27348673812624,0.0,203.37853597296228
277,wM-387,1979-01-01 00:00:00.000000,CAS,4,18.0,749.4196414909637,766.7227804188451,0.0,0.0,96.46970925825087,81.27348673812624,0.0,200.3610487344508
278,wM-389,1980-06-01 00:00:00.000000,DIP,6,57.0,0.0,0.0,0.0,0.0,66.9515667722849,664.0211814908779,0.0,1270.8392784550012
279,wM-390,,,6,2.0,343.271888765208,280.82748480292923,0.0,0.0,39.93529714753275,668.90687440486,0.0,984.9017645719844
280,wM-391,1980-06-01 00:00:00.000000,DIP,6,403.0,34.1066220726247,50.85811301026118,0.0,0.0,24.99234465710059,664.0211814908779,0.0,986.3305745844734
281,wM-393,1980-06-01 00:00:00.000000,DIP,8,532.0,0.0,0.0,6.036953373525898,0.0,37.79422210133582,0.0,0.0,1568.0001616178668
282,wM-396,1980-05-31 17:07:00.000000,DIP,8,388.0,0.0,0.0,0.0,0.0,10.60046822536915,258.42782416004025,0.0,1458.819062094518
283,wM-398,1980-01-01 00:00:00.000000,DIP,6,8.0,374.77825883317234,392.5417879039268,0.0,0.0,32.33746512589942,250.9536273934033,0.0,1449.1651675424491
284,wM-399,1980-05-31 17:08:00.000000,DIP,8,7.0,367.70669312569424,385.31011638554486,0.0,0.0,32.37170150271094,250.9536273934033,0.0,1456.7006796176456
285,wM-400,2005-05-01 00:00:00.000000,DIP,6,517.0,18.77345231412556,33.63677476657416,0.0,0.0,29.53730704105057,241.0929357395288,0.0,1602.6983998787366
286,wM-401,1980-06-01 00:00:00.000000,DIP,8,21.0,383.88203566183114,400.63626748000354,0.0,0.0,82.53474612681086,220.28145004631097,0.0,1598.5662168378865
287,wM-402,1980-05-31 17:09:00.000000,DIP,8,131.0,375.1771482489127,392.7852762523143,0.0,0.0,27.21610096934039,242.00254130547188,0.0,1454.7569969228239
288,wM-404,1980-05-31 17:09:00.000000,DIP,8,29.0,382.53218487230896,400.2912034992394,0.0,0.0,65.88963180315977,241.0929357395288,0.0,1575.1531634760229
289,wM-405,1980-01-01 00:00:00.000000,DIP,6,21.0,587.7699648893425,601.7156453957451,0.0,0.0,61.2966220249567,261.71253053750746,0.0,703.5319626522347
290,wM-406,2005-01-01 00:00:00.000000,DIP,12,2.0,603.0574725825837,615.2812318092018,0.0,0.0,61.2966220249567,260.1030110423484,0.0,702.6177333873159
291,wM-407,2003-12-01 00:00:00.000000,DIP,6,18.0,590.6123185126041,608.2086724912472,29.70564146075913,3.214829049374388,85.33447116701717,65.31959501604256,0.0,577.454733664972
292,wM-409,2006-01-01 00:00:00.000000,DIP,12,3.0,768.3316264945798,777.3880902689785,0.0,0.0,72.70245311939112,1495.1591876639138,0.0,1411.1531651914595
293,wM-410,2005-05-01 00:00:00.000000,DIP,12,1342.0,0.0,4.917487307654238,395.1881679336428,0.0,73.16158802652326,1299.4572965735995,0.0,1162.2575225771905
294,wM-411,2005-05-01 00:00:00.000000,DIP,12,721.0,0.0,4.851700072765688,400.60981645541654,0.0,35.20544128805331,642.7495099508042,0.0,1249.8002650374335
295,wM-412,2005-05-01 00:00:00.000000,DIP,6,3.0,0.0,4.884275990161027,398.0823508551597,9.917521406584926,176.2946050773873,1289.3611596715095,0.0,1249.8002650374335
296,wM-413,2005-05-01 00:00:00.000000,DIP,12,11.0,0.0,7.392666467848129,399.158862090601,7.963828369218943,176.2946050773873,1289.3611596715095,0.0,1247.0196463392758
297,wM-414,1995-01-01 00:00:00.000000,DIP,6,288.0,2407.7947840194297,1186.08478657376,1606.2707950574156,1219.7166227327823,1547.63117870171,708.4285566400179,112.043674917538,1610.04347098683
298,wM-418,2002-12-01 00:00:00.000000,DIP,8,4.0,0.0,0.0,544.5134431891607,10.583745221947114,19.79287188424015,315.6408128959189,0.0,1402.0996377700624
299,wM-419,2001-12-01 00:00:00.000000,PVC,8,3.0,0.0,0.082001062040752,546.9599217917195,13.46726324304618,19.444192377440658,318.0558956010005,0.0,1404.2079267313695
300,wM-420,2002-12-01 00:00:00.000000,DIP,8,821.0,0.0,0.0,0.0,0.0,9.122379579170524,292.84210649811115,0.0,587.4615920278162
301,wM-421,1979-01-01 16:29:00.000000,CAS,4,771.0,738.0365859158234,755.8009992448925,0.0,0.0,30.192031296612697,81.55000015360856,0.0,195.81372746502325
302,wM-422,2002-12-01 00:00:00.000000,DIP,8,13.0,0.0,0.0,533.4819221597604,3.365378158952542,98.83484746985837,314.13371047433486,0.0,1582.2755133436851
303,wM-424,1980-06-01 00:00:00.000000,DIP,8,179.0,0.0,0.0,533.4819221597604,0.0,4.485758137778418,314.13371047433486,0.0,1404.2079267313695
304,wM-425,2003-12-01 00:00:00.000000,DIP,12,3.0,363.3890576818924,381.08628743263125,0.0,0.0,53.865298101142834,289.6242975619915,0.0,582.3420577556568
305,wM-426,2003-12-01 00:00:00.000000,DIP,12,4.0,590.7817379872821,608.2086724912472,34.166180237152915,20.816964447319304,102.93078142926022,62.008966965115874,0.0,594.7314987058777
306,wM-427,2003-12-01 00:00:00.000000,DIP,6,156.0,594.657740036264,612.0858732123633,0.0,4.048409842782974,22.04593615159127,0.0,0.0,595.4828085106316
307,wM-430,2005-01-01 00:00:00.000000,DIP,12,168.0,604.2436641634362,616.5949472424111,0.0,0.0,54.34797865189894,92.545429502898,0.0,621.1272264155898
308,wM-433,2005-05-01 00:00:00.000000,DIP,12,9.0,0.0,5.034730245908726,519.9140697659619,0.0,34.76366033571476,631.4713314167848,0.0,1533.6433598039891
309,wM-434,2005-05-01 00:00:00.000000,DIP,12,376.0,0.0,0.0,532.4332138389276,0.0,39.85644470704039,0.0,0.0,1677.034247974315
310,wM-437,2005-05-01 00:00:00.000000,DIP,6,11.0,0.0,5.009152432381106,522.6508405778197,0.0,32.39612376185604,253.722234040386,0.0,1590.5062797182793
311,wM-438,2005-05-01 00:00:00.000000,DIP,12,3.0,0.0,5.009152432381106,522.6508405778197,0.0,38.95849854015714,253.722234040386,0.0,1600.859978149933
312,wM-439,2005-05-01 00:00:00.000000,DIP,6,2.0,0.0,2.966102694483285,520.6072958408763,0.0,38.95849854015714,253.59296757956983,0.0,1601.4968657975448
313,wM-440,2005-05-01 00:00:00.000000,DIP,8,8.0,0.0,0.0,512.5942914762959,0.0,34.78140420882588,639.0575133966339,0.0,1533.6433598039891
314,wM-441,2005-05-01 00:00:00.000000,DIP,12,4.0,0.0,7.323597082093352,518.5987774932178,0.0,34.78140420882588,639.0575133966339,0.0,1530.849448699778
315,wM-442,2005-01-01 00:00:00.000000,DIP,8,2.0,736.9023297936318,754.6651984688339,0.0,2.200879873085561,54.34797865189894,92.545429502898,0.0,619.2495988109936
316,wM-443,2005-01-01 00:00:00.000000,DIP,12,3.0,736.9023297936318,754.6651984688339,0.0,4.229432367472148,51.99535138443432,89.09269353554956,0.0,619.8118879444256
317,wM-444,1979-01-01 00:00:00.000000,CAS,6,382.0,359.4721665646824,376.85701876580737,0.0,0.0,71.50510683013027,0.0,0.0,24.345560028016862
318,wM-445,,,6,0.0,359.00294891571974,376.3871319459311,0.0,0.0,74.77836959859906,308.59777602539515,0.0,89.5620344519296
319,wM-446,1976-01-01 00:00:00.000000,CAS,6,802.0,357.97303831461966,375.7521809663589,0.0,0.0,17.63561400140781,292.55397682970374,0.0,61.72027980438017
320,wM-447,1979-01-01 00:00:00.000000,CAS,6,8.0,741.423145030095,759.0682125700664,0.0,0.0,88.51217432833883,73.61184790036233,0.0,199.19232926180408
321,wM-448,1980-06-01 00:00:00.000000,CAS,4,10.0,748.9971016212814,766.6445434840268,0.0,0.0,88.51217432833883,81.1881477928402,0.0,203.95730553462968
322,wM-449,1970-01-01 00:00:00.000000,CAS,4,300.0,739.909584132208,756.8233324533362,0.0,0.0,79.5838636483285,86.38183238784721,0.0,439.94198936485816
323,wM-450,,CAS,4,5.0,740.102318324221,756.7817465961541,0.0,0.0,135.55587065426892,87.78868882393806,0.0,717.5778789467654
324,wM-451,2005-01-01 00:00:00.000000,DIP,12,4.0,343.271888765208,282.1819790380019,0.0,0.0,39.20489820026923,664.8773999552745,0.0,981.7040055233139
325,wM-452,2005-05-01 00:00:00.000000,DIP,12,8.0,277.6565458897447,12.446463009624509,1323.5790116730486,295.4104185868562,479.5500704362325,2500.5830970273014,0.0,1307.3397450097657
326,wM-453,1980-06-01 00:00:00.000000,DIP,8,369.0,0.0,0.0,2.684335967681851,0.0,26.338994778050907,329.5385502875658,0.0,955.764491220444
327,wM-454,1980-06-01 00:00:00.000000,DIP,8,26.0,316.9331670506852,334.6508756882535,0.0,0.0,51.21883542534181,303.77652950566613,0.0,951.8249842514876
328,wM-455,1978-01-01 18:34:00.000000,PVC,12,19.0,347.52530762939705,365.2462268022271,0.0,0.0,62.550425609130144,298.91627998527514,0.0,932.7076164601328
329,wM-456,2002-12-01 00:00:00.000000,DIP,8,3.0,0.0,4.340334020297973,372.950988671936,4.972177773727336,103.83257153322546,704.0999617241899,0.0,1079.9304527251422
330,wM-457,1980-06-01 00:00:00.000000,DIP,8,6.0,0.0,0.0,366.9671322159825,0.0,98.87490842111538,698.1718166769201,0.0,1079.72932276428
331,wM-458,2002-12-01 00:00:00.000000,DIP,8,2.0,0.0,0.0,356.21110341142605,0.0,87.37176127769959,702.0871705817066,0.0,815.8383228440437
332,wM-459,2002-12-01 00:00:00.000000,DIP,8,28.0,0.0,0.0,328.46364017851795,0.0,89.76168393085635,704.4775940903152,0.0,817.239653974434
333,wM-460,2002-12-01 00:00:00.000000,DIP,8,3.0,0.0,0.0,358.59838579225783,0.0,87.37176127769959,702.0871705817066,0.0,813.4674016777604
334,wM-461,1980-06-01 00:00:00.000000,DIP,8,368.0,0.0,2.979152556429244,374.89869262042697,6.898115323150635,0.0,706.1087529685109,0.0,1083.5373568503803
335,wM-462,2002-12-01 00:00:00.000000,DIP,8,2.0,0.0,0.0,458.1301418553549,2.378036385280648,85.3256487216482,746.2075442034454,0.0,1515.8611398270755
336,wM-463,2002-12-01 00:00:00.000000,DIP,8,4.0,0.0,0.0,459.1471770150427,1.079642715633491,82.15257595148758,747.6150518008748,0.0,1517.2448847297455
337,wM-464,1980-06-01 00:00:00.000000,DIP,12,826.0,0.0,0.0,318.4733829985246,0.0,15.754267791151507,1033.9790885530836,0.0,1282.0295665071262
338,wM-465,1980-06-01 00:00:00.000000,PVC,6,10.0,3.647453859747186,0.0,663.5867351148115,18.968688841791792,41.65520940006592,1516.102556650685,0.0,1631.632873831181
339,wM-466,1998-01-01 00:00:00.000000,CAS,12,3.0,238.0045779422566,254.8049229307988,0.0,0.0,71.21810853755105,1110.1131119706624,0.0,1439.215184429258
340,wM-468,1980-01-01 18:52:00.000000,DIP,6,5.0,1791.3452160538247,1801.2505902098649,68.95950149095461,9.865400749953087,83.0083179578404,3825.2107966215335,0.0,225.90775200265807
341,wM-469,1984-12-01 00:00:00.000000,PVC,6,1.0,2056.527156650204,2065.2094949533944,0.0,0.0,60.62603410902143,3496.0172790820893,0.0,278.6861218879651
342,wM-470,1985-01-01 18:49:00.000000,DIP,6,673.0,1026.7342293366949,1038.5317035656014,0.0,0.0,34.14871074375179,3123.0060239563286,0.0,908.8086141523289
343,wM-471,2024-08-01 00:00:00.000000,DIP,6,9.0,1511.8870951032154,1529.6699326892056,0.0,0.0,81.221490838523,3116.676301692975,0.0,915.2216075437491
344,wM-472,1980-01-01 18:11:00.000000,DIP,6,253.0,470.5447035493672,453.0165301107828,383.157532522474,147.3017216233038,19.113554237375645,1157.795756676191,142.36340844674592,1484.5678713565487
345,wM-473,1980-01-01 18:12:00.000000,DIP,4,158.0,318.96789990333843,323.48190419786965,350.6439724341907,0.0,4.404533591893935,1025.772079819092,0.0,1334.8355888932163
346,wM-474,1980-01-01 00:00:00.000000,DIP,4,4.0,315.633907660267,320.58481108694804,350.6141778293175,0.0,47.44878813368963,1022.8194007015966,0.0,1331.5096624862747
347,wM-475,2002-12-01 00:00:00.000000,DIP,8,4.0,0.0,0.0,355.07739909098206,0.0,48.17223247806694,721.2613843116116,0.0,2057.6898822693174
348,wM-476,2002-12-01 00:00:00.000000,DIP,8,3.0,0.0,0.0,355.26806123493674,2.183049415009347,46.04345886806017,721.3229690317704,0.0,2060.7999217438687
349,wM-477,2002-12-01 00:00:00.000000,PVC,12,3.0,0.0,0.0,355.2693447197374,2.033790834942504,48.16185290969149,717.9713510672515,0.0,2058.676907917325
350,wM-478,2002-12-01 00:00:00.000000,DIP,8,13.0,0.0,0.0,325.154878566698,0.0,97.70422015927502,710.5046220483688,0.0,1147.5869150808967
351,wM-480,1999-04-01 00:00:00.000000,DIP,12,56.0,20.299626467341525,36.7508776421318,239.18858435579483,0.0,45.51004936269205,749.7502368080345,0.0,1182.0071963397847
352,wM-481,2002-12-01 00:00:00.000000,DIP,8,30.0,0.0,6.842976291714194,295.2200595735239,0.0,72.95503485507113,719.8069025599292,0.0,1155.7709401343295
353,wM-482,1995-01-01 18:18:00.000000,DIP,8,8.0,0.0,0.0,333.9242656037809,2.171905434541378,106.51421606343412,708.3839294206231,0.0,1118.291166252389
354,wM-483,1995-01-29 18:19:00.000000,DIP,8,2.0,0.0,2.26260205732006,331.9971888685058,7.884675409229432,105.21707944131096,716.4929560961691,0.0,1125.5545338087754
355,wM-484,1997-01-01 00:00:00.000000,PVC,12,60.0,0.0,4.233959401218885,325.154878566698,0.0,97.70422015927502,718.4637600177514,0.0,1127.2891324851976
356,wM-485,2002-12-01 00:00:00.000000,DIP,6,15.0,94.06283496252517,0.0,368.05942046942016,352.51704147151014,10.833104583628836,718.8101673296102,0.0,1359.4633844609384
357,wM-486,2002-12-01 00:00:00.000000,DIP,12,66.0,0.0,0.0,282.5148217920005,0.0,33.11919812334266,705.6254543876788,0.0,767.6710271346435
358,wM-487,2002-12-01 00:00:00.000000,DIP,8,29.0,0.0,0.0,324.71653893709293,3.413927762208955,64.29516773940354,712.0701794826153,0.0,484.34663749853377
359,wM-488,2002-12-01 00:00:00.000000,DIP,8,58.0,0.0,0.0,318.9661312315313,4.444785582584236,59.798643672465936,653.7153975633819,0.0,426.1484948390992
360,wM-489,1980-06-01 00:00:00.000000,DIP,8,2.0,0.0,4.423982788807411,372.950988671936,4.972177773727336,104.66161501833685,704.1624725722132,0.0,1082.663510284574
361,wM-490,2002-12-01 00:00:00.000000,DIP,8,102.0,1.14117930614768,0.0,448.4869073119814,4.535808413586384,35.681236789176374,715.859911121903,0.0,1416.5879694034816
362,wM-491,2002-12-01 00:00:00.000000,DIP,8,3.0,0.0,0.0,456.64394614991954,2.378036385280648,85.3256487216482,745.4407209131094,0.0,1518.0389478937389
363,wM-492,2002-12-01 00:00:00.000000,DIP,8,21.0,364.15632888281186,0.0,1100.2374113391152,381.88148063049994,91.81969842799369,1339.6090695547243,0.0,2184.146981371457
364,wM-493,1967-01-01 19:37:00.000000,CAS,6,3.0,410.7741165354536,407.9820329555503,5.690072767367875,5.847969564922502,84.65975817935862,303.4629430986558,0.0,1504.2676382094735
365,wM-494,1967-01-01 19:37:00.000000,CAS,6,2.0,408.82432638992503,406.1296723326547,8.334364238737535,8.22123119258275,86.97075083615587,306.12492906301054,0.0,1504.6038247139063
366,wM-495,1967-01-01 00:00:00.000000,CAS,6,3.0,796.2963737847762,779.5251213749452,73.85409527876787,0.0,217.20691955141643,81.31897936485075,0.0,1510.180516468645
367,wM-496,1970-01-01 17:26:00.000000,CAS,6,84.0,799.5524173988684,782.7086920622892,0.0,0.0,217.20691955141643,84.30841413673302,0.0,1510.6247053207064
368,wM-497,1980-06-01 00:00:00.000000,DIP,12,9.0,1282.5858224773635,1300.0624383047186,0.0,0.0,214.97746697551176,798.9255973379215,0.0,1519.0376647494863
369,wM-498,1980-06-01 00:00:00.000000,DIP,8,5.0,342.69387187319074,360.41432959052577,0.0,0.0,68.15184246710353,298.94490251323253,0.0,951.1211938607595
370,wM-501,1999-03-01 00:00:00.000000,DIP,16,90.0,532.7804519259565,479.3170101660614,86.73797108594526,0.0,70.95941784282417,1424.8976708404275,0.0,1497.6352982257768
371,wM-504,,PVC,16,57.0,366.2596456135529,266.7013062782769,136.4322298560894,0.0,19.66622075333821,1344.0070153697875,0.0,1544.6338310893673
372,wM-506,1999-03-01 00:00:00.000000,DIP,16,4.0,529.1860902574381,483.95595447828185,82.70042967928853,0.0,114.98297878320416,1505.8448626688603,0.0,1567.2824719092896
373,wM-507,1999-03-01 00:00:00.000000,CAS,6,40.0,349.26074375857274,264.6474101019524,136.68532219757253,0.0,37.75141964313078,1340.720662417294,0.0,1564.964584102318
374,wM-508,,PVC,16,3.0,365.0316593827097,263.8605304090423,137.72925820076688,0.0,58.404393685041406,1369.5978761513884,0.0,1597.8202359123807
375,wM-509,1999-03-01 00:00:00.000000,CAS,6,4.0,346.4693347177256,260.2503004449896,158.37759618475008,0.0,64.78328935637312,1347.2693027202624,0.0,1584.0197562647468
376,wM-510,1999-03-01 00:00:00.000000,CAS,12,23.0,346.4693347177256,260.2503004449896,138.27986440152378,0.0,58.404393685041406,1348.2150205987043,0.0,1587.7063445497708
377,wM-511,1999-03-01 00:00:00.000000,CAS,12,9.0,397.5042117357914,346.8665498995886,0.0,0.0,29.80169155494403,1521.467619424298,0.0,1659.2076443582391
378,wM-512,1995-01-01 00:00:00.000000,DIP,6,3.0,2410.498154608224,1187.6286910841984,1603.3949647108395,1216.8775123876715,1583.184448804824,705.5540907178943,110.77157817064499,1608.257785760116
379,wM-513,1995-01-01 00:00:00.000000,DIP,8,6.0,2410.5578471139106,1187.693390756369,1603.1589434900707,1216.8775123876715,1583.7099796407977,705.4189409212289,110.77157817064499,1608.257785760116
380,wM-514,2003-01-01 18:23:00.000000,DIP,8,784.0,607.6485391116413,0.0,368.8675146256244,350.4768623026377,76.4811345144831,704.1865900294877,0.0,938.3741897486109
381,wM-515,1995-01-01 00:00:00.000000,DIP,8,2.0,1391.3964888619685,169.5626876968034,982.4876700674946,576.7492761455187,590.201608646282,713.2829845250053,0.0,1055.4124903464187
382,wM-516,2005-05-01 00:00:00.000000,DIP,6,75.0,0.0,0.0,448.3909402149632,0.0,40.37883750124863,246.07258259641137,0.0,1603.5061771074315
383,wM-517,2005-05-01 00:00:00.000000,DIP,6,29.0,0.005845294133228,16.18579435148078,533.8305122077966,0.0,14.101860716052911,250.62607423265817,0.0,1564.9416262500924
384,wM-128,1955-01-01 00:00:00.000000,CAS,6,397.0,346.8919964001375,363.1719581056113,0.0,0.0,21.805844491463176,3164.5521512519745,0.0,1581.9941883347688
385,wM-519,1971-01-01 18:35:00.000000,CAS,4,904.0,840.8542869965287,850.4014848792317,0.0,0.0,50.780324403146565,1711.206085964336,0.0,1472.4448685490493
386,wM-520,1983-01-01 17:44:00.000000,CAS,4,823.0,785.5061557082397,791.6226680496529,0.0,0.0,26.300258399950835,1649.644296674036,0.0,1414.2532201308632
388,wM-526,2024-01-01 00:00:00.000000,DIP,8,418.0,0.0,0.0,71.15362851671108,0.0,8.679167322778449,1020.6527738482692,0.0,1282.1296113198223
389,wM-527,2024-01-01 00:00:00.000000,DIP,8,48.0,350.9559680825227,303.45518462511893,25.771147610641638,8.064554299889512,60.0247758858396,1433.81673038659,0.0,1655.6839191197337
390,wM-530,2024-01-01 00:00:00.000000,DIP,8,27.0,416.4759976031818,361.5014823880819,4.867312098888762,0.0,86.42769851680342,1498.3200390419895,0.0,1723.2118767448756
391,wM-531,2024-01-01 00:00:00.000000,DIP,8,490.0,427.8694092476471,364.3047126911314,0.0,0.0,16.78866177504114,1510.797213858495,0.0,1726.4834078604763
392,wM-532,2024-01-01 00:00:00.000000,DIP,8,46.0,791.5712394239707,746.0944848413419,1.250413067824311,0.0,113.88934553837267,1971.57898091897,0.0,2167.5211769831694
393,wM-535,2024-01-01 00:00:00.000000,DIP,8,25.0,399.15074701555454,341.58771098547527,4.867312098888762,0.0,108.04434311016504,1482.0745182889436,0.0,1699.9891462610267
394,wM-536,2024-01-01 00:00:00.000000,DIP,8,12.0,411.2505465235146,368.22718452922567,29.157750114528863,0.0,76.62144499210166,1492.188728597147,0.0,1721.4229932770886
395,wM-537,2024-01-01 00:00:00.000000,DIP,8,4.0,424.3290331133688,361.5014823880819,2.422577342966348,0.0,110.91576224811712,1507.2611527687045,0.0,1723.2118767448756
396,wM-538,2024-01-01 00:00:00.000000,DIP,8,7.0,782.2773289788314,752.1114531093534,0.0,0.0,103.49332270614876,1999.5568314590528,0.0,2187.0723607423624
397,wM-539,2024-01-01 00:00:00.000000,DIP,8,10.0,786.3129252650189,757.8485640618062,0.0,0.0,105.2933992307076,2005.5595289499909,0.0,2193.8867019378167
398,wM-541,2024-01-01 00:00:00.000000,DIP,8,54.0,786.3129252650189,757.8485640618062,0.0,0.0,81.78396477676718,2006.6341617234093,0.0,2193.8867019378167
399,wM-542,2024-01-01 00:00:00.000000,DIP,8,373.0,817.0167821929234,800.7297257541392,11.03121840805508,6.032129770845571,36.57723969251023,2060.881525321678,0.0,2245.728383675184
400,wM-30,2024-08-01 00:00:00.000000,DIP,8,18.0,2037.489828935402,2055.1510553520543,0.0,0.0,59.44201499421288,2769.299828009868,0.0,451.8859545485088
401,wM-14,2024-08-01 00:00:00.000000,DIP,12,39.0,1329.5897584781087,1347.385837739315,0.0,0.0,74.5676518971028,2121.6744579614415,0.0,1374.696050729836
402,wM-218,2024-08-01 00:00:00.000000,DIP,4,56.0,1328.258727455605,1345.7770236322879,0.0,0.0,34.32137943717816,2065.60545468,0.0,1410.4441569106375
403,wM-226,2024-08-01 00:00:00.000000,DIP,4,35.0,704.8512403187617,722.6316625640513,0.0,0.0,34.54891183128808,1702.0062394606334,0.0,2141.5627565094146
404,wM-144,2024-08-01 00:00:00.000000,DIP,4,35.0,670.0320539134931,687.7888359314131,0.0,0.0,32.224887925470526,1738.7568160515302,0.0,2140.7230441674974
405,wM-549,2024-08-01 00:00:00.000000,DIP,6,16.0,2.637673718491663,19.02874619325017,724.29821566805,0.0,79.40650032846396,2143.367174566288,0.0,2406.991494763257
406,wM-590,1979-01-01 00:00:00.000000,CAS,4,491.0,783.3533759379105,792.2938749186227,0.0,0.0,40.69229475436608,1659.088257749775,0.0,1558.8979670328952
