OBJECTID,FACILITYID,MATERIAL_cof,DIAMETER,LENGTH,Major_Road,Major_Intersection,Minor_Intersection,Minor_Road,Buildings,Railroad,ROW,WaterAreas,WaterLines,zone,affected_lats,SchoolChildcare,Healthcare,CriticalCustomers,DIAMETER_score,Railroad_score,Buildings_score,WaterBodies_score,affected_lats_score,school_childcare_score,medical_score,critical_cust_score,Roadway_score,COF,INSTALLDATE,MATERIAL_lof,Age,Material,Service Life,Service Life Score,Breaks,Breaks_score,Z_MAX,Break Density Score,LOF,COF_normalized,LOF_normalized,RISK
1,wM-1,DIP,6,788.0,0.0,0.0,305.11503056053186,0.0,38.20564354167725,2898.1357950499646,,1844.7278054377527,,Zone-1,10.0,,,,4,0,0,0,1,0,0,0,10,3,2009-06-01 00:00:00.000000,DIP,15,DIP,90,2.0,1.0,8.0,65.98710811733345,5.0,5.0,6,5,30
2,wM-2,CAS,6,554.0,0.0,0.0,389.9248456812932,0.0,100.5282451521398,2337.302739721519,,2271.427517349752,,Zone-2,2.0,Connected,,,4,0,0,0,1,10,0,0,10,3,1968-01-01 17:28:00.000000,CAS,56,CAS,75,8.0,,0.0,37.57719071447985,4.0,5.0,6,5,30
3,wM-3,PVC,12,7.0,0.0,166.12378483364645,783.6179804714308,183.6151431197277,100.51936174407146,2333.6835454415823,,2547.0303214526148,,Zone-3,,,,,7,0,0,0,0,0,0,0,9,3,2000-01-01 17:13:00.000000,PVC,24,PVC,100,3.0,,0.0,,0.0,2.0,6,2,12
4,wM-4,CAS,6,4.0,0.0,166.12378483364645,790.5477375899886,183.6569114145977,100.51936174407146,2333.6835454415823,,2547.0303214526148,,Zone-3,,,,,4,0,0,0,0,0,0,0,9,2,1968-01-01 00:00:00.000000,CAS,56,CAS,75,8.0,,0.0,6.041889085521232,1.0,5.0,4,5,20
5,wM-5,DIP,6,4.0,0.0,162.00229554955632,789.3148126811376,179.5162837076927,100.51936174407146,2329.5474288596924,,2543.738287175656,,Zone-3,,,,,4,0,0,0,0,0,0,0,9,2,2009-06-01 00:00:00.000000,DIP,15,DIP,90,2.0,,0.0,5.930214767452304,1.0,2.0,4,2,8
6,wM-6,DIP,6,367.0,0.0,0.0,450.9158293466848,0.0,39.04422388372196,1773.2757300654891,,2105.449155863136,,Zone-4,10.0,,,,4,0,0,0,1,0,0,0,10,3,2009-06-01 00:00:00.000000,DIP,15,DIP,90,2.0,,0.0,9.955816802967648,1.0,2.0,6,2,12
7,wM-7,DIP,6,5.0,0.0,0.0,712.3331744266699,0.0,79.41425062561835,2140.034985139792,,2388.9079642597885,,Zone-4,10.0,,,,4,0,0,0,1,0,0,0,10,3,2009-06-01 00:00:00.000000,DIP,15,DIP,90,2.0,,0.0,2.9178094112381894,0.0,1.0,6,1,6
8,wM-8,DIP,6,190.0,0.0,0.0,712.3331744266699,0.0,77.05029254042371,2140.034985139792,,2388.9079642597885,,Zone-4,10.0,,,,4,0,0,0,1,0,0,0,10,3,2009-06-01 00:00:00.000000,DIP,15,DIP,90,2.0,,0.0,5.808848484912581,1.0,2.0,6,2,12
9,wM-9,DIP,4,775.0,35.11146756333617,17.80508729474525,0.0,0.0,75.63923556686515,2131.119918472068,,1918.060524770243,,Zone-5,5.0,,,,4,0,0,0,1,0,0,0,7,2,2024-08-01 00:00:00.000000,DIP,0,DIP,90,1.0,1.0,8.0,114.27004061258545,6.0,4.0,4,4,16
10,wM-10,DIP,4,7.0,809.778502547517,791.95205015168,0.0,0.0,81.67907248519754,2131.119918472068,,1916.1818131850584,,Zone-5,5.0,,,,4,0,0,0,1,0,0,0,7,2,2024-08-01 00:00:00.000000,DIP,0,DIP,90,1.0,,0.0,114.27004061258545,6.0,2.0,4,2,8
11,wM-11,DIP,12,4.0,809.778502547517,791.95205015168,0.0,0.0,84.13114802849134,2131.014590244225,,1914.527214034704,,Zone-5,5.0,,,,7,0,0,0,1,0,0,0,7,2,2024-08-01 00:00:00.000000,DIP,0,DIP,90,1.0,,0.0,114.71256509567807,6.0,2.0,4,2,8
12,wM-12,DIP,4,431.0,817.2295966709395,799.4032574903555,0.0,0.0,33.362290524682315,2123.4855951553586,,1501.8510030689283,,Zone-6,3.0,,,,4,0,0,0,1,0,0,0,7,2,2024-08-01 00:00:00.000000,DIP,0,DIP,90,1.0,1.0,8.0,141.74603804835348,7.0,5.0,4,5,20
13,wM-13,DIP,4,94.0,1248.7130143372513,1230.8885171906973,0.0,0.0,70.91449272777763,2118.449247803197,,1416.4295627347187,,Zone-7,,,,,4,0,0,0,0,0,0,0,7,2,2024-08-01 00:00:00.000000,DIP,0,DIP,90,1.0,,0.0,141.74603804835348,7.0,3.0,4,3,12
14,wM-544,CAS,12,663.0,1386.4141520273888,1368.6032569893555,0.0,0.0,18.5545780750011,2118.557785855011,,803.6874189738372,,Zone-8,11.0,,,,7,0,5,0,5,0,0,0,7,4,1969-01-01 18:09:00.000000,CAS,55,CAS,75,8.0,,0.0,139.89734059627696,10.0,7.0,8,7,56
15,wM-16,DIP,4,329.0,942.2660231788844,938.1932960589024,0.0,0.0,61.09105313814281,2701.2185676931585,,1309.2868499141184,,Zone-9,13.0,,,,4,0,0,0,5,0,0,0,7,3,2024-08-01 00:00:00.000000,DIP,0,DIP,90,1.0,,0.0,166.50487199429892,9.0,3.0,6,3,18
16,wM-17,DIP,6,620.0,0.0,0.0,275.0441744956429,0.0,28.566531742634105,1114.602430426928,,1681.9192092350777,,Zone-10,14.0,,,,4,0,0,0,5,0,0,0,10,3,2014-01-01 18:46:00.000000,DIP,10,DIP,90,2.0,,0.0,14.042522133114606,1.0,2.0,6,2,12
18,wM-19,DIP,6,40.0,0.0,0.0,431.00512969585526,0.0,50.29918709598925,1732.800784754187,,2075.889863509932,,Zone-10,14.0,,,,4,0,0,0,5,0,0,0,10,3,2009-01-01 00:00:00.000000,DIP,15,DIP,90,2.0,,0.0,10.915636613637863,1.0,2.0,6,2,12
19,wM-20,CAS,6,7.0,0.0,0.0,382.8391925349309,0.0,100.5282451521398,2891.6463797757115,,2264.419594114721,,Zone-2,2.0,zone,,,4,0,0,0,1,0,0,0,10,3,1955-01-01 00:00:00.000000,CAS,69,CAS,75,10.0,,0.0,38.21038847203333,4.0,6.0,6,6,36
20,wM-21,DIP,6,6.0,0.0,0.0,386.1031386098369,0.0,96.1843857908444,2891.6463797757115,,2268.353106016923,,Zone-2,2.0,zone,,,4,0,0,0,1,0,0,0,10,3,2009-06-01 00:00:00.000000,DIP,15,DIP,90,2.0,,0.0,38.194241956097216,3.0,2.0,6,2,12
21,wM-22,DIP,6,928.0,361.46080662156913,484.23299343529504,96.74375608846675,0.0,15.01908428666942,3918.129466655741,,647.8319374161886,,Zone-11,5.0,,,,4,0,5,0,1,0,0,0,6,2,1979-12-01 00:00:00.000000,DIP,45,DIP,90,5.0,,0.0,14.37001335442338,1.0,3.0,4,3,12
22,wM-25,DIP,6,171.0,354.9383785387607,385.0959459559353,0.0,0.0,42.5792186000406,3889.7005190744544,,1385.2203836821843,,Zone-12,5.0,,,,4,0,0,0,1,0,0,0,7,2,1979-12-01 00:00:00.000000,DIP,45,DIP,90,5.0,,0.0,0.0,0.0,3.0,4,3,12
23,wM-26,DIP,6,7.0,354.9386501776001,479.8768047336428,96.05918468858566,0.0,66.36185474867195,4060.2072598299646,,1379.070191335754,,Zone-12,5.0,,,,4,0,0,0,1,0,0,0,6,2,1979-12-01 00:00:00.000000,DIP,45,DIP,90,5.0,,0.0,0.0,0.0,3.0,4,3,12
24,wM-27,DIP,6,180.0,350.59665962116213,479.8764809193327,0.0,0.0,69.93145885367038,4060.859571121844,,1350.1717364466615,,Zone-12,5.0,,,,4,0,0,0,1,0,0,0,7,2,1979-12-01 00:00:00.000000,DIP,45,DIP,90,5.0,,0.0,0.0,0.0,3.0,4,3,12
25,wM-28,DIP,4,366.0,1240.1165039614195,1223.1460131450997,0.0,0.0,54.29373397437418,2906.557677417813,,917.6966664277264,,Zone-13,16.0,,,,4,0,0,0,5,0,0,0,7,3,2024-08-01 00:00:00.000000,DIP,0,DIP,90,1.0,1.0,8.0,177.2103279948336,9.0,5.0,6,5,30
26,wM-548,DIP,8,695.0,1957.443326786608,1957.4210561445493,0.0,0.0,38.276749156701946,2780.623572182144,,417.1303982564357,,Zone-14,6.0,,,,4,0,0,0,1,0,0,0,7,2,1985-01-01 18:23:00.000000,DIP,39,DIP,90,5.0,,0.0,0.0,0.0,3.0,4,3,12
27,wM-32,PVC,6,512.0,1540.2647102133033,1522.4796570436135,0.0,0.0,57.662035925958506,3115.779470115801,,415.2539560920163,,Zone-15,3.0,,,,4,0,0,0,1,0,0,0,7,2,1984-11-01 00:00:00.000000,PVC,40,PVC,100,4.0,,0.0,,0.0,2.0,4,2,8
28,wM-33,DIP,8,8.0,1952.8536545279512,1953.7381303578952,0.0,0.0,99.66435427062876,3407.2573808499715,,415.2539560920163,,Zone-15,3.0,,,,4,0,0,0,1,0,0,0,7,2,1985-01-29 18:24:00.000000,DIP,39,DIP,90,5.0,,0.0,0.0,0.0,3.0,4,3,12
29,wM-34,PVC,6,139.0,1952.8536545279512,1953.7381303578952,0.0,0.0,64.28974348272583,3413.7191182156266,,282.1218557060169,,Zone-15,3.0,,,,4,0,0,0,1,0,0,0,7,2,1984-12-01 00:00:00.000000,PVC,40,PVC,100,4.0,,0.0,,0.0,2.0,4,2,8
30,wM-35,PVC,6,418.0,1806.104776907388,1796.1075234299028,0.0,0.0,57.006988159390005,3493.428060433551,,217.092939143802,,Zone-16,7.0,,,,4,0,0,0,1,0,0,0,7,2,1984-12-01 00:00:00.000000,PVC,40,PVC,100,4.0,,0.0,,0.0,2.0,4,2,8
31,wM-36,DIP,4,648.0,1539.1244945921012,1521.3896131881584,0.0,0.0,43.221952726426494,2572.8648668597766,,747.4515274034246,,Zone-17,10.0,,,,4,0,0,0,1,0,0,0,7,2,2024-08-01 00:00:00.000000,DIP,0,DIP,90,1.0,2.0,10.0,197.75145430460103,10.0,6.0,4,6,24
32,wM-37,DIP,4,4.0,1536.9441244359427,1519.178690272957,0.0,0.0,78.28753865270883,3110.333308885444,,917.6966664277264,,Zone-13,16.0,,,,4,0,0,0,5,0,0,0,7,3,2024-08-01 00:00:00.000000,DIP,0,DIP,90,1.0,,0.0,160.88075059599117,8.0,3.0,6,3,18
33,wM-38,DIP,6,4.0,1536.9441244359427,1519.178690272957,0.0,0.0,78.04377245330393,3113.46491925188,,913.7308289323624,,Zone-13,16.0,,,,4,0,0,0,5,0,0,0,7,3,2024-08-01 00:00:00.000000,DIP,0,DIP,90,1.0,,0.0,160.07572686602666,8.0,3.0,6,3,18
34,wM-39,CAS,6,222.0,1149.6431006317612,1132.3948499571632,0.0,0.0,61.98885975276691,3662.228707350725,,694.9583912646996,,Zone-18,1.0,,,,4,0,0,0,1,0,0,0,7,2,1956-01-01 00:00:00.000000,CAS,68,CAS,75,10.0,,0.0,25.03553492041153,3.0,6.0,4,6,24
35,wM-40,CAS,6,336.0,766.1599865660556,783.7702162003404,0.0,0.0,39.97336210474895,3394.202612866872,,1035.26034263921,,Zone-19,12.0,,,,4,0,0,0,5,0,0,0,7,3,1956-01-01 00:00:00.000000,CAS,68,CAS,75,10.0,,0.0,56.52085003315565,5.0,7.0,6,7,42
36,wM-41,CAS,4,447.0,363.6567436142162,374.52777992414417,0.0,0.0,39.73535822111809,3392.3092933013195,,1359.8984381928788,,Zone-20,16.0,,,,4,0,0,0,5,0,0,0,7,3,1955-01-01 18:16:00.000000,CAS,69,CAS,75,10.0,,0.0,69.99362096938809,6.0,7.0,6,7,42
37,wM-43,DIP,8,499.0,0.0,0.0,534.4775106901761,6.127212276294387,48.74984589277607,312.75374817147434,,1594.2779301093317,,Zone-21,8.0,,,,4,0,0,0,1,0,0,0,10,3,2002-12-01 00:00:00.000000,DIP,22,DIP,90,3.0,,0.0,0.0,0.0,2.0,6,2,12
38,wM-44,DIP,8,12.0,0.0,0.0,594.299730724065,0.0,80.16186285614405,312.4021338662325,,1821.19768286446,,Zone-22,,,,,4,0,0,0,0,0,0,0,10,2,1995-01-01 18:42:00.000000,DIP,29,DIP,90,4.0,,0.0,0.0,0.0,2.0,4,2,8
39,wM-45,CAS,4,523.0,389.268607806031,371.9417054180879,0.0,0.0,15.995862434841785,1074.5080279896613,,1661.7049045555827,,Zone-23,6.0,,,,4,0,5,0,1,0,0,0,7,3,1958-01-01 16:22:00.000000,CAS,66,CAS,75,9.0,3.0,10.0,93.60767745710068,8.0,9.0,6,9,54
40,wM-46,CAS,4,378.0,83.4259936207343,89.83865369648208,0.0,0.0,15.884802161855085,759.666268013175,,1846.0930291012144,,Zone-24,5.0,,,,4,0,5,0,1,0,0,0,7,3,1958-01-01 00:00:00.000000,CAS,66,CAS,75,9.0,,0.0,93.9296440097322,8.0,7.0,6,7,42
41,wM-47,CAS,6,2.0,83.4259936207343,89.77838685716748,0.0,0.0,73.93136458997476,759.666268013175,,1845.2479352665327,,Zone-24,5.0,,,,4,0,0,0,1,0,0,0,7,2,1958-01-01 00:00:00.000000,CAS,66,CAS,75,9.0,,0.0,75.31847762321364,7.0,7.0,4,7,28
42,wM-48,CAS,4,2.0,81.79056220137451,87.8702673468819,0.0,0.0,73.93136458997476,758.053848189939,,1844.322091632706,,Zone-24,5.0,,,,4,0,0,0,1,0,0,0,7,2,1958-01-01 00:00:00.000000,CAS,66,CAS,75,9.0,,0.0,75.27752784474171,7.0,7.0,4,7,28
43,wM-49,DIP,8,493.0,0.0,0.0,28.91554932276708,0.0,15.363489505282862,719.1812527303769,,1276.2093144336764,,Zone-25,5.0,,,,4,0,5,0,1,0,0,0,10,3,1980-06-01 00:00:00.000000,DIP,44,DIP,90,5.0,,0.0,33.24859437935348,3.0,4.0,6,4,24
44,wM-53,DIP,12,33.0,0.0,0.0,292.91364148097523,0.34455671660061,47.69498989729484,1004.124843843512,,1279.5852778542708,,Zone-26,6.0,,,,7,0,0,0,1,0,0,0,10,3,1980-06-01 00:00:00.000000,DIP,44,DIP,90,5.0,,0.0,25.04470485467885,2.0,3.0,6,3,18
45,wM-54,DIP,12,4.0,0.0,0.0,302.4102761140622,0.0,50.21260589449746,1017.2756674613946,,1279.5852778542708,,Zone-26,6.0,,,,7,0,0,0,1,0,0,0,10,3,1980-06-01 00:00:00.000000,DIP,44,DIP,90,5.0,,0.0,24.237991609479767,2.0,3.0,6,3,18
46,wM-55,DIP,12,28.0,0.0,0.0,308.04579412254134,0.0,50.28522407944463,1023.4424129545652,,1281.3925894066335,,Zone-27,,,,,7,0,0,0,0,0,0,0,10,3,1980-06-01 00:00:00.000000,DIP,44,DIP,90,5.0,,0.0,24.173201418201035,2.0,3.0,6,3,18
47,wM-57,DIP,12,6.0,0.0,0.0,305.9688332386123,0.0,47.99471417247734,1020.861108489998,,1282.6440200123764,,Zone-27,,,,,7,0,0,0,0,0,0,0,10,3,1980-06-01 00:00:00.000000,DIP,44,DIP,90,5.0,,0.0,24.308562736341525,2.0,3.0,6,3,18
48,wM-59,DIP,8,808.0,0.0,0.0,337.62688877178385,0.0,22.626869713108345,707.2713633743926,,1146.1046446199064,,Zone-28,16.0,,,,4,0,0,0,5,0,0,0,10,3,2002-12-01 00:00:00.000000,DIP,22,DIP,90,3.0,,0.0,20.425263083061363,2.0,2.0,6,2,12
49,wM-61,DIP,8,616.0,0.0,0.0,349.5319967085166,0.0,24.648818148543388,712.4275142371296,,1585.2162007132565,,Zone-29,16.0,,,,4,0,0,0,5,0,0,0,10,3,2002-12-01 00:00:00.000000,DIP,22,DIP,90,3.0,,0.0,9.010819055620113,1.0,2.0,6,2,12
50,wM-62,DIP,12,397.0,0.0,0.0,361.669887022848,0.095745122200918,29.753719267105588,317.44520072694223,,1843.5766097226017,,Zone-30,1.0,,,,7,0,0,0,1,0,0,0,10,3,1998-01-29 18:41:00.000000,DIP,26,DIP,90,3.0,,0.0,8.665020012830425,1.0,2.0,6,2,12
51,wM-63,DIP,12,5.0,0.0,0.0,617.1900979977073,0.076595230091672,73.60832047040913,312.6421690500114,,1841.3712462851004,,Zone-22,,,,,7,0,0,0,0,0,0,0,10,3,2005-05-01 00:00:00.000000,DIP,19,DIP,90,3.0,,0.0,0.0,0.0,2.0,6,2,12
52,wM-64,DIP,8,6.0,0.0,0.0,617.2307867426557,0.076780685610211,70.35982684059887,312.64244678046185,,1841.371534453592,,Zone-22,,,,,4,0,0,0,0,0,0,0,10,2,2005-05-01 00:00:00.000000,DIP,19,DIP,90,3.0,,0.0,0.0,0.0,2.0,4,2,8
53,wM-65,DIP,8,17.0,0.0,0.0,358.15568683214366,0.0,53.57184503597984,717.30225108205,,2041.5049094472968,,Zone-31,,,,,4,0,0,0,0,0,0,0,10,2,2002-12-01 00:00:00.000000,DIP,22,DIP,90,3.0,,0.0,8.989140202892713,1.0,2.0,4,2,8
54,wM-67,DIP,8,691.0,0.0,0.0,358.47090348525813,4.505500994531236,8.411951850592875,714.3246458134503,,1500.0121175564232,,Zone-32,15.0,,,,4,0,5,0,5,0,0,0,10,4,2002-12-01 00:00:00.000000,DIP,22,DIP,90,3.0,,0.0,8.93792848873207,1.0,2.0,8,2,16
55,wM-68,DIP,8,6.0,0.0,0.0,462.8572934779813,373.29398603036,47.64701372681839,714.3246458134503,,1494.5232323915168,,Zone-33,,,,,4,0,0,0,0,0,0,0,10,2,2002-12-01 00:00:00.000000,DIP,22,DIP,90,3.0,,0.0,0.0,0.0,2.0,4,2,8
57,wM-70,PVC,8,46.0,0.0,0.0,462.8572934779813,351.95312105738304,11.630097584217522,668.870313963572,,1477.4031001750177,,Zone-33,,,,,4,0,5,0,0,0,0,0,10,3,2001-12-01 00:00:00.000000,PVC,23,PVC,100,3.0,,0.0,,0.0,2.0,6,2,12
58,wM-72,DIP,8,5.0,0.0,0.0,459.9547970126931,373.2388951336436,49.343713927408125,714.3700497388209,,1490.24736424392,,Zone-33,,,,,4,0,0,0,0,0,0,0,10,2,2002-12-01 00:00:00.000000,DIP,22,DIP,90,3.0,,0.0,0.0,0.0,2.0,4,2,8
59,wM-73,DIP,12,679.0,0.0,0.0,353.42835832703514,0.0,9.8913841124608,699.6247432564444,,767.998820606661,,Zone-34,13.0,,,,7,0,5,0,5,0,0,0,10,4,2002-12-01 00:00:00.000000,DIP,22,DIP,90,3.0,,0.0,0.0,0.0,2.0,8,2,16
60,wM-74,DIP,12,792.0,0.0,0.0,353.26164700482246,0.0,29.956336144370013,699.3200205480902,,461.9253110024816,,Zone-35,19.0,,,,7,0,0,0,5,0,0,0,10,4,2002-12-01 00:00:00.000000,DIP,22,DIP,90,3.0,,0.0,7.238826151381805,1.0,2.0,8,2,16
61,wM-75,DIP,8,620.0,0.0,0.0,356.435716527885,0.0,47.78322843364136,698.9136468386256,,480.8824748611465,,Zone-36,13.0,,,,4,0,0,0,5,0,0,0,10,3,2002-12-01 00:00:00.000000,DIP,22,DIP,90,3.0,,0.0,20.1856830330624,2.0,2.0,6,2,12
62,wM-76,DIP,8,309.0,0.0,0.0,361.272991647884,0.0,83.54766721218733,697.7035456859065,,813.551940060465,,Zone-37,3.0,,,,4,0,0,0,1,0,0,0,10,3,2002-12-01 00:00:00.000000,DIP,22,DIP,90,3.0,,0.0,19.88796390885403,2.0,2.0,6,2,12
63,wM-77,DIP,6,755.0,364.5711449030939,389.0209246493417,0.0,0.0,42.26614549223821,3585.628681954858,,1035.26034263921,,Zone-19,12.0,,,,4,0,0,0,5,0,0,0,7,3,1988-01-01 00:00:00.000000,DIP,36,DIP,90,4.0,,0.0,35.26151724963093,3.0,3.0,6,3,18
64,wM-78,CAS,6,6.0,1039.0165008874092,1027.433970156254,0.0,0.0,80.18122399140081,3585.628681954858,,1029.62385318509,,Zone-19,12.0,,,,4,0,0,0,5,0,0,0,7,3,1956-01-01 18:19:00.000000,CAS,68,CAS,75,10.0,,0.0,35.26151724963093,4.0,6.0,6,6,36
65,wM-79,DIP,4,600.0,808.1237239247228,791.9675789012636,0.0,0.0,38.49171903871244,2137.6444950179707,,1663.488391207963,,Zone-38,2.0,,,,4,0,0,0,1,0,0,0,7,2,2024-08-01 00:00:00.000000,DIP,0,DIP,90,1.0,,0.0,113.93033979541131,6.0,2.0,4,2,8
66,wM-81,DIP,4,4.0,813.4698244811008,795.6434697269475,0.0,0.0,81.79053965838678,2130.941473458942,,1910.919465794689,,Zone-6,3.0,,,,4,0,0,0,1,0,0,0,7,2,2024-08-01 00:00:00.000000,DIP,0,DIP,90,1.0,,0.0,115.15807249115,6.0,2.0,4,2,8
67,wM-90,DIP,6,2.0,359.059130799204,384.27447312623104,0.0,0.0,57.24219133319438,3887.70006466671,,1434.7755023105756,,Zone-39,4.0,,,,4,0,0,0,1,0,0,0,7,2,1979-12-01 00:00:00.000000,DIP,45,DIP,90,5.0,,0.0,0.0,0.0,3.0,4,3,12
68,wM-91,DIP,4,5.0,359.10733613271566,384.27447312623104,0.0,0.0,55.1948499105805,3887.2017783280335,,1430.5525016029153,,Zone-39,4.0,,,,4,0,0,0,1,0,0,0,7,2,1988-01-01 00:00:00.000000,DIP,36,DIP,90,4.0,,0.0,0.0,0.0,2.0,4,2,8
69,wM-93,CAS,6,7.0,1149.6431006317612,1132.3948499571632,107.90659242343372,0.0,61.98885975276691,3656.4554132115786,,903.9497891036668,,Zone-18,1.0,,,,4,0,0,0,1,0,0,0,6,2,1956-01-01 00:00:00.000000,CAS,68,CAS,75,10.0,,0.0,25.951619076322288,3.0,6.0,4,6,24
70,wM-94,CAS,6,130.0,1043.809444417294,1031.8327979008604,0.0,0.0,52.35835772743799,3588.991082475419,,906.0983252150776,,Zone-18,1.0,,,,4,0,0,0,1,0,0,0,7,2,1956-01-01 18:19:00.000000,CAS,68,CAS,75,10.0,,0.0,34.80222909421908,4.0,6.0,4,6,24
71,wM-100,DIP,6,1280.0,0.0,0.0,0.0,0.0,45.55878959444631,823.8124972529464,,1522.3636294783537,,Zone-40,7.0,Connected,,,4,0,0,0,1,10,0,0,10,3,1979-05-01 00:00:00.000000,DIP,45,DIP,90,5.0,1.0,8.0,37.80869951595417,3.0,6.0,6,6,36
72,wM-102,DIP,8,405.0,0.0,0.0,30.28529361768844,0.0,25.065475570959634,655.1408223452692,,1330.7402906243146,,Zone-41,4.0,,,,4,0,0,0,1,0,0,0,10,3,1980-05-31 17:06:00.000000,DIP,44,DIP,90,5.0,1.0,8.0,52.51468127974079,4.0,6.0,6,6,36
73,wM-103,DIP,8,5.0,0.0,0.0,197.55247186166216,0.0,22.56532431287475,649.742484586777,,1615.4271624924104,,Zone-41,4.0,,,,4,0,0,0,1,0,0,0,10,3,1980-05-31 00:00:00.000000,DIP,44,DIP,90,5.0,,0.0,52.51468127974079,4.0,4.0,6,4,24
74,wM-104,DIP,6,0.0,0.0,0.0,197.18753814758804,0.0,24.711326405860767,655.1339570488922,,1618.1316238208062,,Zone-41,4.0,,,,4,0,0,0,1,0,0,0,10,3,2004-12-01 00:00:00.000000,DIP,20,DIP,90,3.0,,0.0,52.54475575552294,4.0,3.0,6,3,18
75,wM-105,DIP,6,5.0,0.0,0.0,24.475667382911183,0.0,74.7985640454142,715.2267846847396,,1324.28990625221,,Zone-25,5.0,,,,4,0,0,0,1,0,0,0,10,3,1980-06-01 00:00:00.000000,DIP,44,DIP,90,5.0,,0.0,33.245004704641815,3.0,4.0,6,4,24
76,wM-106,DIP,8,6.0,0.0,0.0,29.29134683528312,0.0,77.25133169208434,715.4857977804854,,1328.9428460822862,,Zone-25,5.0,,,,4,0,0,0,1,0,0,0,10,3,1980-05-31 00:00:00.000000,DIP,44,DIP,90,5.0,,0.0,33.245004704641815,3.0,4.0,6,4,24
77,wM-109,PVC,6,553.0,159.73141317891398,582.7989478281451,1260.29494792359,600.5668389623911,303.9856044237663,1517.2777932113447,,2387.2575413871923,,Zone-42,8.0,,,,4,0,0,0,1,0,0,0,0,1,1981-12-01 00:00:00.000000,PVC,43,PVC,100,5.0,,0.0,,0.0,3.0,1,3,3
78,wM-110,PVC,6,12.0,159.73141317891398,582.7989478281451,1252.4233831769393,600.5668389623911,302.40952769129234,1517.2777932113447,,2382.891272923665,,Zone-42,8.0,,,,4,0,0,0,1,0,0,0,0,1,1981-12-01 00:00:00.000000,PVC,43,PVC,100,5.0,,0.0,,0.0,3.0,1,3,3
79,wM-112,CAS,4,790.0,382.2869326840786,364.62904727727886,0.0,0.0,39.38446043679307,1094.8652960812235,,870.654962339498,,Zone-43,14.0,,,,4,0,0,0,5,0,0,0,7,3,1959-01-01 18:52:00.000000,CAS,65,CAS,75,9.0,1.0,8.0,39.400295037636816,4.0,8.0,6,8,48
82,wM-116,DIP,6,203.0,384.98533291383126,368.3464922485532,0.0,0.0,45.18374248281996,1106.005940849816,,873.3072884839987,,Zone-44,3.0,,,,4,0,0,0,1,0,0,0,7,2,1985-01-01 18:38:00.000000,DIP,39,DIP,90,5.0,,0.0,33.82138281398484,3.0,4.0,4,4,16
83,wM-118,DIP,6,472.0,534.0400133023667,517.4164718927373,0.0,0.0,76.70307215217314,1237.9347999951112,,1249.0918563916173,,Zone-45,8.0,,,,4,0,0,0,1,0,0,0,7,2,1979-12-01 00:00:00.000000,DIP,45,DIP,90,5.0,,0.0,34.07490998544202,3.0,4.0,4,4,16
84,wM-119,DIP,6,707.0,751.296935717998,793.9332550989623,0.0,0.0,39.96484747378186,1465.901976654218,,1297.2355673711745,,Zone-46,12.0,,,,4,0,0,0,5,0,0,0,7,3,1990-01-01 00:00:00.000000,DIP,34,DIP,90,4.0,,0.0,44.157673399808594,4.0,3.0,6,3,18
85,wM-120,DIP,6,541.0,0.0,0.0,310.046571634915,0.0,47.85888859473237,3722.174956937103,,1700.8758138670405,,Zone-47,5.0,,,,4,0,0,0,1,0,0,0,10,3,1983-01-01 18:21:00.000000,DIP,41,DIP,90,5.0,,0.0,0.0,0.0,3.0,6,3,18
86,wM-124,DIP,6,29.0,0.0,0.0,305.47720626636163,0.0,56.71815296982872,3683.906379791189,,1838.3147473259453,,Zone-39,4.0,,,,4,0,0,0,1,0,0,0,10,3,2009-06-01 00:00:00.000000,DIP,15,DIP,90,2.0,,0.0,0.0,0.0,1.0,6,1,6
87,wM-125,DIP,6,11.0,0.0,0.0,309.681721256274,0.0,69.36164511218112,3711.419838343808,,1834.267998850726,,Zone-39,4.0,,,,4,0,0,0,1,0,0,0,10,3,1983-01-01 00:00:00.000000,DIP,41,DIP,90,5.0,,0.0,0.0,0.0,3.0,6,3,18
88,wM-126,DIP,6,366.0,0.0,0.0,0.0,0.0,28.647546287040143,3711.419838343808,,1506.1217948002145,,Zone-39,4.0,,,,4,0,0,0,1,0,0,0,10,3,1983-01-01 00:00:00.000000,DIP,41,DIP,90,5.0,,0.0,0.0,0.0,3.0,6,3,18
89,wM-543,CAS,6,449.0,3.443920530858825,0.0,0.0,0.0,55.84520729367066,2895.825534468041,,1822.3077510395333,,Zone-20,16.0,,,,4,0,0,0,5,0,0,0,10,3,1955-01-01 00:00:00.000000,CAS,69,CAS,75,10.0,,0.0,70.31170645770871,6.0,7.0,6,7,42
90,wM-129,DIP,6,173.0,359.10733613271566,345.2761358896433,0.0,0.0,35.171843382187866,3714.659481992629,,1435.4652226652267,,Zone-39,4.0,,,,4,0,0,0,1,0,0,0,7,2,1979-12-01 00:00:00.000000,DIP,45,DIP,90,5.0,,0.0,0.0,0.0,3.0,4,3,12
91,wM-130,CAS,6,140.0,362.8376109885243,345.2614648098192,0.0,2.596465293422781,36.04733602338522,3574.8374492567764,,1506.1217948002145,,Zone-39,4.0,,,,4,0,0,0,1,0,0,0,7,2,1955-01-01 18:25:00.000000,CAS,69,CAS,75,10.0,,0.0,69.51440761349068,6.0,7.0,4,7,28
92,wM-131,CAS,6,16.0,363.6567436142162,368.9808193070168,0.0,0.0,41.75926324140416,3558.81963383874,,1574.720113499439,,Zone-20,16.0,,,,4,0,0,0,5,0,0,0,7,3,1955-01-01 18:25:00.000000,CAS,69,CAS,75,10.0,,0.0,69.99362096938809,6.0,7.0,6,7,42
93,wM-136,DIP,6,652.0,1330.2195852594116,1318.1710228312468,0.0,0.0,19.65444417957755,3775.0657179923487,,231.75950635673803,,Zone-48,3.0,,,,4,0,5,0,1,0,0,0,7,3,1980-01-01 18:51:00.000000,DIP,44,DIP,90,5.0,,0.0,0.0,0.0,3.0,6,3,18
94,wM-140,DIP,6,254.0,1183.3120842856829,1206.5728322438135,0.0,0.0,39.30359126136501,3789.9476137170286,,648.6474022581449,,Zone-48,3.0,,,,4,0,0,0,1,0,0,0,7,2,1980-01-01 18:51:00.000000,DIP,44,DIP,90,5.0,,0.0,0.0,0.0,3.0,4,3,12
95,wM-141,CAS,6,2.0,1328.5211603181904,1316.3655921505735,0.0,0.0,87.173962394333,3788.743771137232,,692.9696191532527,,Zone-48,3.0,,,,4,0,0,0,1,0,0,0,7,2,1956-01-01 00:00:00.000000,CAS,68,CAS,75,10.0,,0.0,0.0,0.0,5.0,4,5,20
96,wM-143,PVC,6,16.0,1796.3320155528838,1787.467599299497,66.4975147508503,10.22367486821886,83.64030615053603,3825.071947041416,,226.5673643318448,,Zone-16,7.0,,,,4,0,0,0,1,0,0,0,0,1,1984-12-01 00:00:00.000000,PVC,40,PVC,100,4.0,,0.0,,0.0,2.0,1,2,2
98,wM-145,DIP,4,2.0,723.1110650125386,705.2919467561798,0.0,0.0,35.845367319647586,1733.6021797759352,,2141.6811670621864,,Zone-49,17.0,,,,4,0,0,0,5,0,0,0,7,3,2024-08-01 00:00:00.000000,DIP,0,DIP,90,1.0,,0.0,122.70855870324252,6.0,2.0,6,2,12
99,wM-146,DIP,4,13.0,723.1110650125386,705.3025673593872,0.0,0.0,34.530302080186296,1735.4020520700662,,2129.471616249917,,Zone-49,17.0,,,,4,0,0,0,5,0,0,0,7,3,2024-08-01 00:00:00.000000,DIP,0,DIP,90,1.0,,0.0,123.87305260717712,6.0,2.0,6,2,12
100,wM-148,DIP,8,10.0,2043.7442437870127,2026.1144657907275,0.0,0.0,75.36784899759121,2757.854095141432,,450.87200878351496,,Zone-50,9.0,,,,4,0,0,0,1,0,0,0,7,2,2024-08-01 00:00:00.000000,DIP,0,DIP,90,1.0,,0.0,0.0,0.0,1.0,4,1,4
101,wM-150,DIP,4,12.0,1846.3574166838168,1842.0023549171376,0.0,0.0,55.75805959317008,2562.990833751237,,742.3477124022319,,Zone-50,9.0,,,,4,0,0,0,1,0,0,0,7,2,2024-08-01 00:00:00.000000,DIP,0,DIP,90,1.0,,0.0,158.33724141112825,8.0,3.0,4,3,12
102,wM-152,DIP,4,7.0,1314.5190825938582,1296.6895954464976,0.0,0.0,70.50168416439801,2144.514170632568,,1429.1386004365745,,Zone-51,7.0,,,,4,0,0,0,1,0,0,0,7,2,2024-08-01 00:00:00.000000,DIP,0,DIP,90,1.0,,0.0,144.90026716422443,7.0,3.0,4,3,12
103,wM-153,DIP,4,664.0,942.2660231788844,938.1932960589024,0.0,0.0,55.037938066049854,2150.1901541201173,,1430.8559133626484,,Zone-9,13.0,,,,4,0,0,0,5,0,0,0,7,3,2024-08-01 00:00:00.000000,DIP,0,DIP,90,1.0,,0.0,159.73045659440004,8.0,3.0,6,3,18
104,wM-154,DIP,4,36.0,912.683104492888,912.9511559379464,0.0,0.0,80.74428363594599,2680.918469994197,,1628.000109304607,,Zone-9,13.0,,,,4,0,0,0,5,0,0,0,7,3,2024-08-01 00:00:00.000000,DIP,0,DIP,90,1.0,1.0,8.0,117.44562452222344,6.0,4.0,6,4,24
105,wM-155,DIP,12,715.0,735.6327584806955,717.8426500263004,0.0,0.0,26.47177265624628,1737.483646491441,,1429.1386004365745,,Zone-51,7.0,,,,7,0,0,0,1,0,0,0,7,2,2024-08-01 00:00:00.000000,DIP,0,DIP,90,1.0,,0.0,144.22062459596685,7.0,3.0,4,3,12
106,wM-156,DIP,4,667.0,1240.1165039614195,1223.1460131450997,0.0,0.0,32.91678774930839,2352.779528042203,,1081.1623562591478,,Zone-13,16.0,,,,4,0,0,0,5,0,0,0,7,3,2024-08-01 00:00:00.000000,DIP,0,DIP,90,1.0,2.0,10.0,215.5453789791636,10.0,6.0,6,6,36
107,wM-157,DIP,4,38.0,1209.0732989139897,1191.4828656229831,0.0,0.0,79.8042834459267,2884.9184259349154,,1272.21047106389,,Zone-13,16.0,,,,4,0,0,0,5,0,0,0,7,3,2024-08-01 00:00:00.000000,DIP,0,DIP,90,1.0,1.0,8.0,170.15422011555685,9.0,5.0,6,5,30
109,wM-160,DIP,12,395.0,0.0,0.0,0.0,0.0,27.619618212129577,718.1080984216297,,2058.51554811545,,Zone-53,1.0,,,,7,0,0,0,1,0,0,0,10,3,2024-01-29 18:41:00.000000,DIP,0,DIP,90,1.0,,0.0,59.47436653473783,5.0,2.0,6,2,12
112,wM-163,CAS,12,683.0,8.086752161289873,0.0,0.0,0.0,7.275935270980434,1111.8638085061204,,1685.589356455778,,Zone-56,16.0,,,,7,0,5,0,5,0,0,0,10,4,1998-01-01 18:40:00.000001,CAS,26,CAS,75,4.0,,0.0,59.63090294554858,5.0,4.0,8,4,32
114,wM-165,CAS,4,45.0,388.8901838309882,371.2026067521281,0.0,0.0,40.59365997269212,1113.7888964850015,,2280.36012401494,,Zone-56,16.0,,,,4,0,0,0,5,0,0,0,7,3,1977-08-10 16:39:00.000000,CAS,47,CAS,75,7.0,,0.0,60.11457599279613,5.0,5.0,6,5,30
117,wM-171,CAS,12,3.0,5.048633474033926,0.0,281.2403619732895,0.0,27.930227414293327,1111.8181050452697,,1683.00495315776,,Zone-57,2.0,,,,7,0,0,0,1,0,0,0,10,3,1998-01-01 00:00:00.000000,CAS,26,CAS,75,4.0,,0.0,5.202876842909517,1.0,3.0,6,3,18
118,wM-172,DIP,6,3.0,1.883944371094044,0.0,278.07176467436807,0.0,33.353166653250334,1111.7708422646094,,1680.314678740088,,Zone-57,2.0,,,,4,0,0,0,1,0,0,0,10,3,2014-01-01 13:56:30.000000,DIP,10,DIP,90,2.0,,0.0,4.911294821247493,0.0,1.0,6,1,6
119,wM-173,CAS,12,3.0,1.883944371094044,0.0,278.07176467436807,0.0,30.87829159482129,1111.7708422646094,,1680.314678740088,,Zone-57,2.0,,,,7,0,0,0,1,0,0,0,10,3,1998-01-01 13:52:40.000000,CAS,26,CAS,75,4.0,,0.0,5.0091354958870005,1.0,3.0,6,3,18
120,wM-174,CAS,12,162.0,0.0,0.0,116.37445050973778,0.0,17.45891937285144,1107.6949467927095,,1544.4981260641423,,Zone-57,2.0,,,,7,0,5,0,1,0,0,0,10,3,1998-01-01 18:39:00.000000,CAS,26,CAS,75,4.0,,0.0,4.807732554028534,1.0,3.0,6,3,18
122,wM-176,DIP,8,643.0,0.0,0.0,0.0,0.0,23.199658985360497,309.05919787332857,,1288.5630316982788,,Zone-58,10.0,,,,4,0,0,0,1,0,0,0,10,3,1995-01-01 18:16:00.000000,DIP,29,DIP,90,4.0,,0.0,0.0,0.0,2.0,6,2,12
123,wM-177,DIP,12,5.0,0.0,0.0,606.5084057819938,0.0,76.72675815613155,307.8965206733505,,1829.747646839768,,Zone-22,,,,,7,0,0,0,0,0,0,0,10,3,2005-05-01 00:00:00.000000,DIP,19,DIP,90,3.0,,0.0,0.0,0.0,2.0,6,2,12
124,wM-178,DIP,12,11.0,0.0,0.0,606.516108758746,0.0,73.60844497809758,312.5127002455381,,1831.9371232788508,,Zone-22,,,,,7,0,0,0,0,0,0,0,10,3,2005-05-01 00:00:00.000000,DIP,19,DIP,90,3.0,,0.0,0.0,0.0,2.0,6,2,12
125,wM-181,DIP,12,194.0,0.0,0.0,523.0003262267348,0.0,27.112515570372786,68.5339126538233,,1600.282346529974,,Zone-59,2.0,,,,7,5,0,0,1,0,0,0,10,3,2005-05-01 00:00:00.000000,DIP,19,DIP,90,3.0,,0.0,0.6379041044637924,0.0,2.0,6,2,12
126,wM-183,CAS,6,852.0,44.04291084269503,27.184041307886726,528.749379439608,0.0,16.51897100130539,253.8406889645556,,763.4492839420013,,Zone-60,8.0,,,,4,0,5,0,1,0,0,0,6,2,1960-01-01 16:26:00.000000,CAS,64,CAS,75,9.0,,0.0,0.2971299967481391,0.0,5.0,4,5,20
127,wM-184,DIP,6,795.0,389.3214378655383,371.5008524005577,0.0,0.0,36.06495140817528,254.4884918885517,,723.9525420358904,,Zone-61,6.0,,,,4,0,0,0,1,0,0,0,7,2,1980-01-01 00:00:00.000000,DIP,44,DIP,90,5.0,,0.0,19.96021107785365,2.0,3.0,4,3,12
128,wM-185,DIP,12,318.0,58.027578213290894,40.99803234291458,0.0,0.0,22.300564069076568,767.3272967662784,,811.9873282820024,,Zone-62,2.0,,,,7,0,0,0,1,0,0,0,7,2,2006-01-01 00:00:00.000000,DIP,18,DIP,90,2.0,,0.0,0.0,0.0,1.0,4,1,4
129,wM-186,DIP,12,3.0,0.0,0.0,350.43516279644854,0.0,54.912714770928105,699.5476137155728,,764.1461914925969,,Zone-35,19.0,,,,7,0,0,0,5,0,0,0,10,4,2002-12-01 00:00:00.000000,DIP,22,DIP,90,3.0,,0.0,0.0,0.0,2.0,8,2,16
130,wM-187,DIP,12,5.0,0.0,0.0,353.31405098665795,0.0,52.86566090026558,699.5476137155728,,764.1461914925969,,Zone-35,19.0,,,,7,0,0,0,5,0,0,0,10,4,2002-12-01 00:00:00.000000,DIP,22,DIP,90,3.0,,0.0,0.0,0.0,2.0,8,2,16
131,wM-188,DIP,12,379.0,0.0,0.0,514.6847804985613,0.0,36.5646888370006,259.4936560834297,,1538.689642509631,,Zone-63,1.0,,,,7,0,0,0,1,0,0,0,10,3,2005-05-01 00:00:00.000000,DIP,19,DIP,90,3.0,,0.0,36.023397312695096,3.0,3.0,6,3,18
132,wM-189,DIP,8,613.0,0.0,0.0,88.06913573017215,0.0,6.485524027300819,645.5329592624433,,1539.0639622316248,,Zone-64,1.0,,,,4,0,5,0,1,0,0,0,10,3,2005-05-01 00:00:00.000000,DIP,19,DIP,90,3.0,,0.0,63.35377687185189,5.0,3.0,6,3,18
133,wM-190,DIP,6,3.0,0.0,0.0,105.7549431685966,0.0,22.682419666261737,648.3020745325805,,1727.4835502721107,,Zone-64,1.0,,,,4,0,0,0,1,0,0,0,10,3,2004-12-01 00:00:00.000000,DIP,20,DIP,90,3.0,,0.0,59.92405465721026,5.0,3.0,6,3,18
134,wM-191,CAS,4,130.0,0.0,0.0,0.0,0.0,25.340741043680243,650.9658022221917,,1728.7283268925344,,Zone-65,,,,,4,0,0,0,0,0,0,0,10,2,1958-01-01 00:00:00.000000,CAS,66,CAS,75,9.0,,0.0,75.0642460589462,7.0,7.0,4,7,28
135,wM-192,DIP,8,129.0,0.0,0.0,108.0414988012167,0.0,8.83555084436774,648.3020745325805,,1618.498798742853,,Zone-64,1.0,,,,4,0,5,0,1,0,0,0,10,3,2004-12-01 00:00:00.000000,DIP,20,DIP,90,3.0,,0.0,59.61484508463088,5.0,3.0,6,3,18
136,wM-193,CAS,4,1074.0,665.4846348027776,649.7761902300545,0.0,0.0,44.37594460056125,1344.2291620441033,,2044.970126219336,,Zone-66,3.0,,,,4,0,0,0,1,0,0,0,7,2,1958-01-01 00:00:00.000000,CAS,66,CAS,75,9.0,,0.0,64.49499234434757,6.0,6.0,4,6,24
137,wM-194,CAS,4,30.0,400.98131657424807,472.23484783197375,0.0,0.0,15.995862434841785,1074.5080279896613,,1872.8442047429253,,Zone-23,6.0,,,,4,0,5,0,1,0,0,0,7,3,1958-01-01 00:00:00.000000,CAS,66,CAS,75,9.0,,0.0,93.80127619325972,8.0,7.0,6,7,42
138,wM-195,CAS,4,5.0,397.20989488992336,467.7084080463925,0.0,0.0,15.928919342821189,1070.7487522977292,,1872.8442047429253,,Zone-23,6.0,,,,4,0,5,0,1,0,0,0,7,3,1958-01-01 00:00:00.000000,CAS,66,CAS,75,9.0,,0.0,93.68410234543693,8.0,7.0,6,7,42
139,wM-198,CAS,4,378.0,355.3415131415147,345.7154175324735,0.0,0.0,11.650995293144735,1037.9418224697624,,1702.7839869594115,,Zone-67,2.0,,,,4,0,5,0,1,0,0,0,7,3,1958-01-01 00:00:00.000000,CAS,66,CAS,75,9.0,,0.0,68.23668752707226,6.0,6.0,6,6,36
140,wM-199,CAS,4,432.0,418.2928505005151,473.3102898461194,0.0,0.0,40.29372478637868,1091.9398629847876,,1899.4567819191248,,Zone-66,3.0,,,,4,0,0,0,1,0,0,0,7,2,1958-01-01 00:00:00.000000,CAS,66,CAS,75,9.0,,0.0,93.80127619325972,8.0,7.0,4,7,28
141,wM-200,CAS,4,1241.0,94.50722851745216,103.13780007091272,0.0,0.0,44.64145938201636,770.5916006194819,,1672.5164884348883,,Zone-68,11.0,,,,4,0,0,0,5,0,0,0,7,3,1958-01-01 00:00:00.000000,CAS,66,CAS,75,9.0,1.0,8.0,77.53253839452888,7.0,9.0,6,9,54
142,wM-204,DIP,12,671.0,0.0,0.0,619.1121342304493,0.0,40.2778793688176,1506.8871331441896,,1620.9399930111658,,Zone-69,3.0,,,,7,0,0,0,1,0,0,0,10,3,1979-01-01 18:10:00.000000,DIP,45,DIP,90,5.0,1.0,8.0,45.50041231211548,4.0,6.0,6,6,36
143,wM-205,DIP,6,2.0,0.0,0.0,874.4896159448942,0.0,173.87822573895403,1886.206572425368,,2060.2884993598905,,Zone-69,3.0,,,,4,0,0,0,1,0,0,0,10,3,1979-04-30 12:43:43.000000,DIP,45,DIP,90,5.0,,0.0,37.17978728914373,3.0,4.0,6,4,24
145,wM-207,DIP,12,855.0,0.0,0.0,876.3846676579175,0.0,175.11017796223047,1890.8466086908609,,2065.53730115446,,Zone-70,2.0,,,,7,0,0,0,1,0,0,0,10,3,1980-06-01 00:00:00.000000,DIP,44,DIP,90,5.0,,0.0,37.058164867210685,3.0,4.0,6,4,24
146,wM-208,DIP,12,646.0,1297.2206803061915,1279.59227601817,0.0,0.0,225.04750609780388,806.8461011951476,,1529.120473729478,,Zone-71,4.0,,,,7,0,0,0,1,0,0,0,7,2,1980-06-01 00:00:00.000000,DIP,44,DIP,90,5.0,,0.0,8.82901932228249,1.0,3.0,4,3,12
147,wM-209,DIP,4,973.0,759.9972231626931,743.4300956323094,0.0,0.0,48.37985337252154,91.11971253505422,,722.7569170849852,,Zone-72,5.0,,,,4,5,0,0,1,0,0,0,7,3,1979-05-01 00:00:00.000000,DIP,45,DIP,90,5.0,1.0,8.0,29.641974815066504,3.0,6.0,6,6,36
148,wM-210,DIP,4,6.0,1318.4218320358102,1300.5917405603443,0.0,0.0,67.37895746085114,2144.514170632568,,1423.6207448633215,,Zone-51,7.0,,,,4,0,0,0,1,0,0,0,7,2,2024-08-01 00:00:00.000000,DIP,0,DIP,90,1.0,,0.0,144.6151870067622,7.0,3.0,4,3,12
149,wM-212,DIP,4,368.0,1619.2462577112055,1612.3193433939537,0.0,0.0,45.43180187099438,2352.779528042203,,742.3477124022319,,Zone-50,9.0,,,,4,0,0,0,1,0,0,0,7,2,2024-08-01 00:00:00.000000,DIP,0,DIP,90,1.0,2.0,10.0,174.5177371252239,9.0,6.0,4,6,24
150,wM-213,DIP,4,355.0,1323.1189555515589,1305.2892440964356,0.0,0.0,25.167421282014217,2147.7609531210023,,1083.2612441264064,,Zone-73,4.0,,,,4,0,0,0,1,0,0,0,7,2,2024-08-01 00:00:00.000000,DIP,0,DIP,90,1.0,,0.0,173.21364332083672,9.0,3.0,4,3,12
151,wM-214,DIP,4,355.0,2043.7442437870127,2026.1144657907275,0.0,0.0,43.864926886259965,2757.854095141432,,121.7080725295726,,Zone-74,5.0,,,,4,0,0,0,1,0,0,0,7,2,2024-08-01 00:00:00.000000,DIP,0,DIP,90,1.0,,0.0,0.0,0.0,1.0,4,1,4
152,wM-215,DIP,4,2.0,1617.403839556143,1610.3469013542897,0.0,0.0,56.798414625565904,2351.509204667076,,1081.1623562591478,,Zone-13,16.0,,,,4,0,0,0,5,0,0,0,7,3,2024-08-01 00:00:00.000000,DIP,0,DIP,90,1.0,,0.0,173.27821211897975,9.0,3.0,6,3,18
153,wM-216,DIP,4,342.0,1846.3574166838168,1842.0023549171376,0.0,0.0,44.9711888673438,2562.990833751237,,450.87200878351496,,Zone-50,9.0,,,,4,0,0,0,1,0,0,0,7,2,2024-08-01 00:00:00.000000,DIP,0,DIP,90,1.0,1.0,8.0,155.81163385458734,8.0,5.0,4,5,20
154,wM-217,CAS,4,392.0,386.6108611136367,369.156490914624,0.0,0.0,22.015027101533345,1106.4168765274635,,1743.880470237351,,Zone-75,9.0,,,,4,0,0,0,1,0,0,0,7,2,1968-01-01 00:00:00.000000,CAS,56,CAS,75,8.0,,0.0,80.59007287508115,7.0,6.0,4,6,24
155,wM-546,CAS,4,239.0,1103.10254776929,1085.549059896981,0.0,0.0,28.188748674884867,1822.9263272897344,,1433.496140240149,,Zone-8,11.0,,,,4,0,0,0,5,0,0,0,7,3,1968-01-01 00:00:00.000000,CAS,56,CAS,75,8.0,1.0,8.0,133.3329297444,10.0,9.0,6,9,54
156,wM-219,DIP,4,6.0,1342.2581829813428,1324.4504659266074,0.0,0.0,77.07620507470617,2118.449247803197,,1411.220767604232,,Zone-8,11.0,,,,4,0,0,0,5,0,0,0,7,3,2024-08-01 00:00:00.000000,DIP,0,DIP,90,1.0,,0.0,140.7333557989955,7.0,3.0,6,3,18
157,wM-220,CAS,4,405.0,1094.193212201552,1077.6412150197934,0.0,0.0,31.07823436710948,1814.859017547016,,1229.280947365022,,Zone-75,9.0,,,,4,0,0,0,1,0,0,0,7,2,1968-01-01 17:10:00.000000,CAS,56,CAS,75,8.0,,0.0,107.27693917193446,9.0,7.0,4,7,28
158,wM-221,CAS,4,8.0,1095.1945637371566,1077.6412150197934,0.0,0.0,103.00799314674312,1815.0181469575505,,1548.0059771647375,,Zone-75,9.0,,,,4,0,0,0,1,0,0,0,7,2,1967-12-31 13:48:04.000000,CAS,57,CAS,75,8.0,,0.0,107.96570580542829,9.0,7.0,4,7,28
159,wM-223,DIP,8,572.0,1095.5892925933767,1092.5284656918827,0.0,0.0,41.35837415786664,1814.4388251804808,,796.543509246333,,Zone-76,2.0,,,,4,0,0,0,1,0,0,0,7,2,1985-01-01 18:21:00.000000,DIP,39,DIP,90,5.0,,0.0,69.57885324908975,5.0,4.0,4,4,16
160,wM-224,CAS,4,785.0,776.9319951286709,761.4292856009346,0.0,0.0,32.05922478207581,1495.3810892733222,,1197.208120465846,,Zone-77,10.0,,,,4,0,0,0,1,0,0,0,7,2,1997-01-01 17:42:00.000001,CAS,27,CAS,75,4.0,1.0,8.0,80.02775910247796,7.0,6.0,4,6,24
161,wM-225,CAS,4,622.0,741.6536135771721,740.2734258979187,0.0,0.0,39.42393731066775,1498.927676962986,,1745.3727011198905,,Zone-52,11.0,,,,4,0,0,0,5,0,0,0,7,3,1969-01-01 17:49:00.000000,CAS,55,CAS,75,8.0,,0.0,117.35618013674622,9.0,7.0,6,7,42
163,wM-228,CAS,4,4.0,778.8548637923172,761.4292856009346,0.0,0.0,80.80842831047086,1498.681778040669,,1741.0179499877106,,Zone-75,9.0,,,,4,0,0,0,1,0,0,0,7,2,1997-01-01 00:00:00.000000,CAS,27,CAS,75,4.0,,0.0,80.59007287508115,7.0,4.0,4,4,16
164,wM-229,CAS,4,316.0,778.9836233431331,761.4447582243134,0.0,0.0,82.17409523457799,1498.799366380082,,1552.2737745922886,,Zone-75,9.0,,,,4,0,0,0,1,0,0,0,7,2,1968-01-01 00:00:00.000000,CAS,56,CAS,75,8.0,,0.0,107.27693917193446,9.0,7.0,4,7,28
165,wM-230,CAS,4,2.0,778.9836233431331,761.4447582243134,0.0,0.0,82.17409523457799,1498.799366380082,,1743.880470237351,,Zone-75,9.0,,,,4,0,0,0,1,0,0,0,7,2,1969-01-01 00:00:00.000000,CAS,55,CAS,75,8.0,,0.0,80.899343350241,7.0,6.0,4,6,24
166,wM-231,CAS,6,838.0,385.55297549032497,595.5669846664213,0.0,0.0,82.02714795329153,1096.600923741042,,1019.1619608068972,,Zone-78,1.0,,,,4,0,0,0,1,0,0,0,7,2,1997-01-01 17:42:00.000001,CAS,27,CAS,75,4.0,,0.0,31.03597837390044,3.0,3.0,4,3,12
167,wM-232,CAS,6,3.0,778.3485128572521,760.5312218273193,0.0,0.0,104.23135954144432,1492.2497113619224,,1195.0059569465575,,Zone-78,1.0,,,,4,0,0,0,1,0,0,0,7,2,1967-01-01 00:00:00.000000,CAS,57,CAS,75,8.0,,0.0,31.15531309093792,3.0,5.0,4,5,20
168,wM-233,CAS,6,4.0,781.4502812232307,763.6327952917262,0.0,0.0,107.1104535290876,1495.3536802794736,,1195.0059569465575,,Zone-78,1.0,,,,4,0,0,0,1,0,0,0,7,2,1997-01-01 00:00:00.000000,CAS,27,CAS,75,4.0,,0.0,31.2410730455793,3.0,3.0,4,3,12
169,wM-234,CAS,6,399.0,379.57059518881687,362.41054820481565,0.0,0.0,32.63173551234519,1092.992364279999,,1197.589196648198,,Zone-79,46.0,,,,4,0,0,0,8,0,0,0,7,4,1967-01-01 00:00:00.000000,CAS,57,CAS,75,8.0,,0.0,36.762193393349854,4.0,5.0,8,5,40
170,wM-235,DIP,8,1019.0,171.52023566219765,1393.6540069454395,985.7717504886764,580.5671278310198,593.605265593084,702.356940623146,,1053.0375057546685,,Zone-80,9.0,,,,4,0,0,0,1,0,0,0,0,1,1995-01-01 00:00:00.000000,DIP,29,DIP,90,4.0,,0.0,0.0,0.0,2.0,1,2,2
171,wM-239,CAS,4,145.0,376.4621066388552,485.10031652457457,0.0,0.0,107.36206135053084,1088.0621254304915,,1347.712824712355,,Zone-81,1.0,,,,4,0,0,0,1,0,0,0,7,2,1988-01-01 00:00:00.000000,CAS,36,CAS,75,5.0,,0.0,22.99343859407645,3.0,4.0,4,4,16
172,wM-240,CAS,4,378.0,376.4621066388552,360.401442491654,0.0,0.0,26.18789550455237,1088.5985184842891,,1379.7808349764384,,Zone-79,46.0,,,,4,0,0,0,8,0,0,0,7,4,1988-01-01 00:00:00.000000,CAS,36,CAS,75,5.0,1.0,8.0,35.10680889005898,4.0,6.0,8,6,48
173,wM-241,DIP,12,290.0,89.51705066902365,72.81141507879606,0.0,0.0,19.42581677735346,802.5951976721053,,1228.300059617508,,Zone-79,46.0,,,,7,0,5,0,8,0,0,0,7,4,1999-04-01 00:00:00.000000,DIP,25,DIP,90,3.0,,0.0,35.10680889005898,3.0,3.0,8,3,24
174,wM-242,CAS,4,788.0,378.52697406384885,362.41054820481565,0.0,0.0,25.303614958228767,1092.992364279999,,1491.5290098188311,,Zone-79,46.0,,,,4,0,0,0,8,0,0,0,7,4,1988-01-01 00:00:00.000000,CAS,36,CAS,75,5.0,,0.0,38.357888196296535,4.0,4.0,8,4,32
175,wM-243,CAS,4,3.0,383.19347843193634,365.74074352334895,0.0,0.0,47.32290079984285,1102.9994092382976,,1873.1860203640545,,Zone-79,46.0,,,,4,0,0,0,8,0,0,0,7,4,1967-12-31 13:47:33.000000,CAS,57,CAS,75,8.0,,0.0,34.73264179238858,4.0,5.0,8,5,40
176,wM-244,CAS,6,9.0,377.01378578755583,590.1259802709598,0.0,0.0,167.39798142332648,1088.0621254304915,,1347.712824712355,,Zone-81,1.0,,,,4,0,0,0,1,0,0,0,7,2,1997-01-01 00:00:00.000000,CAS,27,CAS,75,4.0,,0.0,16.725109438908262,2.0,3.0,4,3,12
177,wM-245,CAS,4,4.0,377.01378578755583,590.1259802709598,0.0,0.0,170.9299035623538,1088.0481573958295,,1347.0620939772612,,Zone-81,1.0,,,,4,0,0,0,1,0,0,0,7,2,1988-01-01 00:00:00.000000,CAS,36,CAS,75,5.0,,0.0,16.725109438908262,2.0,3.0,4,3,12
178,wM-247,CAS,6,118.0,0.0,608.103044078667,264.8628554593074,232.31330581481703,3.700161120604134,705.3423564899347,,948.7936083608143,,Zone-82,,,,,4,0,10,0,0,0,0,0,9,3,1997-01-01 00:00:00.000000,CAS,27,CAS,75,4.0,,0.0,6.794926741491793,1.0,3.0,6,3,18
179,wM-248,CAS,6,374.0,162.78668798332637,593.146815430713,0.0,0.0,18.178256610409925,872.1747772490111,,1115.2623436702224,,Zone-83,2.0,,,Connected,4,0,5,0,1,0,0,10,7,3,1997-01-01 18:20:00.000000,CAS,27,CAS,75,4.0,,0.0,16.538963045164937,2.0,3.0,6,3,18
180,wM-250,DIP,6,49.0,113.988695185586,621.3131869540189,224.640695040706,183.51832781472604,2.861699122343128,823.3640085247539,,1066.4886729176967,,Zone-84,,,,,4,0,10,0,0,0,0,0,0,2,1997-01-01 00:00:00.000000,DIP,27,DIP,90,3.0,,0.0,7.606269072836308,1.0,2.0,4,2,8
181,wM-251,PVC,8,627.0,0.0,0.0,334.95785783776887,7.294872669354213,6.498248437528746,701.7234066289757,,945.1859657629132,,Zone-85,4.0,,,,4,0,5,0,1,0,0,0,10,3,1997-01-01 18:20:00.000000,PVC,27,PVC,100,3.0,,0.0,,0.0,2.0,6,2,12
182,wM-252,CAS,6,4.0,0.0,608.0359131106957,368.6607183708275,350.3372472434667,76.30718091432215,701.7234066289757,,945.1859657629132,,Zone-85,4.0,,,,4,0,0,0,1,0,0,0,9,2,1997-01-01 00:00:00.000000,CAS,27,CAS,75,4.0,,0.0,4.594904547128576,1.0,3.0,4,3,12
183,wM-253,CAS,4,619.0,383.19347843193634,365.583435120375,0.0,0.0,21.87290980928965,1102.9994092382976,,1873.1860203640545,,Zone-79,46.0,,,,4,0,0,0,8,0,0,0,7,4,1988-01-01 16:40:00.000000,CAS,36,CAS,75,5.0,,0.0,60.2654930902155,5.0,4.0,8,4,32
184,wM-254,CAS,6,467.0,315.7309881259934,298.33791883814456,0.0,0.0,20.14144059220433,1090.8870638290666,,1068.6689279248376,,Zone-86,11.0,,,,4,0,0,0,5,0,0,0,7,3,2006-01-01 00:00:00.000000,CAS,18,CAS,75,3.0,,0.0,0.0,0.0,2.0,6,2,12
185,wM-255,CAS,12,131.0,124.05219773356512,106.7128208867766,0.0,0.0,16.949875595250504,1106.913449612318,,1440.2030024048436,,Zone-57,2.0,,,,7,0,5,0,1,0,0,0,7,3,1998-01-01 18:39:00.000000,CAS,26,CAS,75,4.0,,0.0,0.0131157759850789,0.0,2.0,6,2,12
186,wM-256,CAS,12,59.0,257.8612900445322,240.75314178827796,0.0,0.0,38.41361105271729,1100.2634394403476,,1389.0161142132397,,Zone-87,,,,,7,0,0,0,0,0,0,0,7,2,1998-01-01 00:00:00.000000,CAS,26,CAS,75,4.0,,0.0,0.0,0.0,2.0,4,2,8
187,wM-257,DIP,6,378.0,7.002822518637473,95.04748859521932,116.35666155637104,0.0,5.475564612432323,730.7727608593393,,1364.6664391941367,,Zone-88,,,,,4,0,5,0,0,0,0,0,6,2,2016-01-01 18:14:00.000000,DIP,8,DIP,90,1.0,,0.0,0.0198841303455481,0.0,1.0,4,1,4
188,wM-258,DIP,6,4.0,0.0,92.94883580227324,385.17505975270007,370.8847639218105,14.77414971594756,711.8308093163239,,1357.1564425391437,,Zone-34,13.0,,,,4,0,5,0,5,0,0,0,9,4,2002-12-01 00:00:00.000000,DIP,22,DIP,90,3.0,,0.0,0.0,0.0,2.0,8,2,16
189,wM-259,DIP,8,143.0,0.0,0.0,388.671152582661,373.2388951336436,7.350218082524643,711.8308093163239,,1357.1564425391437,,Zone-34,13.0,,,,4,0,5,0,5,0,0,0,10,4,2002-12-01 00:00:00.000000,DIP,22,DIP,90,3.0,,0.0,0.0,0.0,2.0,8,2,16
190,wM-260,CAS,12,3.0,257.7318048230775,240.75314178827796,0.0,0.0,69.12106752835486,1106.972551352294,,1437.6094372888751,,Zone-87,,,,,7,0,0,0,0,0,0,0,7,2,1999-03-01 00:00:00.000000,CAS,25,CAS,75,4.0,,0.0,0.0,0.0,2.0,4,2,8
191,wM-261,CAS,12,236.0,253.93925887216056,240.895637810048,0.0,0.0,66.43862497513987,1110.4341523233584,,1439.713641833315,,Zone-89,4.0,,,,7,0,0,0,1,0,0,0,7,2,1999-03-01 00:00:00.000000,CAS,25,CAS,75,4.0,,0.0,0.0,0.0,2.0,4,2,8
192,wM-266,CAS,12,3.0,345.0273198256015,398.38593343018704,0.0,2.71572114402474,31.264988264241246,1515.9093379380447,,1659.1781558122718,,Zone-90,,,,,7,0,0,0,0,0,0,0,7,2,1999-03-01 00:00:00.000000,CAS,25,CAS,75,4.0,,0.0,0.0,0.0,2.0,4,2,8
193,wM-269,CAS,6,880.0,354.2963247946551,404.7402595326342,0.0,0.0,33.84755569952264,1520.0316002330828,,1656.9815146812437,,Zone-91,15.0,,,,4,0,0,0,5,0,0,0,7,3,1979-01-01 17:32:00.000000,CAS,45,CAS,75,6.0,,0.0,0.0,0.0,3.0,6,3,18
194,wM-270,DIP,16,143.0,344.9257282533512,398.6950449880173,0.0,0.0,31.78600895913555,1502.6452793660628,,1566.8312612083184,,Zone-92,,,,,7,0,0,0,0,0,0,0,7,2,1999-03-01 00:00:00.000000,DIP,25,DIP,90,3.0,,0.0,0.0,0.0,2.0,4,2,8
195,wM-271,DIP,8,30.0,492.0487231895692,562.8858860577852,107.31014304119526,34.64404383415925,79.29731389213492,1421.6632474907983,,1493.301734858342,,Zone-93,3.0,,,Connected,4,0,0,0,1,0,0,10,0,2,1980-06-01 00:00:00.000000,DIP,44,DIP,90,5.0,,0.0,0.0,0.0,3.0,4,3,12
196,wM-272,DIP,16,3.0,488.7332878905249,574.1469262934859,119.23780579531272,64.77022556931466,77.64355786602627,1421.663280598278,,1493.2994515084572,,Zone-93,3.0,,,zone,7,0,0,0,1,0,0,0,0,1,1999-03-01 00:00:00.000000,DIP,25,DIP,90,3.0,,0.0,0.0,0.0,2.0,1,2,2
197,wM-276,DIP,8,21.0,492.1939383084824,572.7539519387797,122.0913280082144,64.7705556860379,74.93702207382509,1401.0934840241302,,1476.6665428079157,,Zone-93,3.0,,,Connected,4,0,0,0,1,0,0,10,0,2,1999-03-01 00:00:00.000000,DIP,25,DIP,90,3.0,,0.0,0.0,0.0,2.0,4,2,8
198,wM-277,DIP,16,286.0,487.2969106144291,533.5326047142967,0.0,0.0,20.85308417608199,1490.8146023153367,,1410.8777266333448,,Zone-94,,,,,7,0,0,0,0,0,0,0,7,2,1999-03-01 00:00:00.000000,DIP,25,DIP,90,3.0,,0.0,0.0354279921463424,0.0,2.0,4,2,8
199,wM-278,CAS,12,4.0,342.56997722895454,398.5206134318168,0.0,2.675609782190758,31.916234292033632,1512.5924012577448,,1657.9106644707267,,Zone-90,,,,,7,0,0,0,0,0,0,0,7,2,1999-03-01 00:00:00.000000,CAS,25,CAS,75,4.0,,0.0,0.0,0.0,2.0,4,2,8
201,wM-280,DIP,4,296.0,866.9627060716302,860.5131880520483,0.0,0.0,40.36016977894817,2240.546534844173,,2082.499501333976,,Zone-91,15.0,,,,4,0,0,0,5,0,0,0,7,3,1984-01-01 17:32:00.000000,DIP,40,DIP,90,5.0,,0.0,0.0,0.0,3.0,6,3,18
203,wM-282,CAS,12,165.0,263.5444178651269,362.47996951750736,0.0,0.0,32.04360726844578,1367.6919866674325,,1598.677927079906,,Zone-89,4.0,,,,7,0,0,0,1,0,0,0,7,2,1999-03-01 00:00:00.000000,CAS,25,CAS,75,4.0,,0.0,0.0,0.0,2.0,4,2,8
204,wM-284,DIP,6,869.0,0.0,1.578518522844,0.0,0.0,41.42288481608317,747.3008316926102,,1246.0352577974131,,Zone-96,2.0,,,,4,0,0,0,1,0,0,0,9,2,1970-01-01 18:47:00.000000,DIP,54,DIP,90,6.0,,0.0,34.15553409170117,3.0,4.0,4,4,16
205,wM-285,DIP,6,3.0,531.5197184775341,514.7902285112438,0.0,0.0,82.97644858628622,1235.4774850180956,,1246.0352577974131,,Zone-96,2.0,,,,4,0,0,0,1,0,0,0,7,2,1979-12-01 00:00:00.000000,DIP,45,DIP,90,5.0,,0.0,34.15553409170117,3.0,4.0,4,4,16
206,wM-286,CAS,6,60.0,531.5197184775341,514.7902285112438,0.0,0.0,50.80913286775479,1235.4774850180956,,1234.8080414980227,,Zone-96,2.0,,,,4,0,0,0,1,0,0,0,7,2,1959-01-01 00:00:00.000000,CAS,65,CAS,75,9.0,,0.0,37.15874184837362,4.0,6.0,4,6,24
207,wM-287,CAS,4,7.0,547.4169308608098,530.8812751594753,0.0,0.0,50.80913286775479,1254.2066326108825,,1227.5261806825658,,Zone-96,2.0,,,,4,0,0,0,1,0,0,0,7,2,1959-01-01 00:00:00.000000,CAS,65,CAS,75,9.0,,0.0,37.33316959258621,4.0,6.0,4,6,24
208,wM-288,CAS,6,10.0,553.6298300307943,536.8400835845667,0.0,0.0,50.31394216468322,1260.188581987854,,1233.2470219110255,,Zone-96,2.0,,,,4,0,0,0,1,0,0,0,7,2,1959-01-01 00:00:00.000000,CAS,65,CAS,75,9.0,,0.0,37.62156028141734,4.0,6.0,4,6,24
209,wM-289,CAS,4,419.0,749.4822724006871,792.1722085652793,0.0,0.0,36.79226289675567,1464.1122205081062,,1295.1448609344116,,Zone-97,6.0,,,,4,0,0,0,1,0,0,0,7,2,1990-01-01 17:46:00.000000,CAS,34,CAS,75,5.0,1.0,8.0,44.20366488010679,4.0,6.0,4,6,24
210,wM-290,DIP,6,2.0,749.4819989587332,792.1718870722909,0.0,0.0,59.928525848779934,1464.1119507307671,,1295.1445471890963,,Zone-97,6.0,,,,4,0,0,0,1,0,0,0,7,2,1990-01-01 00:00:00.000000,DIP,34,DIP,90,4.0,,0.0,44.2036717792807,4.0,3.0,4,3,12
211,wM-291,CAS,4,343.0,557.133678731678,540.9596135211075,0.0,0.0,49.8563235136395,1264.221107618794,,1233.2470219110255,,Zone-97,6.0,,,,4,0,0,0,1,0,0,0,7,2,1959-01-01 00:00:00.000000,CAS,65,CAS,75,9.0,,0.0,44.38293875442167,4.0,6.0,4,6,24
212,wM-294,DIP,12,708.0,763.703965689263,774.4657810084196,0.0,0.0,35.43896399067734,93.2051679056712,,1207.0721857779408,,Zone-98,6.0,,,,7,5,0,0,1,0,0,0,7,3,1980-06-01 00:00:00.000000,DIP,44,DIP,90,5.0,,0.0,15.172499875833047,2.0,3.0,6,3,18
213,wM-295,DIP,12,26.0,1271.2615681291732,1253.8457993143932,0.0,0.0,201.55478920941084,802.1378203760837,,1520.5910647772976,,Zone-98,6.0,,,,7,0,0,0,1,0,0,0,7,2,1980-06-01 00:00:00.000000,DIP,44,DIP,90,5.0,,0.0,8.829110042052207,1.0,3.0,4,3,12
214,wM-296,DIP,6,4.0,1299.9865609206545,1282.5721727706364,0.0,0.0,212.30657709049652,797.2181050272443,,1515.9394616458462,,Zone-98,6.0,,,,4,0,0,0,1,0,0,0,7,2,1980-06-01 00:00:00.000000,DIP,44,DIP,90,5.0,,0.0,9.028315507242446,1.0,3.0,4,3,12
215,wM-297,DIP,12,3.0,1297.1479187997495,1279.733388588418,0.0,0.0,216.21554679674207,799.7609392512131,,1520.423236448,,Zone-98,6.0,,,,7,0,0,0,1,0,0,0,7,2,1980-06-01 00:00:00.000000,DIP,44,DIP,90,5.0,,0.0,8.833376335555183,1.0,3.0,4,3,12
216,wM-298,DIP,6,43.0,1313.626373568486,1315.470783795667,0.0,0.0,753.7671143150086,1129.2173293416588,,2172.30388570234,,Zone-99,,,,,4,0,0,0,0,0,0,0,7,2,1980-06-01 00:00:00.000000,DIP,44,DIP,90,5.0,,0.0,0.0,0.0,3.0,4,3,12
217,wM-299,DIP,6,10.0,1356.6953723492938,1358.2210743134965,13.282586496885038,0.0,766.6283154720729,1120.6308296804589,,2172.1330758979293,,Zone-100,2.0,,,,4,0,0,0,1,0,0,0,6,2,1980-06-01 00:00:00.000000,DIP,44,DIP,90,5.0,,0.0,0.0,0.0,3.0,4,3,12
218,wM-300,DIP,6,3.0,1310.9662529279467,1312.8311263955216,0.0,0.0,753.0462315563628,1165.1323558776437,,2174.311633331253,,Zone-71,4.0,,,,4,0,0,0,1,0,0,0,7,2,1980-06-01 00:00:00.000000,DIP,44,DIP,90,5.0,,0.0,0.0,0.0,3.0,4,3,12
219,wM-302,DIP,6,1427.0,0.0,0.0,0.0,0.0,60.801705235211855,88.43771075265606,,210.2741448450668,,Zone-101,7.0,,,,4,5,0,0,1,0,0,0,10,3,1980-06-01 00:00:00.000000,DIP,44,DIP,90,5.0,,0.0,36.88299300542002,3.0,4.0,6,4,24
220,wM-305,PVC,6,201.0,0.0,381.4134048321755,1115.442003442742,399.1854498338337,109.75482842744653,1351.2123600328591,,2202.216138242313,,Zone-42,8.0,,,,4,0,0,0,1,0,0,0,9,2,1981-12-01 00:00:00.000000,PVC,43,PVC,100,5.0,,0.0,,0.0,3.0,4,3,12
221,wM-306,DIP,8,754.0,0.0,0.0,448.70529252349456,0.0,28.993393120412748,738.0090867173462,,1517.3652055492507,,Zone-102,10.0,,,,4,0,0,0,1,0,0,0,10,3,2002-12-01 00:00:00.000000,DIP,22,DIP,90,3.0,,0.0,0.1268973581008795,0.0,2.0,6,2,12
222,wM-308,DIP,6,22.0,0.0,0.0,715.0744600410667,0.0,80.03991178925286,2140.0981976329235,,2391.8501355214285,,Zone-5,5.0,,,,4,0,0,0,1,0,0,0,10,3,2024-08-01 00:00:00.000000,DIP,0,DIP,90,1.0,,0.0,3.922794428010457,0.0,1.0,6,1,6
223,wM-309,CAS,6,14.0,375.616117431469,358.4074063420792,0.0,0.0,31.6566115870304,1085.096169834313,,1057.6989719448725,,Zone-62,2.0,,,,4,0,0,0,1,0,0,0,7,2,2006-01-01 00:00:00.000000,CAS,18,CAS,75,3.0,,0.0,0.0,0.0,2.0,4,2,8
224,wM-312,CAS,6,18.0,375.8690397613959,358.4072917339275,0.0,0.0,41.32352547584695,1085.2203762748627,,1053.9013873205977,,Zone-62,2.0,,,,4,0,0,0,1,0,0,0,7,2,2006-01-01 00:00:00.000000,CAS,18,CAS,75,3.0,,0.0,0.0,0.0,2.0,4,2,8
225,wM-317,CAS,12,1.0,375.8690397613959,358.4074063420792,0.0,0.0,40.09165829525436,1085.2203762748627,,1057.6989719448725,,Zone-62,2.0,,,,7,0,0,0,1,0,0,0,7,2,2006-01-01 00:00:00.000000,CAS,18,CAS,75,3.0,,0.0,0.0,0.0,2.0,4,2,8
226,wM-318,DIP,12,405.0,377.2806484699254,359.81952111340024,0.0,0.0,20.43572554647089,1086.6325577585117,,1058.8850912281482,,Zone-103,6.0,,,,7,0,0,0,1,0,0,0,7,2,2006-01-01 00:00:00.000000,DIP,18,DIP,90,2.0,,0.0,0.0726106275619185,0.0,1.0,4,1,4
227,wM-319,DIP,4,148.0,780.8369974657829,781.382733595363,0.0,0.0,65.99855709119551,1508.282438552863,,1421.8637168660323,,Zone-104,1.0,,,,4,0,0,0,1,0,0,0,7,2,1983-01-01 17:43:00.000000,DIP,41,DIP,90,5.0,,0.0,0.1287553501705104,0.0,3.0,4,3,12
228,wM-320,DIP,16,5.0,771.5819054902814,765.0735977970872,0.0,0.0,72.29013343060745,1491.9596988692645,,1408.5143801769884,,Zone-103,6.0,,,,7,0,0,0,1,0,0,0,7,2,1999-03-01 00:00:00.000000,DIP,25,DIP,90,3.0,,0.0,0.0611082643338049,0.0,2.0,4,2,8
229,wM-323,DIP,12,14.0,776.8992619758006,768.4370844477536,0.0,0.0,73.23064334531462,1495.3234270389448,,1411.5216972264536,,Zone-104,1.0,,,,7,0,0,0,1,0,0,0,7,2,2006-01-01 00:00:00.000000,DIP,18,DIP,90,2.0,,0.0,0.089223076537104,0.0,1.0,4,1,4
230,wM-324,CAS,4,779.0,381.1453762358464,365.39768456049103,0.0,0.0,35.18660230031056,1092.19892641102,,856.0592661128125,,Zone-105,17.0,,,,4,0,0,0,5,0,0,0,7,3,1979-01-01 17:38:00.000000,CAS,45,CAS,75,6.0,,0.0,26.652609955562568,3.0,4.0,6,4,24
231,wM-325,DIP,12,403.0,282.56878605383946,343.9956452133647,0.0,0.0,18.68925968412252,264.91202549553554,,705.7762709640053,,Zone-106,10.0,,,,7,0,5,0,1,0,0,0,7,3,2005-01-01 15:35:00.000000,DIP,19,DIP,90,3.0,,0.0,12.329268731693311,1.0,2.0,6,2,12
232,wM-328,DIP,12,345.0,0.0,0.0,0.0,0.0,25.1346459879852,672.1063706080371,,987.7523858469258,,Zone-26,6.0,,,,7,0,0,0,1,0,0,0,10,3,1980-06-01 00:00:00.000000,DIP,44,DIP,90,5.0,,0.0,24.153272706538573,2.0,3.0,6,3,18
233,wM-330,DIP,12,1128.0,7.392750883071765,288.0813198690159,1333.3119283303506,305.8734747770284,39.679484956506606,2510.4753931259065,,1312.4843166863748,,Zone-107,4.0,,,,7,0,0,0,1,0,0,0,0,1,2005-05-01 00:00:00.000000,DIP,19,DIP,90,3.0,,0.0,0.0,0.0,2.0,1,2,2
234,wM-331,DIP,12,9.0,11.415054086857555,280.5860644669648,1326.1473312792757,298.37646770304474,481.7766641239025,2499.146976123084,,1301.160136901776,,Zone-108,3.0,,,,7,0,0,0,1,0,0,0,0,1,2005-05-01 00:00:00.000000,DIP,19,DIP,90,3.0,,0.0,0.0,0.0,2.0,1,2,2
235,wM-332,DIP,12,505.0,20.20326574551872,280.7215851510023,1328.1949446679691,59.41355826598516,470.09040060619833,2218.6137923999654,,827.8199849716764,,Zone-109,1.0,,,,7,0,0,0,1,0,0,0,0,1,2005-05-01 00:00:00.000000,DIP,19,DIP,90,3.0,,0.0,0.0,0.0,2.0,1,2,2
236,wM-333,DIP,12,737.0,519.5340427321721,557.5168206338869,1510.3403551391436,60.22958606813116,29.34115793454343,2219.9054120824,,828.4302094604054,,Zone-110,1.0,,,,7,0,0,0,1,0,0,0,0,1,2005-05-01 00:00:00.000000,DIP,19,DIP,90,3.0,,0.0,0.0,0.0,2.0,1,2,2
238,wM-336,DIP,6,455.0,0.0,0.0,0.0,0.0,61.816590270105785,1293.969725496804,,1252.4240103615791,,Zone-112,1.0,,,,4,0,0,0,1,0,0,0,10,3,1981-05-01 00:00:00.000000,DIP,43,DIP,90,5.0,,0.0,0.0,0.0,3.0,6,3,18
239,wM-338,DIP,12,227.0,387.35949807557,369.63562330336254,0.0,0.0,32.526090394504635,62.685097948826446,,578.5571305720201,,Zone-113,1.0,,,,7,5,0,0,1,0,0,0,7,3,2003-12-01 00:00:00.000000,DIP,21,DIP,90,3.0,,0.0,0.0,0.0,2.0,6,2,12
240,wM-339,DIP,6,77.0,611.6092235701724,593.801735101244,22.71375179037633,0.0,9.114846737443564,61.53265628098229,,503.0477166705583,,Zone-114,1.0,,,,4,5,5,0,1,0,0,0,6,3,1983-01-01 16:32:00.000000,DIP,41,DIP,90,5.0,,0.0,0.0,0.0,3.0,6,3,18
241,wM-340,DIP,12,6.0,378.13727977214,360.4184679056696,0.0,0.0,51.085201862153504,289.48783213171674,,582.8081008166334,,Zone-115,,,,,7,0,0,0,0,0,0,0,7,2,2002-12-01 00:00:00.000000,DIP,22,DIP,90,3.0,,0.0,0.0,0.0,2.0,4,2,8
242,wM-341,PVC,12,360.0,18.31406853562945,1.559925218745235,0.0,0.0,19.87094918302957,295.6476470937031,,584.1059099586863,,Zone-116,4.0,,,,7,0,5,0,1,0,0,0,7,3,2002-12-01 00:00:00.000000,PVC,22,PVC,100,3.0,,0.0,,0.0,2.0,6,2,12
243,wM-342,PVC,12,45.0,0.0,0.0,329.76525851934275,0.0,56.66217185716971,655.3876091393244,,738.4493731499052,,Zone-35,19.0,,,,7,0,0,0,5,0,0,0,10,4,2002-12-01 00:00:00.000000,PVC,22,PVC,100,3.0,,0.0,,0.0,2.0,8,2,16
244,wM-344,DIP,6,4.0,384.2966771370152,366.5574562681033,0.0,0.0,56.38448934166718,289.3544854257319,,578.9527346896258,,Zone-115,,,,,4,0,0,0,0,0,0,0,7,2,2002-12-01 00:00:00.000000,DIP,22,DIP,90,3.0,,0.0,0.0,0.0,2.0,4,2,8
245,wM-345,DIP,8,5.0,384.238881067572,366.57445265848975,0.0,0.0,54.21060429329176,289.48783213171674,,582.8081008166334,,Zone-115,,,,,4,0,0,0,0,0,0,0,7,2,2002-12-01 00:00:00.000000,DIP,22,DIP,90,3.0,,0.0,0.0,0.0,2.0,4,2,8
246,wM-347,CAS,6,900.0,368.6174292190182,351.655375584804,0.0,0.0,42.8670980655087,294.0338914918172,,86.91296352732468,,Zone-117,18.0,zone,,,4,0,0,5,5,0,0,0,7,4,1973-01-01 14:41:00.000000,CAS,51,CAS,75,7.0,,0.0,7.516850498228431,1.0,4.0,8,4,32
248,wM-351,PVC,8,351.0,0.320304982905864,0.0,498.4683572467216,13.982504929296674,5.086257769959603,318.30485118946854,,1404.6896545521977,,Zone-119,12.0,,,,4,0,5,0,5,0,0,0,10,4,2001-12-01 00:00:00.000000,PVC,23,PVC,100,3.0,,0.0,,0.0,2.0,8,2,16
249,wM-354,DIP,8,392.0,0.0,0.0,345.0945297059255,0.0,57.454207458296665,313.66501062838256,,769.4088238790771,,Zone-120,2.0,,,,4,0,0,0,1,0,0,0,10,3,1995-01-01 18:18:00.000000,DIP,29,DIP,90,4.0,,0.0,20.56501742994426,2.0,3.0,6,3,18
250,wM-355,DIP,8,139.0,363.4397917370878,345.6191946029303,686.115734650557,0.0,45.0093472606852,313.5900189697801,,769.4088238790771,,Zone-121,,,,,4,0,0,0,0,0,0,0,6,2,1995-01-01 18:17:00.000000,DIP,29,DIP,90,4.0,,0.0,3.135844163883438,0.0,2.0,4,2,8
251,wM-357,DIP,8,703.0,364.9978297050317,353.5231381728251,0.0,0.0,20.55017352013922,309.19778165280246,,836.3136944641969,,Zone-122,3.0,,,,4,0,0,0,1,0,0,0,7,2,1995-01-01 18:16:00.000000,DIP,29,DIP,90,4.0,,0.0,2.6843513865479176,0.0,2.0,4,2,8
253,wM-359,CAS,8,345.0,370.78540683868073,359.19411983536054,393.3097117208832,0.0,37.39846889839233,252.5050402122035,,783.656177378764,,Zone-123,,,,,4,0,0,0,0,0,0,0,6,2,1971-01-01 15:55:00.000000,CAS,53,CAS,75,8.0,,0.0,2.510409149065393,1.0,5.0,4,5,20
254,wM-361,DIP,8,6.0,364.8670517266637,352.4128409614773,680.4353701719775,0.0,45.01759035032617,313.57485058386044,,833.6975115719683,,Zone-122,3.0,,,,4,0,0,0,1,0,0,0,6,2,1995-01-29 18:17:00.000000,DIP,29,DIP,90,4.0,,0.0,2.7146228995640698,0.0,2.0,4,2,8
255,wM-362,DIP,12,254.0,0.0,0.0,1050.6199062875353,0.0,18.691272561146025,2177.9914100056785,,2655.150253926673,,Zone-124,,,,,7,0,5,0,0,0,0,0,10,3,1980-06-01 00:00:00.000000,DIP,44,DIP,90,5.0,,0.0,0.0,0.0,3.0,6,3,18
256,wM-363,DIP,12,4.0,398.0096966064127,380.35587279223455,900.5181240458905,3.427819496355131,174.32421917911662,2045.6147453586489,,2591.8690388417,,Zone-125,,,,,7,0,0,0,0,0,0,0,0,1,1980-06-01 00:00:00.000000,DIP,44,DIP,90,5.0,,0.0,0.0,0.0,3.0,1,3,3
257,wM-364,DIP,12,150.0,248.39703486053355,230.7932140963522,904.9735974355152,0.0,31.290049484913915,2049.7393369873903,,2594.34642317098,,Zone-126,,,,,7,0,0,0,0,0,0,0,6,2,1980-06-01 00:00:00.000000,DIP,44,DIP,90,5.0,,0.0,0.0,0.0,3.0,4,3,12
258,wM-365,DIP,12,3.0,244.99428562520188,227.3949104330456,1046.5531234035864,0.0,28.771633248229623,2172.5246260207905,,2652.3137560285186,,Zone-127,,,,,7,0,0,0,0,0,0,0,6,2,1980-06-01 00:00:00.000000,DIP,44,DIP,90,5.0,,0.0,0.0,0.0,3.0,4,3,12
259,wM-366,DIP,12,974.0,406.3205537856255,388.6265559297176,0.0,0.0,182.7921397189758,1179.5545955191549,,2194.7726069314463,,Zone-128,1.0,,,,7,0,0,0,1,0,0,0,7,2,1980-06-01 00:00:00.000000,DIP,44,DIP,90,5.0,,0.0,0.0,0.0,3.0,4,3,12
260,wM-367,DIP,12,21.0,1310.592713135641,1309.158652828116,0.0,0.0,753.0462315563628,1167.3504801043275,,2174.4633621983603,,Zone-71,4.0,,,,7,0,0,0,1,0,0,0,7,2,1980-06-01 00:00:00.000000,DIP,44,DIP,90,5.0,,0.0,0.0,0.0,3.0,4,3,12
261,wM-369,DIP,12,45.0,227.41420231604903,212.2721655177912,1048.6587804252863,0.0,2.612212175585682,2175.359334665119,,2653.782845334703,,Zone-127,,,,,7,0,10,0,0,0,0,0,6,3,1980-06-01 00:00:00.000000,DIP,44,DIP,90,5.0,,0.0,0.0,0.0,3.0,6,3,18
262,wM-370,DIP,12,3.0,241.8349487175876,224.2398291212992,1048.6587804252863,0.0,26.61006945800028,2175.359334665119,,2653.782845334703,,Zone-127,,,,,7,0,0,0,0,0,0,0,6,2,1980-06-01 00:00:00.000000,DIP,44,DIP,90,5.0,,0.0,0.0,0.0,3.0,4,3,12
263,wM-371,DIP,12,33.0,402.36554674698885,384.68948329937245,890.7930615371955,3.427819496355131,178.76192753335658,2044.5163403645831,,2591.8690388417,,Zone-125,,,,,7,0,0,0,0,0,0,0,0,1,1980-06-01 00:00:00.000000,DIP,44,DIP,90,5.0,,0.0,0.0,0.0,3.0,1,3,3
264,wM-372,DIP,12,4.0,402.36554674698885,384.68948329937245,896.4727454640404,2.677988319046551,178.76192753335658,2041.869834900566,,2589.624427181724,,Zone-125,,,,,7,0,0,0,0,0,0,0,0,1,1980-06-01 00:00:00.000000,DIP,44,DIP,90,5.0,,0.0,0.0,0.0,3.0,1,3,3
265,wM-373,DIP,8,41.0,777.8570617964019,801.4909833491904,73.77896523782307,0.0,177.24489126024253,87.79191964483094,,1469.734509238962,,Zone-129,2.0,,,,4,5,0,0,1,0,0,0,6,2,1980-06-01 00:00:00.000000,DIP,44,DIP,90,5.0,,0.0,1.6414278819528227,0.0,3.0,4,3,12
266,wM-374,CAS,6,385.0,413.4089913788527,416.4357134892134,0.0,0.0,40.256934756077285,0.0,,1495.3394530966832,,Zone-130,,,,,4,10,0,0,0,0,0,0,7,3,1967-01-01 19:37:00.000000,CAS,57,CAS,75,8.0,,0.0,0.7911312193827544,0.0,4.0,6,4,24
268,wM-377,DIP,8,259.0,758.3681890476605,771.3965480401363,0.0,0.0,73.26018944023984,87.65295173941608,,1213.6352849469088,,Zone-132,2.0,,,,4,5,0,0,1,0,0,0,7,3,1980-06-01 00:00:00.000000,DIP,44,DIP,90,5.0,,0.0,10.491732773402012,1.0,3.0,6,3,18
269,wM-379,DIP,8,8.0,758.1280484549187,769.0569080582391,0.0,0.0,84.76836145324344,87.63481429586774,,1205.9015818099324,,Zone-98,6.0,,,,4,5,0,0,1,0,0,0,7,3,1980-06-01 00:00:00.000000,DIP,44,DIP,90,5.0,,0.0,10.790432227635764,1.0,3.0,6,3,18
270,wM-380,CAS,4,2.0,763.703965689263,773.9264671486594,0.0,0.0,78.76953655670796,93.2051679056712,,1204.8913653075,,Zone-98,6.0,,,,4,5,0,0,1,0,0,0,7,3,1980-06-01 00:00:00.000000,CAS,44,CAS,75,6.0,,0.0,11.0229593167821,2.0,4.0,6,4,24
271,wM-381,DIP,12,6.0,758.1280484549187,769.0569080582391,0.0,0.0,79.73605197015537,87.63481429586774,,1205.9015818099324,,Zone-98,6.0,,,,7,5,0,0,1,0,0,0,7,3,1980-06-01 00:00:00.000000,DIP,44,DIP,90,5.0,,0.0,10.934327120708124,1.0,3.0,6,3,18
274,wM-384,DIP,4,357.0,768.3189682964864,751.9675910926218,0.0,0.0,62.611978980598565,84.31344438384846,,209.42167465256023,,Zone-134,5.0,,,,4,5,0,0,1,0,0,0,7,3,1979-05-01 00:00:00.000000,DIP,45,DIP,90,5.0,,0.0,17.646032781611225,2.0,3.0,6,3,18
275,wM-385,DIP,4,3.0,769.8920342293789,752.47394953864,0.0,0.0,92.6297643624656,84.44106611888493,,206.4043441637772,,Zone-135,,,,,4,5,0,0,0,0,0,0,7,2,1980-06-01 00:00:00.000000,DIP,44,DIP,90,5.0,,0.0,4.079945961876643,0.0,3.0,4,3,12
276,wM-386,DIP,6,4.0,769.9310747330615,752.6038095243997,0.0,0.0,91.62994518128154,84.48163112881606,,206.4043441637772,,Zone-135,,,,,4,5,0,0,0,0,0,0,7,2,1980-06-01 00:00:00.000000,DIP,44,DIP,90,5.0,,0.0,4.0567852940710365,0.0,3.0,4,3,12
277,wM-387,CAS,4,18.0,769.9310747330615,752.6038095243997,0.0,0.0,94.45628354171896,84.48163112881606,,203.47907685058257,,Zone-135,,,,,4,5,0,0,0,0,0,0,7,2,1979-01-01 00:00:00.000000,CAS,45,CAS,75,6.0,,0.0,3.994429224175594,1.0,4.0,4,4,16
278,wM-389,DIP,6,57.0,0.0,0.0,0.0,0.0,65.53418956180573,667.2208071527286,,1273.205639450477,,Zone-136,3.0,,,,4,0,0,0,1,0,0,0,10,3,1980-06-01 00:00:00.000000,DIP,44,DIP,90,5.0,,0.0,33.01684305213138,3.0,4.0,6,4,24
280,wM-391,DIP,6,403.0,47.91532762326664,30.961005405841675,0.0,0.0,28.201459629608607,667.2208071527286,,989.178350283806,,Zone-136,3.0,,,,4,0,0,0,1,0,0,0,7,2,1980-06-01 00:00:00.000000,DIP,44,DIP,90,5.0,,0.0,30.47712454340812,3.0,4.0,4,4,16
281,wM-393,DIP,8,532.0,0.0,0.0,2.999414877302073,0.0,37.13492362381224,0.0,,1568.660181888962,,Zone-137,,,,,4,10,0,0,0,0,0,0,10,3,1980-06-01 00:00:00.000000,DIP,44,DIP,90,5.0,,0.0,14.391363985766828,1.0,3.0,6,3,18
282,wM-396,DIP,8,388.0,0.0,0.0,0.0,0.0,10.127370084662465,261.6275829664225,,1460.1943241112783,,Zone-138,1.0,,,,4,0,5,0,1,0,0,0,10,3,1980-05-31 17:07:00.000000,DIP,44,DIP,90,5.0,,0.0,51.97399516253613,4.0,4.0,6,4,24
283,wM-398,DIP,6,8.0,389.3364712571871,371.5277531914738,0.0,0.0,35.5565771749657,254.15338615844144,,1450.530901639031,,Zone-139,2.0,,,,4,0,0,0,1,0,0,0,7,2,1980-01-01 00:00:00.000000,DIP,44,DIP,90,5.0,,0.0,18.904661357703155,2.0,3.0,4,3,12
284,wM-399,DIP,8,7.0,382.10479973984286,364.4372782019608,0.0,0.0,35.606319281893704,254.15338615844144,,1458.061492912883,,Zone-139,2.0,,,,4,0,0,0,1,0,0,0,7,2,1980-05-31 17:08:00.000000,DIP,44,DIP,90,5.0,,0.0,19.117728002084256,2.0,3.0,4,3,12
285,wM-400,DIP,6,517.0,33.175403984019546,17.233541070616276,0.0,0.0,32.7463262615512,244.292743611738,,1603.9663028066464,,Zone-140,1.0,,,,4,0,0,0,1,0,0,0,7,2,2005-05-01 00:00:00.000000,DIP,19,DIP,90,3.0,,0.0,15.990887973041298,2.0,2.0,4,2,8
286,wM-401,DIP,8,21.0,397.4263633036245,380.5565599092562,0.0,0.0,83.88478201397582,223.4812581231081,,1599.795983966496,,Zone-140,1.0,,,,4,0,0,0,1,0,0,0,7,2,1980-06-01 00:00:00.000000,DIP,44,DIP,90,5.0,,0.0,15.490540253065245,2.0,3.0,4,3,12
287,wM-402,DIP,8,131.0,389.5799596045128,371.9085483547776,0.0,0.0,30.44949703650017,245.2023400239328,,1456.108148510369,,Zone-139,2.0,,,,4,0,0,0,1,0,0,0,7,2,1980-05-31 17:09:00.000000,DIP,44,DIP,90,5.0,,0.0,18.786847188321225,2.0,3.0,4,3,12
288,wM-404,DIP,8,29.0,397.0858868525239,379.2870155777112,0.0,0.0,68.36822614240137,244.292743611738,,1576.4354664254531,,Zone-140,1.0,,,,4,0,0,0,1,0,0,0,7,2,1980-05-31 17:09:00.000000,DIP,44,DIP,90,5.0,,0.0,16.17190995515041,2.0,3.0,4,3,12
289,wM-405,DIP,6,21.0,598.8074144557829,584.8835726774837,0.0,0.0,61.43364426415659,264.91202549553554,,705.7762709640053,,Zone-106,10.0,,,,4,0,0,0,1,0,0,0,7,2,1980-01-01 00:00:00.000000,DIP,44,DIP,90,5.0,,0.0,3.6113687912232777,0.0,3.0,4,3,12
290,wM-406,DIP,12,2.0,612.3730102750317,600.2715025191076,0.0,0.0,61.43364426415659,263.3025059969873,,704.8576389750191,,Zone-106,10.0,,,,7,0,0,0,1,0,0,0,7,2,2005-01-01 00:00:00.000000,DIP,19,DIP,90,3.0,,0.0,2.970438640832616,0.0,2.0,4,2,8
291,wM-407,DIP,6,18.0,611.4190579741439,593.7946694561128,26.71657253443054,3.780943574430637,85.92315165760665,62.12010241244817,,578.5036969171928,,Zone-113,1.0,,,,4,5,0,0,1,0,0,0,0,2,2003-12-01 00:00:00.000000,DIP,21,DIP,90,3.0,,0.0,0.0,0.0,2.0,4,2,8
292,wM-409,DIP,12,3.0,776.640398435841,765.0735977970872,0.0,0.0,72.29013343060745,1491.9596988692645,,1408.5143801769884,,Zone-103,6.0,,,,7,0,0,0,1,0,0,0,7,2,2006-01-01 00:00:00.000000,DIP,18,DIP,90,2.0,,0.0,0.0621898132059688,0.0,1.0,4,1,4
293,wM-410,DIP,12,1342.0,3.893940468946063,0.0,394.1498264337884,0.0,74.19302004354678,1302.6721959876772,,1163.2892811761835,,Zone-108,3.0,,,,7,0,0,0,1,0,0,0,10,3,2005-05-01 00:00:00.000000,DIP,19,DIP,90,3.0,,0.0,0.0,0.0,2.0,6,2,12
294,wM-411,DIP,12,721.0,3.810686072333801,0.0,399.1389240873217,0.0,37.180200332491054,645.9640957002816,,1250.0665619028855,,Zone-141,6.0,,,,7,0,0,0,1,0,0,0,10,3,2005-05-01 00:00:00.000000,DIP,19,DIP,90,3.0,,0.0,48.78651322064697,4.0,3.0,6,3,18
295,wM-412,DIP,6,3.0,3.84323297454764,0.0,396.611086428022,7.386567215490617,178.79534704205068,1292.576054188604,,1250.0665619028855,,Zone-141,6.0,,,,4,0,0,0,1,0,0,0,10,3,2005-05-01 00:00:00.000000,DIP,19,DIP,90,3.0,,0.0,0.0,0.0,2.0,6,2,12
296,wM-413,DIP,12,11.0,6.351623468188905,0.0,397.7651094124558,6.523383673119481,178.79534704205068,1292.576054188604,,1247.2859432047176,,Zone-141,6.0,,,,7,0,0,0,1,0,0,0,10,3,2005-05-01 00:00:00.000000,DIP,19,DIP,90,3.0,,0.0,0.0,0.0,2.0,6,2,12
297,wM-414,DIP,6,288.0,1186.427022535966,2408.1067987876672,1603.0245091287577,1216.6128663197708,1548.1722203327058,705.231406546332,,1608.3855469878804,,Zone-142,2.0,,,,4,0,0,0,1,0,0,0,0,1,1995-01-01 00:00:00.000000,DIP,29,DIP,90,4.0,,0.0,0.0,0.0,2.0,1,2,2
298,wM-418,DIP,8,4.0,0.0,0.0,541.2409636906968,9.403828247638916,20.193263743217383,312.44105577784626,,1402.2870319343783,,Zone-118,1.0,,,,4,0,0,0,1,0,0,0,10,3,2002-12-01 00:00:00.000000,DIP,22,DIP,90,3.0,,0.0,0.0,0.0,2.0,6,2,12
299,wM-419,PVC,8,3.0,0.0,0.0,543.6841311965862,12.21312746725224,19.295004577515527,314.8561380269063,,1404.3903478350023,,Zone-118,1.0,,,,4,0,5,0,1,0,0,0,10,3,2001-12-01 00:00:00.000000,PVC,23,PVC,100,3.0,,0.0,,0.0,2.0,6,2,12
300,wM-420,DIP,8,821.0,0.0,0.0,0.0,0.0,12.335724233892511,289.64261238037653,,587.2934550107946,,Zone-143,5.0,,,,4,0,5,0,1,0,0,0,10,3,2002-12-01 00:00:00.000000,DIP,22,DIP,90,3.0,,0.0,0.002701975156798,0.0,2.0,6,2,12
301,wM-421,CAS,4,771.0,752.8742108546645,735.104700524722,0.0,0.0,33.39293706623308,84.75815482022257,,199.02029989172243,,Zone-144,4.0,,,,4,5,0,0,1,0,0,0,7,3,1979-01-01 16:29:00.000000,CAS,45,CAS,75,6.0,,0.0,3.4149918000669817,1.0,4.0,6,4,24
302,wM-422,DIP,8,13.0,0.0,0.0,530.2296733003208,2.536472479561358,101.1992980564201,310.93389543503656,,1582.5053785234431,,Zone-118,1.0,,,,4,0,0,0,1,0,0,0,10,3,2002-12-01 00:00:00.000000,DIP,22,DIP,90,3.0,,0.0,0.0,0.0,2.0,6,2,12
303,wM-424,DIP,8,179.0,0.0,0.0,530.2296733003208,0.0,7.67309242167293,310.93389543503656,,1404.3903478350023,,Zone-118,1.0,,,,4,0,5,0,1,0,0,0,10,3,1980-06-01 00:00:00.000000,DIP,44,DIP,90,5.0,,0.0,0.0,0.0,3.0,6,3,18
304,wM-425,DIP,12,3.0,384.2966771370152,366.57445265848975,0.0,0.0,56.38448934166718,286.42480489565503,,582.1860018129382,,Zone-115,,,,,7,0,0,0,0,0,0,0,7,2,2003-12-01 00:00:00.000000,DIP,21,DIP,90,3.0,,0.0,0.0,0.0,2.0,4,2,8
305,wM-426,DIP,12,4.0,611.4190579741439,593.9648555776575,31.774757780382103,21.38307953606416,99.71947049376588,58.809468683804766,,595.7804619580784,,Zone-113,1.0,,,,7,5,0,0,1,0,0,0,0,2,2003-12-01 00:00:00.000000,DIP,21,DIP,90,3.0,,0.0,0.0,0.0,2.0,4,2,8
306,wM-427,DIP,6,156.0,615.2962586849321,597.8409267569511,0.0,4.50959489301082,21.41264670513988,0.0,,596.5317717628322,,Zone-145,,,,,4,10,0,0,0,0,0,0,7,3,2003-12-01 00:00:00.000000,DIP,21,DIP,90,3.0,,0.0,0.5082936585371008,0.0,2.0,6,2,12
307,wM-430,DIP,12,168.0,613.6867251526107,601.4505880407894,0.0,0.0,56.31406852279835,95.74492345096316,,622.7970143703703,,Zone-146,1.0,,,,7,5,0,0,1,0,0,0,7,3,2005-01-01 00:00:00.000000,DIP,19,DIP,90,3.0,,0.0,2.9425506999717905,0.0,2.0,6,2,12
308,wM-433,DIP,12,9.0,4.368361527057798,0.0,517.5294466172473,0.0,36.20353382609389,634.6859097987174,,1532.9393523274932,,Zone-111,3.0,,,,7,0,0,0,1,0,0,0,10,3,2005-05-01 00:00:00.000000,DIP,19,DIP,90,3.0,,0.0,36.48937150284232,3.0,3.0,6,3,18
309,wM-434,DIP,12,376.0,0.0,0.0,531.7304692413809,0.0,40.32845071584645,0.0,,1675.508056732254,,Zone-147,3.0,,,,7,10,0,0,1,0,0,0,10,4,2005-05-01 00:00:00.000000,DIP,19,DIP,90,3.0,,0.0,0.0,0.0,2.0,8,2,16
310,wM-437,DIP,6,11.0,5.470793681000549,0.0,523.1112012771553,0.0,34.96189393045831,256.93681127978346,,1589.2877953684797,,Zone-59,2.0,,,,4,0,0,0,1,0,0,0,10,3,2005-05-01 00:00:00.000000,DIP,19,DIP,90,3.0,,0.0,0.6379041044637924,0.0,2.0,6,2,12
311,wM-438,DIP,12,3.0,5.470793681000549,0.0,523.1112012771553,0.0,40.94499020254492,256.93681127978346,,1599.6501131145876,,Zone-59,2.0,,,,7,0,0,0,1,0,0,0,10,3,2005-05-01 00:00:00.000000,DIP,19,DIP,90,3.0,,0.0,0.6876059657392104,0.0,2.0,6,2,12
312,wM-439,DIP,6,2.0,3.427743829720231,0.0,521.0672150177137,0.0,40.94499020254492,256.8075428344933,,1600.282346529974,,Zone-59,2.0,,,,4,0,0,0,1,0,0,0,10,3,2005-05-01 00:00:00.000000,DIP,19,DIP,90,3.0,,0.0,0.64737363479351,0.0,2.0,6,2,12
313,wM-440,DIP,8,8.0,0.0,0.0,510.2125624356936,0.0,36.42567358026304,642.2720967356904,,1532.9393523274932,,Zone-111,3.0,,,,4,0,0,0,1,0,0,0,10,3,2005-05-01 00:00:00.000000,DIP,19,DIP,90,3.0,,0.0,37.583528121803496,3.0,3.0,6,3,18
314,wM-441,DIP,12,4.0,6.657334344927695,0.0,516.2075765178387,0.0,36.42567358026304,642.2720967356904,,1530.152606118538,,Zone-111,3.0,,,,7,0,0,0,1,0,0,0,10,3,2005-05-01 00:00:00.000000,DIP,19,DIP,90,3.0,,0.0,36.71613330295225,3.0,3.0,6,3,18
315,wM-442,DIP,8,2.0,751.7353086323823,733.9659563012164,0.0,2.562629437579683,56.31406852279835,95.74492345096316,,620.9228423435223,,Zone-146,1.0,,,,4,5,0,0,1,0,0,0,7,3,2005-01-01 00:00:00.000000,DIP,19,DIP,90,3.0,,0.0,0.543661494483134,0.0,2.0,6,2,12
316,wM-443,DIP,12,3.0,751.7353086323823,733.9659563012164,0.0,4.589570083586678,53.84165944974044,92.29218746397066,,621.4673793503821,,Zone-146,1.0,,,,7,5,0,0,1,0,0,0,7,3,2005-01-01 00:00:00.000000,DIP,19,DIP,90,3.0,,0.0,0.543661494483134,0.0,2.0,6,2,12
317,wM-444,CAS,6,382.0,380.0653202393282,362.6511739713554,0.0,0.0,71.00654611626953,0.0,,23.84699931264384,,Zone-148,1.0,,,,4,10,0,7,1,0,0,0,7,5,1979-01-01 00:00:00.000000,CAS,45,CAS,75,6.0,,0.0,4.276983031545816,1.0,4.0,10,4,40
319,wM-446,CAS,6,802.0,378.95875725852846,361.1390661913639,0.0,0.0,20.84191931814352,289.3544854257319,,58.514157338991375,,Zone-117,18.0,Connected,,,4,0,0,5,5,10,0,0,7,4,1976-01-01 00:00:00.000000,CAS,48,CAS,75,7.0,,0.0,0.0028079173344812,0.0,4.0,8,4,32
320,wM-447,CAS,6,8.0,762.2765159879733,744.6069362000995,0.0,0.0,86.24073761802515,76.81998529048536,,202.1297368592244,,Zone-134,5.0,,,,4,5,0,0,1,0,0,0,7,3,1979-01-01 00:00:00.000000,CAS,45,CAS,75,6.0,,0.0,4.397381404187674,1.0,4.0,6,4,24
321,wM-448,CAS,4,10.0,769.8528469387708,752.1808041465542,0.0,0.0,86.24073761802515,84.3962851492335,,206.96783056807067,,Zone-134,5.0,,,,4,5,0,0,1,0,0,0,7,3,1980-06-01 00:00:00.000000,CAS,44,CAS,75,6.0,,0.0,4.397381404187674,1.0,4.0,6,4,24
324,wM-451,DIP,12,4.0,279.273897477077,339.97001321561936,0.0,0.0,40.74859483348983,668.0768961463696,,984.5507714528752,,Zone-26,6.0,,,,7,0,0,0,1,0,0,0,7,2,2005-01-01 00:00:00.000000,DIP,19,DIP,90,3.0,,0.0,12.482604358824638,1.0,2.0,4,2,8
325,wM-452,DIP,12,8.0,11.415054086857555,280.5860644669648,1326.1473312792757,298.37651998209776,477.0562405799338,2503.794469054415,,1309.5213108538649,,Zone-108,3.0,,,,7,0,0,0,1,0,0,0,0,1,2005-05-01 00:00:00.000000,DIP,19,DIP,90,3.0,,0.0,0.0,0.0,2.0,1,2,2
326,wM-453,DIP,8,369.0,0.0,0.0,0.0,0.0,25.929099945249902,326.3264314879623,,954.8334868233144,,Zone-150,1.0,,,,4,0,0,0,1,0,0,0,10,3,1980-06-01 00:00:00.000000,DIP,44,DIP,90,5.0,,0.0,12.781741041868496,1.0,3.0,6,3,18
327,wM-454,DIP,8,26.0,337.8662054988843,320.1171973001575,0.0,0.0,52.60588216715311,300.564410817407,,950.9508949784188,,Zone-151,,,,,4,0,0,0,0,0,0,0,7,2,1980-06-01 00:00:00.000000,DIP,44,DIP,90,5.0,,0.0,4.0282597192873215,0.0,3.0,4,3,12
328,wM-455,PVC,12,19.0,368.46155669792495,350.70971141850873,0.0,0.0,65.34688710390178,295.70416836320527,,931.8335716432588,,Zone-131,4.0,,,,7,0,0,0,1,0,0,0,7,2,1978-01-01 18:34:00.000000,PVC,46,PVC,100,5.0,,0.0,,0.0,3.0,4,3,12
329,wM-456,DIP,8,3.0,1.125007530773688,0.0,369.69019401699023,1.899742680089716,100.60554762745228,700.8878424542497,,1077.9904743681502,,Zone-152,,,,,4,0,0,0,0,0,0,0,10,2,2002-12-01 00:00:00.000000,DIP,22,DIP,90,3.0,,0.0,13.082383219759128,1.0,2.0,4,2,8
330,wM-457,DIP,8,6.0,0.0,0.0,363.7055927777264,0.0,95.66562794974652,694.9596962616349,,1077.805399093755,,Zone-152,,,,,4,0,0,0,0,0,0,0,10,2,1980-06-01 00:00:00.000000,DIP,44,DIP,90,5.0,,0.0,12.977908425095665,1.0,3.0,4,3,12
331,wM-458,DIP,8,2.0,0.0,0.0,359.3935170014626,0.0,84.18117966172927,698.889236264772,,813.551940060465,,Zone-37,3.0,,,,4,0,0,0,1,0,0,0,10,3,2002-12-01 00:00:00.000000,DIP,22,DIP,90,3.0,,0.0,19.988807073737807,2.0,2.0,6,2,12
332,wM-459,DIP,8,28.0,0.0,0.0,331.64376856206843,0.0,86.57110169711044,701.2796597723204,,814.9478078893034,,Zone-153,1.0,,,,4,0,0,0,1,0,0,0,10,3,2002-12-01 00:00:00.000000,DIP,22,DIP,90,3.0,,0.0,21.148597259627305,2.0,2.0,6,2,12
333,wM-460,DIP,8,3.0,0.0,0.0,361.78095219696326,0.0,84.18117966172927,698.889236264772,,811.1761837641269,,Zone-37,3.0,,,,4,0,0,0,1,0,0,0,10,3,2002-12-01 00:00:00.000000,DIP,22,DIP,90,3.0,,0.0,19.90706069297571,2.0,2.0,6,2,12
334,wM-461,DIP,8,368.0,0.0,0.0,371.63788594838894,3.825723625145145,2.41027702516983,702.8966325551116,,1081.5966365592503,,Zone-154,5.0,,,,4,0,10,0,1,0,0,0,10,4,1980-06-01 00:00:00.000000,DIP,44,DIP,90,5.0,,0.0,13.188641769465686,1.0,3.0,8,3,24
335,wM-462,DIP,8,2.0,0.0,0.0,455.0454150151931,5.302374009631673,88.42815034352269,742.9952499116469,,1514.2540297531448,,Zone-96,2.0,,,,4,0,0,0,1,0,0,0,10,3,2002-12-01 00:00:00.000000,DIP,22,DIP,90,3.0,,0.0,0.1567380693550071,0.0,2.0,6,2,12
336,wM-463,DIP,8,4.0,0.0,0.0,456.06017426890816,4.003981581063459,85.27196369381618,744.4027568329361,,1515.630187202566,,Zone-96,2.0,,,,4,0,0,0,1,0,0,0,10,3,2002-12-01 00:00:00.000000,DIP,22,DIP,90,3.0,,0.0,0.172058211889825,0.0,2.0,6,2,12
337,wM-464,DIP,12,826.0,0.0,0.0,321.61555864200614,0.0,18.673558536012173,1037.1949128418364,,1285.1212818854628,,Zone-155,7.0,,,,7,0,5,0,1,0,0,0,10,3,1980-06-01 00:00:00.000000,DIP,44,DIP,90,5.0,,0.0,36.83721975267417,3.0,4.0,6,4,24
338,wM-465,PVC,6,10.0,0.0,4.03921142485126,663.0792212625469,20.443531960629063,42.85611016877702,1519.3107204201958,,1634.81709443635,,Zone-156,,,,,4,0,0,0,0,0,0,0,9,2,1980-06-01 00:00:00.000000,PVC,44,PVC,100,5.0,,0.0,,0.0,3.0,4,3,12
339,wM-466,CAS,12,3.0,254.48881038689825,237.3690323667639,0.0,0.0,68.00186240162812,1106.913449612318,,1437.6094372888751,,Zone-87,,,,,7,0,0,0,0,0,0,0,7,2,1998-01-01 00:00:00.000000,CAS,26,CAS,75,4.0,,0.0,0.0,0.0,2.0,4,2,8
340,wM-468,DIP,6,5.0,1801.757325866352,1791.5272634215976,66.4975147508503,11.44168530033099,83.64030615053603,3821.999445668273,,226.5673643318448,,Zone-16,7.0,,,,4,0,0,0,1,0,0,0,0,1,1980-01-01 18:52:00.000000,DIP,44,DIP,90,5.0,,0.0,0.0,0.0,3.0,1,3,3
341,wM-469,PVC,6,1.0,2065.694265159909,2057.149545965885,0.0,0.0,63.296228447586266,3492.804192382948,,281.04478680192057,,Zone-16,7.0,,,,4,0,0,0,1,0,0,0,7,2,1984-12-01 00:00:00.000000,PVC,40,PVC,100,4.0,,0.0,,0.0,2.0,4,2,8
342,wM-470,DIP,6,673.0,1039.0165008874092,1027.433970156254,0.0,0.0,36.15652846773558,3119.794640757287,,910.8166769908964,,Zone-19,12.0,,,,4,0,0,0,5,0,0,0,7,3,1985-01-01 18:49:00.000000,DIP,39,DIP,90,5.0,,0.0,158.4526324717891,8.0,5.0,6,5,30
343,wM-471,DIP,6,9.0,1530.1920575200404,1512.383636482362,0.0,0.0,80.88674053517117,3113.46491925188,,917.3298490432544,,Zone-13,16.0,,,,4,0,0,0,5,0,0,0,7,3,2024-08-01 00:00:00.000000,DIP,0,DIP,90,1.0,,0.0,160.07572686602666,8.0,3.0,6,3,18
344,wM-472,DIP,6,253.0,449.81805360060673,467.2937862118845,383.2860582994876,144.37706327029932,20.49081900127476,1154.5835692515052,,1482.168799663741,,Zone-157,1.0,,,,4,0,0,0,1,0,0,0,0,1,1980-01-01 18:11:00.000000,DIP,44,DIP,90,5.0,,0.0,12.025130950087307,1.0,3.0,1,3,3
345,wM-473,DIP,4,158.0,320.2834820234387,315.6797378904307,351.9822131320702,0.0,5.781801232006124,1022.5599249768602,,1332.5140548871907,,Zone-157,1.0,,,,4,0,5,0,1,0,0,0,6,2,1980-01-01 18:12:00.000000,DIP,44,DIP,90,5.0,,0.0,16.092411320996987,2.0,3.0,4,3,12
346,wM-474,DIP,4,4.0,317.3863901248348,312.34960897664286,351.98065832253405,0.0,50.53138451321376,1019.6072465858934,,1329.190101090098,,Zone-158,,,,,4,0,0,0,0,0,0,0,6,2,1980-01-01 00:00:00.000000,DIP,44,DIP,90,5.0,,0.0,16.15958848898836,2.0,3.0,4,3,12
347,wM-475,DIP,8,4.0,0.0,0.0,358.1703090436937,0.0,50.61876012877904,718.0468176392461,,2055.3947139085817,,Zone-159,,,,,4,0,0,0,0,0,0,0,10,2,2002-12-01 00:00:00.000000,DIP,22,DIP,90,3.0,,0.0,8.97806826335609,1.0,2.0,4,2,8
348,wM-476,DIP,8,3.0,0.0,0.0,358.33124039084186,1.713542323079773,48.569773820032985,718.1084061188664,,2058.5047533830502,,Zone-159,,,,,4,0,0,0,0,0,0,0,10,2,2002-12-01 00:00:00.000000,DIP,22,DIP,90,3.0,,0.0,8.956055510744122,1.0,2.0,4,2,8
349,wM-477,PVC,12,3.0,0.0,0.0,358.3324105485681,1.564283741506972,50.60878497896664,714.7567880511285,,2056.381739556316,,Zone-53,1.0,,,,7,0,0,0,1,0,0,0,10,3,2002-12-01 00:00:00.000000,PVC,22,PVC,100,3.0,,0.0,,0.0,2.0,6,2,12
350,wM-478,DIP,8,13.0,0.0,0.0,328.3391023184277,0.0,95.89179443884152,707.2915353492278,,1144.5352196596048,,Zone-85,4.0,,,,4,0,0,0,1,0,0,0,10,3,2002-12-01 00:00:00.000000,DIP,22,DIP,90,3.0,,0.0,20.84068083274573,2.0,2.0,6,2,12
351,wM-480,DIP,12,56.0,33.525335240722896,17.20823582688398,242.37391554531035,0.0,47.89655760084406,746.5371501078808,,1178.9555238987564,,Zone-85,4.0,,,,7,0,0,0,1,0,0,0,6,2,1999-04-01 00:00:00.000000,DIP,25,DIP,90,3.0,,0.0,24.41070860202324,2.0,2.0,4,2,8
352,wM-481,DIP,8,30.0,3.617425557967246,0.0,298.4050330680233,0.0,75.74364245880592,716.5938158597753,,1152.719250100273,,Zone-85,4.0,,,,4,0,0,0,1,0,0,0,10,3,2002-12-01 00:00:00.000000,DIP,22,DIP,90,3.0,,0.0,22.07529811712123,2.0,2.0,6,2,12
353,wM-482,DIP,8,8.0,0.0,0.0,337.114398768016,0.855783347081495,108.22105653460711,705.1708427194563,,1115.2106149331612,,Zone-160,,,,,4,0,0,0,0,0,0,0,10,2,1995-01-01 18:18:00.000000,DIP,29,DIP,90,4.0,,0.0,20.900647792314807,2.0,3.0,4,3,12
354,wM-483,DIP,8,2.0,0.0,0.0,335.1885951213352,5.744946706128346,106.8857769287804,713.2798693970526,,1122.4707360819286,,Zone-85,4.0,,,,4,0,0,0,1,0,0,0,10,3,1995-01-29 18:19:00.000000,DIP,29,DIP,90,4.0,,0.0,20.9813748013618,2.0,3.0,6,3,18
355,wM-484,PVC,12,60.0,1.023947651096119,0.0,328.3391023184277,0.0,100.76021972695088,715.2506733175976,,1124.2044971703615,,Zone-85,4.0,,,,7,0,0,0,1,0,0,0,10,3,1997-01-01 00:00:00.000000,PVC,27,PVC,100,3.0,,0.0,,0.0,2.0,6,2,12
356,wM-485,DIP,6,15.0,0.0,93.13563346126986,371.1766228086904,355.72122443196065,11.317515764565632,715.6104591414067,,1358.6483413698988,,Zone-88,,,,,4,0,5,0,0,0,0,0,9,3,2002-12-01 00:00:00.000000,DIP,22,DIP,90,3.0,,0.0,0.0,0.0,2.0,6,2,12
357,wM-486,DIP,12,66.0,0.0,0.0,285.70018061564,0.0,33.26092256920321,702.425965176501,,765.9761674127316,,Zone-62,2.0,,,,7,0,0,0,1,0,0,0,10,3,2002-12-01 00:00:00.000000,DIP,22,DIP,90,3.0,,0.0,0.0,0.0,2.0,6,2,12
358,wM-487,DIP,8,29.0,0.0,0.0,327.90157445290293,4.009160147318885,65.40924307373031,708.8620374362744,,481.1089729735442,,Zone-161,2.0,,,,4,0,0,0,1,0,0,0,10,3,2002-12-01 00:00:00.000000,DIP,22,DIP,90,3.0,,0.0,8.343297737987502,1.0,2.0,6,2,12
359,wM-488,DIP,8,58.0,0.0,0.0,315.6700008656585,5.040017964448004,57.292275668695375,650.5072551017762,,422.9108040253348,,Zone-161,2.0,,,,4,0,0,0,1,0,0,0,10,3,2002-12-01 00:00:00.000000,DIP,22,DIP,90,3.0,,0.0,7.333680266489539,1.0,2.0,6,2,12
360,wM-489,DIP,8,2.0,1.208656299283127,0.0,369.69019401699023,1.899742680089716,101.44538747488784,700.950352132033,,1080.7269750550722,,Zone-152,,,,,4,0,0,0,0,0,0,0,10,2,1980-06-01 00:00:00.000000,DIP,44,DIP,90,5.0,,0.0,13.045101163431944,1.0,3.0,4,3,12
361,wM-490,DIP,8,102.0,0.0,1.767764121995953,445.35158762260073,7.460146305203993,36.68110212148351,712.6476527814102,,1414.9669717130976,,Zone-154,5.0,,,,4,0,0,0,1,0,0,0,9,2,2002-12-01 00:00:00.000000,DIP,22,DIP,90,3.0,,0.0,1.29270035157188,0.0,2.0,4,2,8
362,wM-491,DIP,8,3.0,0.0,0.0,453.5550268656243,5.302374009631673,88.42815034352269,742.2284252364387,,1516.430638605234,,Zone-96,2.0,,,,4,0,0,0,1,0,0,0,10,3,2002-12-01 00:00:00.000000,DIP,22,DIP,90,3.0,,0.0,0.1478932562394154,0.0,2.0,6,2,12
363,wM-492,DIP,8,21.0,0.0,361.1256762606236,1096.8457110259685,378.9039110407848,89.9585015877208,1336.3991940661656,,2182.0917179041708,,Zone-42,8.0,,,,4,0,0,0,1,0,0,0,9,2,2002-12-01 00:00:00.000000,DIP,22,DIP,90,3.0,,0.0,0.0,0.0,2.0,4,2,8
364,wM-493,CAS,6,3.0,410.9004303539328,413.80435663705,2.56693249626143,2.814646500855187,81.70766831189091,300.25061340627207,,1503.5169328174316,,Zone-133,1.0,,,,4,0,0,0,1,0,0,0,0,1,1967-01-01 19:37:00.000000,CAS,57,CAS,75,8.0,,0.0,0.0,0.0,4.0,1,4,4
365,wM-494,CAS,6,2.0,409.0480697306159,411.8556847591109,5.164000544905306,5.187908128344018,83.99767417848123,302.91259934244454,,1503.8475779476255,,Zone-133,1.0,,,,4,0,0,0,1,0,0,0,0,1,1967-01-01 19:37:00.000000,CAS,57,CAS,75,8.0,,0.0,0.0,0.0,4.0,1,4,4
366,wM-495,CAS,6,3.0,782.5508785267431,799.3462551475336,73.77896523782307,0.0,215.67517108204424,84.53130759512008,,1510.1353581699827,,Zone-129,2.0,,,,4,5,0,0,1,0,0,0,6,2,1967-01-01 00:00:00.000000,CAS,57,CAS,75,8.0,,0.0,0.8135606618734182,0.0,4.0,4,4,16
367,wM-496,CAS,6,84.0,785.7354979792855,802.6029744932079,0.0,0.0,215.67517108204424,87.5155923047171,,1510.5864820480767,,Zone-129,2.0,,,,4,5,0,0,1,0,0,0,7,3,1970-01-01 17:26:00.000000,CAS,54,CAS,75,8.0,,0.0,0.8135606618734182,0.0,4.0,6,4,24
368,wM-497,DIP,12,9.0,1297.1479187997495,1279.6360670616632,0.0,0.0,217.66909524501847,802.1378203760837,,1520.5910647772976,,Zone-98,6.0,,,,7,0,0,0,1,0,0,0,7,2,1980-06-01 00:00:00.000000,DIP,44,DIP,90,5.0,,0.0,8.829110042052207,1.0,3.0,4,3,12
369,wM-498,DIP,8,5.0,363.6296594728217,345.878225063778,0.0,0.0,70.38783853359146,295.7327838465951,,950.2471963393658,,Zone-131,4.0,,,,4,0,0,0,1,0,0,0,7,2,1980-06-01 00:00:00.000000,DIP,44,DIP,90,5.0,,0.0,4.107506076633891,0.0,3.0,4,3,12
370,wM-501,DIP,16,90.0,478.8644685486023,533.5326047142967,86.38455865399585,0.0,69.28042549883124,1421.6980902885073,,1495.3297947470016,,Zone-162,,,,,7,0,0,0,0,0,0,0,6,2,1999-03-01 00:00:00.000000,DIP,25,DIP,90,3.0,,0.0,0.0,0.0,2.0,4,2,8
372,wM-506,DIP,16,4.0,483.19261234199615,529.9525064724353,82.3416288581673,0.0,113.39909771633184,1502.6452793660628,,1564.914715457085,,Zone-162,,,,,7,0,0,0,0,0,0,0,6,2,1999-03-01 00:00:00.000000,DIP,25,DIP,90,3.0,,0.0,0.0,0.0,2.0,4,2,8
373,wM-507,CAS,6,40.0,264.3312975596531,346.7107501255696,139.7988663506626,0.0,38.54781016435685,1337.521014916938,,1563.0015395746564,,Zone-164,,,,,4,0,0,0,0,0,0,0,6,2,1999-03-01 00:00:00.000000,CAS,25,CAS,75,4.0,,0.0,0.0,0.0,2.0,4,2,8
375,wM-509,CAS,6,4.0,259.93418790108893,343.92490889041534,161.28262940011123,0.0,66.43862497513987,1344.0696485620242,,1582.0740650043504,,Zone-89,4.0,,,,4,0,0,0,1,0,0,0,6,2,1999-03-01 00:00:00.000000,CAS,25,CAS,75,4.0,,0.0,0.0,0.0,2.0,4,2,8
376,wM-510,CAS,12,23.0,259.93418790108893,343.92490889041534,141.18348942530864,0.0,58.972403393174254,1345.015365048238,,1585.7647186420563,,Zone-89,4.0,,,,7,0,0,0,1,0,0,0,6,2,1999-03-01 00:00:00.000000,CAS,25,CAS,75,4.0,,0.0,0.0,0.0,2.0,4,2,8
377,wM-511,CAS,12,9.0,346.1031894714179,398.4730645415952,0.0,0.0,31.23462934633033,1518.267991716628,,1656.9815146812437,,Zone-91,15.0,,,,7,0,0,0,5,0,0,0,7,3,1999-03-01 00:00:00.000000,CAS,25,CAS,75,4.0,,0.0,0.0,0.0,2.0,6,2,12
378,wM-512,DIP,6,3.0,1188.130968050202,2410.967223808,1600.1486718063995,1213.7741128126772,1584.19464111749,702.356940623146,,1606.6037731140943,,Zone-80,9.0,,,,4,0,0,0,1,0,0,0,0,1,1995-01-01 00:00:00.000000,DIP,29,DIP,90,4.0,,0.0,0.0,0.0,2.0,1,2,2
379,wM-513,DIP,8,6.0,1188.203230714891,2411.029757409283,1599.9115201188952,1213.7741128126772,1584.7256712959295,702.2217908275669,,1606.6037731140943,,Zone-80,9.0,,,,4,0,0,0,1,0,0,0,0,1,1995-01-01 00:00:00.000000,DIP,29,DIP,90,4.0,,0.0,0.0,0.0,2.0,1,2,2
380,wM-514,DIP,8,784.0,0.0,608.0359131106957,371.96595898592017,353.68639768827893,79.69066990117378,700.9770546428214,,935.1651088566716,,Zone-85,4.0,,,,4,0,0,0,1,0,0,0,9,2,2003-01-01 18:23:00.000000,DIP,21,DIP,90,3.0,,0.0,4.522526744643209,0.0,2.0,4,2,8
381,wM-515,DIP,8,2.0,169.69346324707251,1391.817945476432,984.0571826281508,579.1324099669821,591.9196071356873,710.1344291695228,,1052.494152505412,,Zone-85,4.0,,,,4,0,0,0,1,0,0,0,0,1,1995-01-01 00:00:00.000000,DIP,29,DIP,90,4.0,,0.0,0.0,0.0,2.0,1,2,2
382,wM-516,DIP,6,75.0,0.0,0.0,448.81666127900354,0.0,42.26821429397828,249.2912648076725,,1602.2923772147367,,Zone-140,1.0,,,,4,0,0,0,1,0,0,0,10,3,2005-05-01 00:00:00.000000,DIP,19,DIP,90,3.0,,0.0,1.4514294832561307,0.0,2.0,6,2,12
383,wM-517,DIP,6,29.0,16.647436203789443,0.0,534.2932152492936,0.0,17.04341920001226,253.8406889645556,,1563.7028965769275,,Zone-60,8.0,,,,4,0,5,0,1,0,0,0,10,3,2005-05-01 00:00:00.000000,DIP,19,DIP,90,3.0,,0.0,0.5670804427245675,0.0,2.0,6,2,12
384,wM-128,CAS,6,397.0,363.6567436142162,347.3310203798802,0.0,0.0,21.33327572953516,3161.3443688276475,,1583.2998715519996,,Zone-20,16.0,,,,4,0,0,0,5,0,0,0,7,3,1955-01-01 00:00:00.000000,CAS,69,CAS,75,10.0,2.0,10.0,74.41658444694755,7.0,10.0,6,10,60
385,wM-519,CAS,4,904.0,849.9990222924127,839.9113989936488,0.0,0.0,47.872203777197456,1707.99793729591,,1469.2048895290986,,Zone-165,12.0,,,,4,0,0,0,5,0,0,0,7,3,1971-01-01 18:35:00.000000,CAS,53,CAS,75,8.0,,0.0,29.996717929628005,3.0,5.0,6,5,30
386,wM-520,CAS,4,823.0,790.8592396211524,785.1973326002477,0.0,0.0,29.506396064137743,1646.4386141812715,,1411.0475376380991,,Zone-166,12.0,,,,4,0,0,0,5,0,0,0,7,3,1983-01-01 17:44:00.000000,CAS,41,CAS,75,6.0,,0.0,31.142901671621523,3.0,4.0,6,4,24
388,wM-526,DIP,8,418.0,0.0,0.0,68.16521665902457,0.0,8.014824788211145,1023.8522709843598,,1285.1978566283367,,Zone-167,4.0,,,,4,0,5,0,1,0,0,0,10,3,2024-01-01 00:00:00.000000,DIP,0,DIP,90,1.0,,0.0,31.632582474190748,3.0,2.0,6,2,12
389,wM-527,DIP,8,48.0,306.3691421608576,354.13636035675046,23.16512765305572,5.162583350860523,63.07933484304992,1437.0162259560495,,1658.856556300491,,Zone-167,4.0,,,,4,0,0,0,1,0,0,0,0,1,2024-01-01 00:00:00.000000,DIP,0,DIP,90,1.0,,0.0,31.61179351529739,3.0,2.0,1,2,2
390,wM-530,DIP,8,27.0,364.4154402064274,419.6451283119311,2.985960277376293,0.0,85.93002529544249,1501.5195413612205,,1726.3956005049013,,Zone-168,,,,,4,0,0,0,0,0,0,0,6,2,2024-01-01 00:00:00.000000,DIP,0,DIP,90,1.0,,0.0,30.87157269179846,3.0,2.0,4,2,8
391,wM-531,DIP,8,490.0,367.2186705230301,431.03949309302254,0.0,0.0,16.13676470353134,1514.0130374807989,,1729.6676196390404,,Zone-169,3.0,,,,4,0,5,0,1,0,0,0,7,3,2024-01-01 00:00:00.000000,DIP,0,DIP,90,1.0,,0.0,30.8180863615386,3.0,2.0,6,2,12
392,wM-532,DIP,8,46.0,749.0084442897048,793.689009684448,0.550583281172052,0.0,115.19075468451352,1974.7784789660373,,2170.740242687933,,Zone-66,3.0,,,,4,0,0,0,1,0,0,0,6,2,2024-01-01 00:00:00.000000,DIP,0,DIP,90,1.0,,0.0,9.549652084177932,1.0,1.0,4,1,4
393,wM-535,DIP,8,25.0,344.5016687068453,402.3248778009421,2.985960277376293,0.0,109.49937462354532,1485.2740132024646,,1703.169270294983,,Zone-168,,,,,4,0,0,0,0,0,0,0,6,2,2024-01-01 00:00:00.000000,DIP,0,DIP,90,1.0,,0.0,31.228473563301367,3.0,2.0,4,2,8
394,wM-536,DIP,8,12.0,371.141142191636,414.38092414754186,27.81481067516765,0.0,75.87190361005395,1495.3882341575072,,1724.592563414369,,Zone-68,11.0,,,,4,0,0,0,5,0,0,0,6,3,2024-01-01 00:00:00.000000,DIP,0,DIP,90,1.0,,0.0,30.68564790249035,3.0,2.0,6,2,12
395,wM-537,DIP,8,4.0,364.4154402064274,427.4996075515896,0.66487894332618,0.0,110.67167715069058,1510.4755880769846,,1726.3956005049013,,Zone-168,,,,,4,0,0,0,0,0,0,0,6,2,2024-01-01 00:00:00.000000,DIP,0,DIP,90,1.0,,0.0,30.87157269179846,3.0,2.0,4,2,8
396,wM-538,DIP,8,7.0,755.025412817481,784.466999085374,0.0,0.0,104.90004798554853,2002.7726685345049,,2190.2976571571094,,Zone-170,1.0,,,,4,0,0,0,1,0,0,0,7,2,2024-01-01 00:00:00.000000,DIP,0,DIP,90,1.0,,0.0,8.12684509760034,1.0,1.0,4,1,4
397,wM-539,DIP,8,10.0,760.7625237959363,788.5049350635147,0.0,0.0,106.695643769034,2008.7753626859928,,2197.11229603572,,Zone-170,1.0,,,,4,0,0,0,1,0,0,0,7,2,2024-01-01 00:00:00.000000,DIP,0,DIP,90,1.0,,0.0,7.768624035509678,1.0,1.0,4,1,4
398,wM-541,DIP,8,54.0,760.7625237959363,788.5049350635147,0.0,0.0,78.65189941596971,2009.8499989114364,,2197.11229603572,,Zone-170,1.0,,,,4,0,0,0,1,0,0,0,7,2,2024-01-01 00:00:00.000000,DIP,0,DIP,90,1.0,,0.0,7.743054840415863,1.0,1.0,4,1,4
399,wM-542,DIP,8,373.0,803.6436856980429,819.2606405378187,13.937979546132953,6.702485366133674,35.91170467754927,2064.097364111443,,2248.9563894591606,,Zone-171,3.0,,,,4,0,0,0,1,0,0,0,0,1,2024-01-01 00:00:00.000000,DIP,0,DIP,90,1.0,,0.0,5.015987320314408,0.0,1.0,1,1,1
400,wM-30,DIP,8,18.0,2051.9410411923504,2034.2422427001443,0.0,0.0,62.44730781027536,2766.0867413097144,,452.7078225880862,,Zone-14,6.0,,,,4,0,0,0,1,0,0,0,7,2,2024-08-01 00:00:00.000000,DIP,0,DIP,90,1.0,,0.0,0.0,0.0,1.0,4,1,4
401,wM-14,DIP,12,39.0,1347.8666377587735,1330.0584962110954,1.010590813149989,0.0,71.33625798457227,2118.463052833915,,1375.505329980857,,Zone-8,11.0,,,,7,0,0,0,5,0,0,0,6,3,2024-08-01 00:00:00.000000,DIP,0,DIP,90,1.0,,0.0,140.6398021566872,7.0,3.0,6,3,18
402,wM-218,DIP,4,56.0,1342.564332574524,1325.0095751480137,1.010590813149989,0.0,32.24960563533335,2062.39404950788,,1411.220767604232,,Zone-8,11.0,,,,4,0,0,0,5,0,0,0,6,3,2024-08-01 00:00:00.000000,DIP,0,DIP,90,1.0,,0.0,140.6398021566872,7.0,3.0,6,3,18
403,wM-226,DIP,4,35.0,723.1122857735562,705.2919467561798,0.0,0.0,37.7814561072861,1698.79162358323,,2142.5234090376985,,Zone-52,11.0,,,,4,0,0,0,5,0,0,0,7,3,2024-08-01 00:00:00.000000,DIP,0,DIP,90,1.0,,0.0,122.68881740095092,6.0,2.0,6,2,12
404,wM-144,DIP,4,35.0,688.2694600020158,670.4617915232943,0.0,0.0,35.4327688165181,1735.5421998017348,,2141.6811670621864,,Zone-49,17.0,,,,4,0,0,0,5,0,0,0,7,3,2024-08-01 00:00:00.000000,DIP,0,DIP,90,1.0,,0.0,122.70855870324252,6.0,2.0,6,2,12
405,wM-549,DIP,6,16.0,19.43131754080512,2.173866403759632,723.7408447208308,0.0,76.17047605123417,2140.167415140491,,2404.724774159788,,Zone-5,5.0,,,,4,0,0,0,1,0,0,0,6,2,2024-08-01 00:00:00.000000,DIP,0,DIP,90,1.0,,0.0,4.678149157159544,0.0,1.0,4,1,4
406,wM-590,CAS,4,491.0,791.5304399347255,782.8965094918518,0.0,0.0,42.125245289815055,1655.8887698669266,,1556.171707579764,,Zone-172,,,,,4,0,0,0,0,0,0,0,7,2,1979-01-01 00:00:00.000000,CAS,45,CAS,75,6.0,,0.0,0.1200336775841618,0.0,3.0,4,3,12
